{"type": "FeatureCollection", "features": [{"type": "Feature", "properties": {"state_name": "Lakshadweep", "stname": "LAKSHADWEEP", "state_lgd": 31, "id": 18}, "geometry": {"type": "MultiPolygon", "coordinates": [[[[73.0128626, 8.3033403], [73.0132528, 8.3035077], [73.0129351, 8.3035799], [73.0128626, 8.3033403]]], [[[73.0352463, 8.265626], [73.0652112, 8.2861563], [73.0776446, 8.3254973], [73.046988, 8.2766684], [73.0170049, 8.2768639], [73.0352463, 8.265626]]], [[[72.2832271, 10.0422138], [72.2879641, 10.0466993], [72.289809, 10.0542757], [72.2847851, 10.0474441], [72.2832271, 10.0422138]]], [[[73.6295935, 10.069721], [73.6304875, 10.0693956], [73.6309253, 10.0697843], [73.6295935, 10.069721]]], [[[73.6321066, 10.0699064], [73.6321978, 10.0710861], [73.631541, 10.0701233], [73.6321066, 10.0699064]]], [[[73.6330723, 10.07251], [73.6338643, 10.0734162], [73.6328013, 10.0732754], [73.6330723, 10.07251]]], [[[73.629746, 10.0744611], [73.6304086, 10.0746177], [73.6304213, 10.0749535], [73.629746, 10.0744611]]], [[[73.6270986, 10.0736264], [73.627728, 10.0752718], [73.625443, 10.0735948], [73.6270986, 10.0736264]]], [[[73.6403753, 10.0583345], [73.6469985, 10.0824181], [73.6507349, 10.0994366], [73.6503884, 10.1030664], [73.6433038, 10.0773963], [73.6341954, 10.0723744], [73.6403753, 10.0583345]]], [[[72.3355821, 10.1021684], [72.335928, 10.1075113], [72.334182, 10.1009386], [72.3355821, 10.1021684]]], [[[73.6512555, 10.1098421], [73.6518029, 10.1103077], [73.6513056, 10.1106329], [73.6512555, 10.1098421]]], [[[72.3266231, 10.1309517], [72.3310155, 10.134094], [72.3273606, 10.1398205], [72.3266231, 10.1309517]]], [[[73.6633829, 10.1422603], [73.6569105, 10.1549716], [73.659194, 10.1303453], [73.6633829, 10.1422603]]], [[[72.6489283, 10.5646493], [72.6398565, 10.5803526], [72.6164416, 10.5432784], [72.6489283, 10.5646493]]], [[[72.1681377, 10.8139339], [72.1659207, 10.8158009], [72.1641146, 10.8140427], [72.1681377, 10.8139339]]], [[[73.7009189, 10.8154], [73.6587485, 10.8132186], [73.6709176, 10.8050768], [73.7009189, 10.8154]]], [[[72.2022125, 10.8796355], [72.1939206, 10.8724188], [72.1693728, 10.8192809], [72.202087, 10.8704509], [72.2022125, 10.8796355]]], [[[72.2927472, 10.947175], [72.2839591, 10.9386386], [72.2888032, 10.9367824], [72.2927472, 10.947175]]], [[[72.3157252, 10.9503179], [72.3197965, 10.9471139], [72.326272, 10.9526161], [72.3157252, 10.9503179]]], [[[72.3296018, 10.9527433], [72.3325656, 10.9531008], [72.3327255, 10.9538918], [72.3296018, 10.9527433]]], [[[72.3336768, 10.9545158], [72.3322495, 10.9560252], [72.3331325, 10.9541496], [72.3336768, 10.9545158]]], [[[72.3336123, 10.9574898], [72.3347784, 10.9585884], [72.3334013, 10.9603464], [72.3336123, 10.9574898]]], [[[72.7195074, 11.1150411], [72.7304718, 11.1267625], [72.7329193, 11.1374648], [72.7177997, 11.1283664], [72.7195074, 11.1150411]]], [[[72.77851, 11.2429789], [72.7623308, 11.1852627], [72.7688683, 11.2067665], [72.7763349, 11.2184939], [72.7894601, 11.2614915], [72.77851, 11.2429789]]], [[[73.0076369, 11.4708465], [73.0091778, 11.4886778], [72.9987845, 11.4995163], [72.9974105, 11.4982953], [73.0076369, 11.4708465]]], [[[72.1859607, 11.5997576], [72.1881341, 11.6019582], [72.1845724, 11.6028403], [72.1859607, 11.5997576]]], [[[72.7048055, 11.6838037], [72.7166259, 11.6957777], [72.7157483, 11.7049757], [72.7048055, 11.6838037]]]]}}, {"type": "Feature", "properties": {"state_name": "Kerala", "stname": "KERALA", "state_lgd": 32, "id": 16}, "geometry": {"type": "Polygon", "coordinates": [[[75.0050892, 12.7903116], [74.9890305, 12.7954631], [74.9873075, 12.7829623], [74.9683601, 12.7763615], [74.9581904, 12.7846673], [74.9329261, 12.7805425], [74.8823126, 12.7540486], [74.8645256, 12.7587558], [74.9738137, 12.5003896], [75.0144367, 12.417041], [75.0300901, 12.3923506], [75.0394379, 12.389921], [75.0580645, 12.351704], [75.2010563, 12.006089], [75.2291097, 12.0226058], [75.2503329, 12.0081889], [75.2948534, 11.9457114], [75.3004343, 11.9478716], [75.2952701, 11.9419831], [75.3556824, 11.8598044], [75.3675969, 11.8512531], [75.385108, 11.8564712], [75.436051, 11.8053592], [75.4466655, 11.7820219], [75.4566796, 11.7791169], [75.4536968, 11.770275], [75.4727392, 11.764342], [75.5300367, 11.7035699], [75.5356746, 11.7096673], [75.5442323, 11.7045421], [75.5362261, 11.6935422], [75.5956316, 11.5517735], [75.6162884, 11.4774253], [75.634187, 11.4610275], [75.6452307, 11.4681965], [75.6637327, 11.4624649], [75.6976745, 11.4248778], [75.7318481, 11.3558132], [75.7371689, 11.3238202], [75.7470071, 11.3183681], [75.8027756, 11.1555149], [75.8138767, 11.1489927], [75.8296371, 11.1154986], [75.910101, 10.7861348], [76.0095, 10.5668465], [76.0268696, 10.5754491], [76.0223827, 10.5660018], [76.0307844, 10.5654317], [76.0290612, 10.5546507], [76.0382844, 10.5490175], [76.0404621, 10.5367626], [76.0313259, 10.538454], [76.0305348, 10.5261586], [76.100328, 10.3814749], [76.2185008, 10.0035131], [76.2407671, 9.9676008], [76.2379938, 9.9533632], [76.2608362, 9.8811746], [76.2810854, 9.7663616], [76.3071695, 9.5415466], [76.34158, 9.4033687], [76.4991317, 9.0582225], [76.5354977, 8.9360357], [76.541652, 8.9380341], [76.5353807, 8.9337168], [76.5450852, 8.9072753], [76.5655196, 8.8799091], [76.5925624, 8.874172], [76.6314332, 8.8365297], [76.6986979, 8.7379504], [76.9549218, 8.4265967], [76.9790981, 8.3818492], [77.095982, 8.2930182], [77.1017567, 8.3064705], [77.1227765, 8.3090125], [77.1192083, 8.3210562], [77.1397933, 8.3298679], [77.169294, 8.3329453], [77.1757793, 8.3202904], [77.1808843, 8.3241871], [77.1669434, 8.3427468], [77.1742935, 8.3586329], [77.1675353, 8.3634257], [77.1530172, 8.3551442], [77.161294, 8.373978], [77.1511073, 8.3844717], [77.1609501, 8.3901721], [77.1681862, 8.3838739], [77.181671, 8.3957943], [77.2065999, 8.4447026], [77.2281, 8.4472524], [77.2023841, 8.5011904], [77.214309, 8.5128133], [77.2401242, 8.4970537], [77.2617076, 8.5061524], [77.2838468, 8.5467286], [77.2664259, 8.5851407], [77.2452383, 8.6034352], [77.2440842, 8.6218208], [77.2006927, 8.6690764], [77.2067167, 8.6841955], [77.1700119, 8.7417947], [77.1716253, 8.7505806], [77.1924639, 8.744441], [77.1973286, 8.7688983], [77.2179536, 8.7682363], [77.2130654, 8.7786159], [77.2297089, 8.7845875], [77.2319844, 8.8077263], [77.2470789, 8.8148363], [77.2627578, 8.8419922], [77.2565709, 8.8775668], [77.2376558, 8.8856748], [77.238546, 8.8977398], [77.2212325, 8.903948], [77.2182396, 8.9186879], [77.1927956, 8.926196], [77.1962881, 8.9545831], [77.1855535, 8.9701839], [77.1782023, 8.9690999], [77.1735668, 8.9912258], [77.1616743, 8.9950418], [77.1465553, 9.0218152], [77.161099, 9.0294411], [77.167467, 9.0452995], [77.1974557, 9.0469727], [77.212407, 9.1004824], [77.247284, 9.1246017], [77.2668144, 9.1524608], [77.2651594, 9.1812605], [77.2514261, 9.1886359], [77.2817124, 9.2165701], [77.2741067, 9.235823], [77.2817533, 9.2723184], [77.2885288, 9.2741737], [77.2829873, 9.3013327], [77.2995374, 9.310912], [77.2999727, 9.336653], [77.3252883, 9.3371147], [77.3435965, 9.4008366], [77.336493, 9.4133581], [77.3494059, 9.4411754], [77.3660002, 9.4600822], [77.3771965, 9.4527772], [77.3926119, 9.4593521], [77.3914708, 9.4686854], [77.401716, 9.4768991], [77.3993082, 9.4965688], [77.4123964, 9.5089774], [77.4004158, 9.5178568], [77.4005073, 9.5273638], [77.3851784, 9.5192315], [77.3655637, 9.5350895], [77.3650845, 9.5527292], [77.3502632, 9.5670811], [77.3598908, 9.57738], [77.3574755, 9.5944317], [77.3661436, 9.5959558], [77.3611281, 9.6022617], [77.3545869, 9.6040696], [77.3394908, 9.5733139], [77.3253612, 9.580034], [77.3298993, 9.5989945], [77.3178187, 9.6025049], [77.2697137, 9.5727691], [77.2530671, 9.5829664], [77.2343018, 9.5815453], [77.2089573, 9.6134435], [77.1886794, 9.606101], [77.165863, 9.6128627], [77.1811462, 9.6592063], [77.2067162, 9.6946564], [77.2035557, 9.7221064], [77.2239084, 9.7303734], [77.2202338, 9.7450391], [77.2323997, 9.7685737], [77.2226635, 9.7877918], [77.246666, 9.7978866], [77.2411537, 9.8156346], [77.2217778, 9.8224514], [77.2229353, 9.8448797], [77.237184, 9.8513808], [77.2363075, 9.8596039], [77.2213292, 9.8631333], [77.2124501, 9.8768848], [77.2207465, 9.8844832], [77.2183052, 9.9043073], [77.2300622, 9.9124673], [77.2465424, 9.9513965], [77.2610123, 9.9524869], [77.2728548, 9.9641947], [77.2609107, 9.992679], [77.2661313, 10.0018897], [77.2531936, 10.0128123], [77.2618997, 10.0297252], [77.2039763, 10.0877288], [77.2012649, 10.1058214], [77.2078919, 10.117702], [77.2303802, 10.1205026], [77.2382409, 10.1300773], [77.2677764, 10.1216136], [77.274772, 10.1325466], [77.2753048, 10.1844185], [77.2831173, 10.2086484], [77.2949556, 10.2178984], [77.281937, 10.2365559], [77.2597231, 10.2302741], [77.2571903, 10.2593924], [77.262926, 10.2633319], [77.2277471, 10.315416], [77.2358414, 10.3520066], [77.1766232, 10.3584412], [77.1203924, 10.3179637], [77.0960986, 10.30898], [77.0913588, 10.3139133], [77.0428767, 10.2837672], [77.05262, 10.2725555], [77.0510812, 10.2621094], [77.0144339, 10.245791], [76.9824462, 10.2201204], [76.9393602, 10.2389043], [76.911598, 10.235287], [76.9030047, 10.2402964], [76.8974147, 10.2624354], [76.8734219, 10.2763359], [76.8731353, 10.2984845], [76.8487157, 10.2852781], [76.8301725, 10.3038622], [76.8363083, 10.3460182], [76.8487854, 10.3682287], [76.8236567, 10.3950608], [76.8335848, 10.4077682], [76.8163786, 10.423519], [76.8283259, 10.4501655], [76.8310366, 10.5000327], [76.8430961, 10.5372853], [76.8351726, 10.5464076], [76.8382671, 10.5966673], [76.8173123, 10.6032035], [76.8100973, 10.624181], [76.8145462, 10.6357085], [76.8606584, 10.6323418], [76.8824755, 10.6397071], [76.8784, 10.6750329], [76.8675388, 10.679054], [76.8675891, 10.6947751], [76.8928575, 10.7213567], [76.8882965, 10.7324656], [76.9071513, 10.7823548], [76.900682, 10.8073049], [76.8700596, 10.8083273], [76.8639635, 10.8172743], [76.8481723, 10.8188046], [76.8537835, 10.8389586], [76.8283154, 10.8719096], [76.7814299, 10.8904204], [76.7407874, 10.89097], [76.6590948, 10.9304965], [76.6667853, 10.9683349], [76.6860374, 10.989202], [76.6941643, 11.0215571], [76.7108874, 11.0387217], [76.7376032, 11.0397387], [76.7665998, 11.029093], [76.7918409, 11.0373601], [76.8008596, 11.0539656], [76.7781599, 11.042091], [76.7461289, 11.0548236], [76.7410429, 11.0723369], [76.7545327, 11.0841556], [76.7389837, 11.1043033], [76.7474168, 11.1112025], [76.7482961, 11.1358373], [76.7287541, 11.1304516], [76.7184696, 11.1476406], [76.7052392, 11.1422], [76.6895564, 11.1595744], [76.7002385, 11.1818194], [76.7290386, 11.1910397], [76.7224165, 11.2032683], [76.7314161, 11.2155858], [76.6982698, 11.2396016], [76.6297226, 11.1941737], [76.6007451, 11.2065631], [76.5338098, 11.1967718], [76.5034358, 11.2116087], [76.4723664, 11.2087507], [76.4734705, 11.1949312], [76.4584429, 11.1876815], [76.4519046, 11.199222], [76.4386228, 11.1989612], [76.4489612, 11.2054686], [76.4530879, 11.2393673], [76.5221778, 11.2713381], [76.5262608, 11.288263], [76.5457556, 11.3003103], [76.537299, 11.3140437], [76.5499669, 11.3309934], [76.5478573, 11.3588856], [76.5081846, 11.3541234], [76.5176983, 11.371323], [76.4620823, 11.3874697], [76.4150783, 11.4226273], [76.4187049, 11.4417832], [76.3976773, 11.435023], [76.342226, 11.4675926], [76.3254705, 11.4533289], [76.3051532, 11.4677886], [76.2935189, 11.4656835], [76.284435, 11.4829203], [76.2752784, 11.4769031], [76.2646016, 11.4808925], [76.2475734, 11.4685407], [76.2522865, 11.5000003], [76.2384817, 11.5262669], [76.2504926, 11.5275698], [76.2515054, 11.5377766], [76.2345199, 11.5721472], [76.2789069, 11.6009414], [76.2860953, 11.590196], [76.2959417, 11.590416], [76.3023838, 11.5712256], [76.3358765, 11.5957362], [76.3412509, 11.5872438], [76.3779814, 11.6019097], [76.3880958, 11.6296674], [76.4319165, 11.6309153], [76.443428, 11.6436234], [76.4281813, 11.6699828], [76.4159535, 11.6727928], [76.4034621, 11.7077597], [76.427443, 11.7259771], [76.4181662, 11.7426032], [76.4104784, 11.7420842], [76.4142324, 11.7588481], [76.339738, 11.7390043], [76.3168551, 11.7525914], [76.3076998, 11.7842156], [76.2902361, 11.7928302], [76.2802231, 11.8116075], [76.2455793, 11.8029267], [76.2237192, 11.8082049], [76.2098918, 11.8281694], [76.2074736, 11.8615366], [76.1903863, 11.8712134], [76.1560272, 11.8701382], [76.1199441, 11.8504679], [76.1128639, 11.858712], [76.1123034, 11.9786551], [76.0700967, 11.9670767], [76.0337199, 11.940297], [76.0131181, 11.9417151], [76.0031985, 11.9313917], [75.8704493, 11.9525809], [75.8546088, 11.9641091], [75.8469093, 11.9820057], [75.827257, 11.9876836], [75.8228554, 12.0133676], [75.8099278, 12.0227119], [75.793961, 12.0550295], [75.8025509, 12.0785628], [75.7534847, 12.0841312], [75.7147313, 12.0704428], [75.7179299, 12.0855786], [75.7021323, 12.0922918], [75.7032626, 12.1081714], [75.6871795, 12.110246], [75.6768687, 12.0981976], [75.6619817, 12.0991829], [75.6490802, 12.1093317], [75.6360539, 12.1491749], [75.6190322, 12.1565189], [75.5959049, 12.154316], [75.5929335, 12.1477759], [75.5771974, 12.1577543], [75.5526195, 12.1928471], [75.5326131, 12.2014462], [75.5396896, 12.2168073], [75.5269133, 12.2256892], [75.5053963, 12.270744], [75.4938702, 12.2727882], [75.479403, 12.2954134], [75.430085, 12.2990111], [75.4135599, 12.2912019], [75.4321502, 12.3089948], [75.4202824, 12.318985], [75.4104045, 12.3471932], [75.4219285, 12.3726636], [75.3726109, 12.4002537], [75.3656304, 12.4567452], [75.3862864, 12.4582849], [75.3934039, 12.4513727], [75.4232591, 12.4667794], [75.4161349, 12.5000001], [75.3822308, 12.5020158], [75.3680526, 12.4912125], [75.3725995, 12.4770318], [75.3608176, 12.4649684], [75.3366043, 12.4640823], [75.3415449, 12.4691203], [75.3329972, 12.4983313], [75.3045598, 12.5040772], [75.3040977, 12.5232819], [75.2803098, 12.5253116], [75.270556, 12.5483369], [75.2728866, 12.5689689], [75.2846743, 12.5695683], [75.2905369, 12.582609], [75.3153933, 12.5725372], [75.3264282, 12.5813919], [75.3270134, 12.5923938], [75.3121568, 12.5897188], [75.3018852, 12.605409], [75.2915648, 12.6019484], [75.2763495, 12.6185075], [75.2496979, 12.5845667], [75.2386658, 12.5807074], [75.2374974, 12.569758], [75.2203183, 12.5691025], [75.2094884, 12.5910709], [75.2011422, 12.5877332], [75.2099847, 12.600233], [75.1992578, 12.6120687], [75.2017419, 12.6300226], [75.1829004, 12.6327987], [75.1606831, 12.6221269], [75.138507, 12.6434364], [75.150806, 12.6500563], [75.1620335, 12.6719564], [75.1498768, 12.6733275], [75.1520026, 12.6832406], [75.1325137, 12.6761363], [75.1114575, 12.6818192], [75.1062491, 12.6968145], [75.0860091, 12.7040346], [75.0851661, 12.6747608], [75.0685766, 12.6646703], [75.059814, 12.671766], [75.046642, 12.6675657], [75.040499, 12.6853534], [75.0555861, 12.6934565], [75.0524578, 12.7200811], [75.0009865, 12.7163932], [75.0133996, 12.7279545], [74.9924849, 12.7398851], [74.9832673, 12.7371963], [75.0094483, 12.7675123], [75.0050892, 12.7903116]], [[75.537713, 11.7627976], [75.5464352, 11.7562669], [75.5432424, 11.7344035], [75.5553407, 11.7214688], [75.5478009, 11.7154318], [75.5365344, 11.7192962], [75.5310034, 11.708263], [75.5266879, 11.7266337], [75.5414597, 11.7388889], [75.5312289, 11.7587099], [75.537713, 11.7627976]]]}}, {"type": "Feature", "properties": {"state_name": "Puducherry", "stname": "PUDUCHERRY", "state_lgd": 34, "id": 25}, "geometry": {"type": "MultiPolygon", "coordinates": [[[[79.806951, 10.8776118], [79.8097629, 10.8804241], [79.8060541, 10.8796412], [79.806951, 10.8776118]]], [[[79.7388958, 10.9198795], [79.7398083, 10.9209744], [79.7391665, 10.9214052], [79.7388958, 10.9198795]]], [[[79.7204496, 10.9372355], [79.7229927, 10.937], [79.7224671, 10.9382657], [79.7204496, 10.9372355]]], [[[79.7183422, 10.9548321], [79.7197396, 10.9559454], [79.7183816, 10.9559135], [79.7183422, 10.9548321]]], [[[79.8401311, 11.0015957], [79.8049666, 10.9984478], [79.797787, 10.9824949], [79.7865478, 10.9972388], [79.7471949, 11.0029279], [79.7639621, 10.9597621], [79.7461045, 10.9562888], [79.7447724, 10.9662059], [79.7196915, 10.9685074], [79.7199753, 10.9525971], [79.7326867, 10.9514285], [79.7347929, 10.9577243], [79.7375586, 10.9525755], [79.7233049, 10.935181], [79.7431202, 10.925043], [79.7433773, 10.9148323], [79.7630199, 10.9136069], [79.7562905, 10.8917561], [79.7770017, 10.8965644], [79.7774219, 10.9089494], [79.7893271, 10.9084408], [79.7954071, 10.9027366], [79.7825601, 10.8953252], [79.7836585, 10.8884755], [79.7903567, 10.8948769], [79.7946909, 10.8875381], [79.8285833, 10.8837818], [79.8113016, 10.8803377], [79.8249071, 10.8648283], [79.8117042, 10.8596548], [79.8074914, 10.8654436], [79.8079404, 10.8556101], [79.8210816, 10.8455592], [79.8280894, 10.8496715], [79.8310698, 10.8273827], [79.8507361, 10.8278284], [79.8538164, 10.9832214], [79.8401311, 11.0015957]], [[79.7621795, 10.9015198], [79.7640582, 10.9122191], [79.767886, 10.9017697], [79.7621795, 10.9015198]], [[79.7666362, 10.8986275], [79.7690843, 10.9017611], [79.7704336, 10.9013909], [79.7666362, 10.8986275]]], [[[75.5362261, 11.6935422], [75.5382615, 11.7096083], [75.5288626, 11.702275], [75.5362261, 11.6935422]]], [[[75.5383095, 11.7627171], [75.5312289, 11.7587099], [75.5414597, 11.7388889], [75.5265559, 11.7260594], [75.5310034, 11.708263], [75.5365344, 11.7192962], [75.5478009, 11.7154318], [75.5553407, 11.7214688], [75.542068, 11.7371904], [75.5464352, 11.7562669], [75.5383095, 11.7627171]]], [[[79.6799174, 11.8144315], [79.6745796, 11.8035437], [79.6814236, 11.7962428], [79.6906204, 11.808567], [79.6799174, 11.8144315]]], [[[79.7042346, 11.8134681], [79.6945924, 11.8230393], [79.6929855, 11.8137373], [79.7042346, 11.8134681]]], [[[79.6617783, 11.8394161], [79.6459569, 11.8423101], [79.641051, 11.8227929], [79.6486994, 11.8154023], [79.6712916, 11.8148803], [79.6713112, 11.8236491], [79.6594555, 11.8293999], [79.6617783, 11.8394161]]], [[[79.7377168, 11.8429641], [79.7382054, 11.8369162], [79.7294459, 11.8369555], [79.7357218, 11.8093225], [79.7245226, 11.8104429], [79.7228152, 11.7967922], [79.7129225, 11.7908341], [79.7551006, 11.7752321], [79.765911, 11.7918252], [79.7719387, 11.7821819], [79.7958644, 11.7857206], [79.8070581, 11.833488], [79.7982869, 11.8386999], [79.7975387, 11.8245566], [79.7802195, 11.8318417], [79.767816, 11.822702], [79.764517, 11.8334086], [79.7377168, 11.8429641]]], [[[79.6990708, 11.8612864], [79.6972303, 11.8740805], [79.695996, 11.8603515], [79.6990708, 11.8612864]]], [[[79.7929475, 11.8834849], [79.7915875, 11.8849994], [79.7912494, 11.8839311], [79.7929475, 11.8834849]]], [[[79.6341082, 11.8810569], [79.6249579, 11.8908008], [79.6081525, 11.8768648], [79.5994093, 11.8830066], [79.6020003, 11.8578622], [79.6284554, 11.8697965], [79.6263401, 11.854668], [79.6578178, 11.8526449], [79.6627267, 11.8672545], [79.6485834, 11.8705282], [79.6411586, 11.8866333], [79.6350915, 11.888568], [79.6341082, 11.8810569]]], [[[79.7907146, 11.8945482], [79.7892565, 11.89584], [79.7890209, 11.8950359], [79.7907146, 11.8945482]]], [[[79.6873999, 11.9685433], [79.6621965, 11.9691664], [79.660024, 11.9583911], [79.6528121, 11.9578629], [79.6587837, 11.9500655], [79.6765807, 11.948454], [79.6873999, 11.9685433]]], [[[79.7468468, 12.0075507], [79.7334318, 11.993259], [79.712425, 11.9865537], [79.715027, 11.967637], [79.6956898, 11.9639176], [79.6916609, 11.9513168], [79.7112157, 11.9330695], [79.7096783, 11.9499565], [79.7208911, 11.9448998], [79.7175306, 11.9289861], [79.7406967, 11.9054381], [79.7313099, 11.9032087], [79.7287902, 11.8902056], [79.7111942, 11.8907084], [79.7052793, 11.8939191], [79.7066019, 11.9136213], [79.7186611, 11.9190373], [79.6962026, 11.9191654], [79.695389, 11.8947894], [79.6738452, 11.8916114], [79.6740042, 11.8806956], [79.7098216, 11.8892894], [79.7082647, 11.8690856], [79.7177503, 11.8541398], [79.7211213, 11.8625007], [79.739703, 11.8646412], [79.743106, 11.8483227], [79.7503958, 11.8479251], [79.7574268, 11.8760651], [79.7685282, 11.8759252], [79.7661567, 11.8405463], [79.7758808, 11.8384121], [79.7817342, 11.8557665], [79.8006617, 11.8552695], [79.8078215, 11.8365805], [79.8406359, 11.9557856], [79.8288514, 11.9583284], [79.8126049, 11.9778918], [79.8050735, 11.9532561], [79.7847213, 11.9598625], [79.7715251, 11.9438886], [79.7599437, 11.9435991], [79.762195, 11.928544], [79.7502741, 11.9199056], [79.7445307, 11.9649554], [79.7235047, 11.9770494], [79.7264781, 11.9857583], [79.7419468, 11.9776665], [79.7604238, 11.989201], [79.7623734, 12.0026897], [79.7468468, 12.0075507]], [[79.7692519, 11.9017436], [79.7876673, 11.8968371], [79.7965013, 11.8998864], [79.7923735, 11.8768468], [79.7849579, 11.8629059], [79.7784357, 11.8633985], [79.779202, 11.8778231], [79.7728422, 11.8752207], [79.7692519, 11.9017436]]], [[[79.7924024, 12.0258249], [79.7891081, 12.0182259], [79.8050541, 12.0210014], [79.8043364, 12.0258556], [79.7924024, 12.0258249]]], [[[79.6281695, 12.032263], [79.6192855, 12.0048312], [79.6244504, 11.9920796], [79.6171782, 11.9895527], [79.6243727, 11.9817876], [79.6186069, 11.9699543], [79.6274855, 11.9681465], [79.628404, 11.9451354], [79.6189136, 11.9432169], [79.6184851, 11.9260608], [79.6283768, 11.9194846], [79.6253248, 11.9030273], [79.6365145, 11.9014183], [79.6688693, 11.9182663], [79.670698, 11.9315773], [79.6574844, 11.9480541], [79.6426479, 11.9420999], [79.6484557, 11.9673922], [79.6364377, 11.9778463], [79.6414791, 11.9916276], [79.6360156, 11.9960436], [79.6509994, 12.0218123], [79.6281695, 12.032263]]], [[[79.7042284, 12.0295416], [79.6754777, 12.0213665], [79.6711232, 12.0101171], [79.6605032, 12.0114021], [79.6570248, 11.991387], [79.6739025, 11.9950959], [79.6809296, 11.9834107], [79.6854717, 11.9916406], [79.7179861, 11.9904166], [79.7030473, 12.0081537], [79.7042284, 12.0295416]]], [[[79.8571295, 12.0067685], [79.8736494, 12.042032], [79.8497688, 12.0513117], [79.8409026, 12.0128098], [79.8571295, 12.0067685]]], [[[82.2187862, 16.7399854], [82.2296128, 16.7623608], [82.1824473, 16.7371101], [82.2014107, 16.7205165], [82.2232726, 16.7218567], [82.2612829, 16.7019151], [82.2929953, 16.7096644], [82.3106161, 16.7350373], [82.3015004, 16.7551811], [82.2885057, 16.7349073], [82.2715036, 16.7315124], [82.2348534, 16.7292723], [82.2187862, 16.7399854]]]]}}, {"type": "Feature", "properties": {"state_name": "Tamil Nadu", "stname": "TAMIL NADU", "state_lgd": 33, "id": 29}, "geometry": {"type": "MultiPolygon", "coordinates": [[[[78.2157873, 8.8420052], [78.2052502, 8.8417806], [78.2192164, 8.8338999], [78.2157873, 8.8420052]]], [[[78.2273991, 8.8708173], [78.2218096, 8.8720368], [78.2267837, 8.8663203], [78.2273991, 8.8708173]]], [[[78.2713061, 8.939611], [78.2702286, 8.9431669], [78.2695511, 8.9391422], [78.2713061, 8.939611]]], [[[78.250571, 8.9528549], [78.2552182, 8.9545739], [78.2518865, 8.9563943], [78.250571, 8.9528549]]], [[[78.4872223, 9.0887094], [78.4955464, 9.0906597], [78.4899392, 9.0934328], [78.4872223, 9.0887094]]], [[[78.5350832, 9.1027679], [78.5390883, 9.1037653], [78.5391349, 9.1060454], [78.5350832, 9.1027679]]], [[[78.5879744, 9.1069985], [78.5793427, 9.1128244], [78.570955, 9.1011315], [78.5879744, 9.1069985]]], [[[79.4892925, 9.1190368], [79.4965855, 9.1231665], [79.4965132, 9.1248255], [79.4918778, 9.1240269], [79.4892925, 9.1190368]]], [[[79.4883123, 9.1265235], [79.4882992, 9.1282278], [79.4871208, 9.1273331], [79.4883123, 9.1265235]]], [[[79.4816308, 9.1286865], [79.480626, 9.1305583], [79.4797342, 9.1296996], [79.4816308, 9.1286865]]], [[[79.4822822, 9.1318372], [79.4828697, 9.1342962], [79.4815138, 9.1328862], [79.4822822, 9.1318372]]], [[[79.4734678, 9.1366091], [79.4728817, 9.139186], [79.4698066, 9.1394038], [79.4734678, 9.1366091]]], [[[79.4675097, 9.140512], [79.4674149, 9.1433782], [79.4651176, 9.14332], [79.4675097, 9.140512]]], [[[79.4537815, 9.1438968], [79.4547053, 9.1453206], [79.4541276, 9.1456281], [79.4537815, 9.1438968]]], [[[79.4561841, 9.1465589], [79.4557521, 9.147635], [79.455056, 9.1470745], [79.4561841, 9.1465589]]], [[[79.452663, 9.1464241], [79.4523544, 9.1497785], [79.4500931, 9.1479526], [79.452663, 9.1464241]]], [[[79.444535, 9.1523434], [79.445786, 9.1520584], [79.4455179, 9.1537672], [79.444535, 9.1523434]]], [[[78.6938419, 9.152857], [78.6970037, 9.1525897], [78.6965221, 9.1558105], [78.6938419, 9.152857]]], [[[78.7309727, 9.1521185], [78.7311015, 9.1558797], [78.7280341, 9.1528006], [78.7309727, 9.1521185]]], [[[78.7525034, 9.1555601], [78.7509108, 9.1565395], [78.751386, 9.1555334], [78.7525034, 9.1555601]]], [[[79.4476697, 9.153934], [79.4435759, 9.1566428], [79.4472872, 9.1526548], [79.4476697, 9.153934]]], [[[78.6980686, 9.1585234], [78.698883, 9.1583012], [78.6988361, 9.1586861], [78.6980686, 9.1585234]]], [[[78.8169234, 9.1603653], [78.8222642, 9.1664406], [78.8195602, 9.1652293], [78.8169234, 9.1603653]]], [[[78.823962, 9.1664516], [78.8290406, 9.1705067], [78.8285214, 9.173688], [78.823962, 9.1664516]]], [[[78.7018978, 9.1858225], [78.7030813, 9.1854845], [78.7019112, 9.1859937], [78.7018978, 9.1858225]]], [[[78.9101321, 9.1859884], [78.9104073, 9.1864623], [78.9101204, 9.1865658], [78.9101321, 9.1859884]]], [[[78.920553, 9.1830926], [78.9433542, 9.1877328], [78.8972645, 9.1796743], [78.920553, 9.1830926]]], [[[78.9711153, 9.1849716], [78.9668452, 9.1873562], [78.9674131, 9.182919], [78.9711153, 9.1849716]]], [[[79.0910261, 9.1959326], [79.0688987, 9.2105391], [79.0567684, 9.19802], [79.0910261, 9.1959326]]], [[[79.1395338, 9.2126388], [79.1415339, 9.2142538], [79.1388749, 9.2133473], [79.1395338, 9.2126388]]], [[[79.1341127, 9.2159828], [79.1222558, 9.2157426], [79.1294952, 9.2137869], [79.1341127, 9.2159828]]], [[[79.2384606, 9.2418889], [79.2327457, 9.2430841], [79.2386333, 9.2412062], [79.2384606, 9.2418889]]], [[[79.2177406, 9.2504229], [79.1804225, 9.2496272], [79.1793105, 9.2381987], [79.1993301, 9.2302028], [79.2038368, 9.2397228], [79.2236462, 9.2471507], [79.2022673, 9.2414908], [79.2177406, 9.2504229]]], [[[79.7702738, 10.90074], [79.7661576, 10.9006118], [79.7666362, 10.8986275], [79.7702738, 10.90074]]], [[[79.767886, 10.9017697], [79.7640582, 10.9122191], [79.7621795, 10.9015198], [79.767886, 10.9017697]]], [[[79.7967509, 11.8942907], [79.7691972, 11.9006633], [79.7806671, 11.8627492], [79.7923735, 11.8768468], [79.7967509, 11.8942907]], [[79.7909943, 11.8953258], [79.7890209, 11.8950359], [79.7892565, 11.89584], [79.7909943, 11.8953258]], [[79.7929475, 11.8834849], [79.7915875, 11.8849994], [79.7933218, 11.8845534], [79.7929475, 11.8834849]]], [[[79.8500143, 13.3235235], [79.8456677, 13.3275767], [79.8428276, 13.3221704], [79.8500143, 13.3235235]]], [[[80.3036376, 13.4731271], [80.2687489, 13.5646282], [80.241814, 13.470647], [80.2145986, 13.4902718], [80.145145, 13.4914152], [80.1392128, 13.5042738], [80.1127715, 13.5059474], [80.108213, 13.4889199], [80.0781901, 13.4888114], [80.0771419, 13.5268049], [80.0886406, 13.5353997], [80.0812594, 13.5497512], [80.0569346, 13.5366365], [80.0284381, 13.5388246], [80.0168945, 13.5471793], [79.9985997, 13.5427238], [80.0005191, 13.5256754], [80.0176531, 13.5295586], [80.0271859, 13.5137005], [80.0355203, 13.5183054], [80.0484232, 13.5122508], [80.0466183, 13.4936838], [80.0159046, 13.4979515], [80.0074905, 13.4786405], [79.9840773, 13.4795786], [79.9823969, 13.4704564], [79.9724203, 13.4690917], [79.9733387, 13.4296725], [79.9566518, 13.4221924], [79.9396096, 13.4250294], [79.9418382, 13.41672], [79.9345755, 13.4164539], [79.9457047, 13.4077306], [79.9443564, 13.3968677], [79.9627546, 13.3913577], [79.9579959, 13.3791504], [79.9450477, 13.3817765], [79.9456475, 13.3637388], [79.9331147, 13.3519177], [79.9159724, 13.3598692], [79.914851, 13.348138], [79.883505, 13.3328593], [79.8828997, 13.3233193], [79.8680653, 13.3310664], [79.8628089, 13.3169208], [79.8089991, 13.3172354], [79.7917328, 13.2935241], [79.7602705, 13.3182049], [79.7567467, 13.2952884], [79.7306508, 13.2828662], [79.794732, 13.2421039], [79.794493, 13.2263217], [79.7847816, 13.2279046], [79.7754775, 13.2153096], [79.7642522, 13.2191146], [79.754991, 13.2064782], [79.7373171, 13.2365348], [79.7314015, 13.2224453], [79.7164067, 13.2164217], [79.7022424, 13.2241499], [79.7140652, 13.2357343], [79.7091246, 13.2510435], [79.6982501, 13.2509924], [79.6959353, 13.2385553], [79.6842738, 13.2444288], [79.6782933, 13.2616536], [79.6874207, 13.2665553], [79.6911244, 13.260982], [79.6954405, 13.2691114], [79.6888059, 13.2708666], [79.6939345, 13.2797957], [79.6812563, 13.2879922], [79.6826053, 13.2958241], [79.6653861, 13.2787165], [79.6638741, 13.2897667], [79.6578332, 13.283847], [79.6517938, 13.2918334], [79.6424817, 13.2901482], [79.6412675, 13.2755867], [79.6384671, 13.2874864], [79.631361, 13.2696981], [79.6141174, 13.2826954], [79.6060889, 13.2795492], [79.6080861, 13.28749], [79.5960568, 13.2848538], [79.5913125, 13.2614289], [79.5792664, 13.2577931], [79.5584076, 13.2727202], [79.5346024, 13.2753969], [79.5412313, 13.2924375], [79.5348645, 13.3013701], [79.5441067, 13.3167846], [79.5373051, 13.3386471], [79.5110837, 13.3419713], [79.5100814, 13.3341749], [79.4973839, 13.332038], [79.4997084, 13.3477874], [79.4562551, 13.3385707], [79.435429, 13.3517097], [79.4316688, 13.3367148], [79.4147205, 13.3300333], [79.4053614, 13.3350375], [79.3983597, 13.3302022], [79.4020231, 13.3173529], [79.387809, 13.3180497], [79.381888, 13.3074878], [79.3886579, 13.3097835], [79.3898389, 13.2974272], [79.4157684, 13.2995808], [79.4200353, 13.2895468], [79.4305398, 13.3002473], [79.4454222, 13.3012517], [79.4337323, 13.274987], [79.4084181, 13.2652696], [79.4226358, 13.2513163], [79.4184962, 13.2429601], [79.4376793, 13.2428888], [79.431491, 13.2360656], [79.4397859, 13.2358605], [79.4308664, 13.229848], [79.4531517, 13.2383518], [79.453736, 13.2169269], [79.4373786, 13.2195545], [79.4438523, 13.2077751], [79.4323825, 13.1969715], [79.4384277, 13.1881751], [79.4091851, 13.1940374], [79.3740325, 13.1892571], [79.3877267, 13.177529], [79.3695222, 13.1729143], [79.3792355, 13.1715135], [79.3800381, 13.1629263], [79.3561154, 13.1645793], [79.3655212, 13.1339329], [79.3605048, 13.1235375], [79.3453847, 13.1214255], [79.341306, 13.1368204], [79.3186712, 13.1234721], [79.3242382, 13.118538], [79.3119222, 13.116569], [79.3188985, 13.1136015], [79.3071899, 13.1055219], [79.2943054, 13.109599], [79.3124637, 13.1261416], [79.2840176, 13.1227699], [79.2803394, 13.1528687], [79.2620875, 13.1490418], [79.2574561, 13.1607363], [79.2452731, 13.1382758], [79.2426869, 13.171003], [79.2349292, 13.1708435], [79.2273223, 13.1556157], [79.2146862, 13.1569578], [79.21003, 13.1484581], [79.232873, 13.1393702], [79.2344267, 13.1052289], [79.1982934, 13.0813413], [79.1906878, 13.0887327], [79.1806588, 13.0842424], [79.1921211, 13.0674316], [79.178298, 13.0591862], [79.1920999, 13.0561462], [79.1796617, 13.0544992], [79.1804397, 13.0488495], [79.1929965, 13.0466955], [79.1848334, 13.0298528], [79.1631211, 13.0202704], [79.1144818, 13.0392721], [79.098308, 13.0260644], [79.0809073, 13.0257271], [79.0628663, 13.0406377], [79.0633976, 13.0531073], [78.9950012, 13.0866087], [78.9723022, 13.0838065], [78.9702795, 13.0747139], [78.9491941, 13.0839945], [78.9239415, 13.0808091], [78.92174, 13.0660937], [78.9125978, 13.0659322], [78.9036754, 13.0477056], [78.9289142, 13.0457678], [78.9402522, 13.0365771], [78.937107, 13.0304267], [78.9291245, 13.0364936], [78.891643, 13.0330584], [78.8912123, 13.0971507], [78.8750976, 13.0968164], [78.8708781, 13.0819404], [78.8420364, 13.0786131], [78.8131399, 13.0891423], [78.794304, 13.0665839], [78.751776, 13.0549418], [78.7145163, 13.0686783], [78.7052714, 13.0152386], [78.6562147, 13.0311694], [78.6555204, 13.0152481], [78.6208991, 12.9912385], [78.6471693, 12.9662371], [78.6380585, 12.9647593], [78.6570139, 12.9321064], [78.6335324, 12.9313211], [78.6015593, 12.8508038], [78.6077577, 12.8219026], [78.6003878, 12.8184228], [78.592521, 12.7826756], [78.5556281, 12.7557851], [78.5631957, 12.7513203], [78.5556292, 12.739212], [78.5638574, 12.7376232], [78.5544197, 12.7192753], [78.5615859, 12.7100118], [78.5558756, 12.7001573], [78.5360518, 12.6904923], [78.5296085, 12.7099518], [78.5442802, 12.7109378], [78.5250716, 12.7154188], [78.5209238, 12.7361309], [78.5166932, 12.7243733], [78.5052708, 12.7429622], [78.489088, 12.7419804], [78.519691, 12.712393], [78.5117794, 12.7076981], [78.5031708, 12.7163719], [78.4965757, 12.7032524], [78.5074414, 12.691407], [78.4997846, 12.6761403], [78.4678997, 12.6758921], [78.4747756, 12.6476325], [78.4649184, 12.6240111], [78.4270676, 12.6352428], [78.4127347, 12.6270325], [78.3714252, 12.6271064], [78.3435923, 12.64874], [78.3011554, 12.665919], [78.2710861, 12.705058], [78.2445385, 12.7062926], [78.2377068, 12.68576], [78.210589, 12.6860767], [78.199635, 12.6930673], [78.2099398, 12.7005038], [78.2057476, 12.7064032], [78.2311714, 12.7125552], [78.2410079, 12.7299431], [78.2309512, 12.7606597], [78.1951644, 12.7738448], [78.1676635, 12.7700808], [78.1342376, 12.7819657], [78.1249904, 12.7981868], [78.090162, 12.8173609], [78.0861986, 12.8319362], [78.0738597, 12.8305147], [78.0769899, 12.8391163], [78.0535591, 12.8537903], [78.0504699, 12.8487364], [78.0238657, 12.8565009], [78.0289879, 12.8451857], [78.0191496, 12.8439434], [78.0182977, 12.8310525], [78.0037102, 12.8247821], [78.0151101, 12.8133662], [78.0097803, 12.8057742], [77.9952026, 12.8058576], [77.9803939, 12.8350562], [77.9643183, 12.8328427], [77.965309, 12.8478069], [77.9527762, 12.8501293], [77.952336, 12.8571168], [77.9399946, 12.8531426], [77.9466096, 12.8387092], [77.9406783, 12.8233444], [77.9185672, 12.8305755], [77.9228135, 12.8555641], [77.941325, 12.8687397], [77.9277229, 12.8749163], [77.9271437, 12.8815197], [77.9361044, 12.8836059], [77.9293246, 12.8909156], [77.8949189, 12.8785733], [77.8903439, 12.8696551], [77.8360134, 12.8703297], [77.8230767, 12.8558417], [77.8079195, 12.847671], [77.7991066, 12.8515373], [77.7924628, 12.8427037], [77.795897, 12.8345333], [77.8098816, 12.8315318], [77.8098952, 12.8155322], [77.8021619, 12.8170035], [77.7997338, 12.8052155], [77.8076442, 12.7952519], [77.7985627, 12.7951181], [77.7788445, 12.7680068], [77.7943891, 12.7576216], [77.792744, 12.7478635], [77.762416, 12.7353142], [77.7611996, 12.7273726], [77.7744513, 12.7242144], [77.7639239, 12.6996364], [77.7351819, 12.6940218], [77.7399282, 12.6729896], [77.7246224, 12.6711876], [77.7115905, 12.6831376], [77.7042282, 12.6614044], [77.6786546, 12.6603889], [77.6763843, 12.6794716], [77.6599101, 12.68384], [77.5988731, 12.6671576], [77.5961228, 12.6502807], [77.6062321, 12.6289125], [77.5910191, 12.615243], [77.58035, 12.5515896], [77.5872022, 12.5147547], [77.6163265, 12.5091804], [77.5836801, 12.4787954], [77.6074236, 12.4751238], [77.6260882, 12.496309], [77.6346254, 12.4875993], [77.6271741, 12.4584513], [77.6296163, 12.4183245], [77.6168074, 12.3681995], [77.578575, 12.3356658], [77.5513368, 12.2912067], [77.5328365, 12.2914584], [77.5272247, 12.2787692], [77.5141871, 12.2753831], [77.487598, 12.2804952], [77.4720166, 12.2498696], [77.482634, 12.2302045], [77.4720388, 12.2078936], [77.4927112, 12.1973321], [77.5186837, 12.1944792], [77.5462621, 12.2046632], [77.5657966, 12.1963293], [77.6107548, 12.2061442], [77.7276981, 12.1815303], [77.7452116, 12.1592903], [77.7514715, 12.1361988], [77.7755629, 12.1184413], [77.7556871, 12.0797337], [77.7266394, 12.0611342], [77.6963692, 12.0157675], [77.6747419, 11.9659364], [77.6756901, 11.9519788], [77.6520541, 11.9548199], [77.603452, 11.9376567], [77.5581778, 11.9415488], [77.5379839, 11.9323854], [77.4948007, 11.943847], [77.4862004, 11.8874103], [77.461628, 11.8999835], [77.4658564, 11.8741962], [77.4599381, 11.8634496], [77.4666147, 11.847081], [77.4498034, 11.7960103], [77.4272411, 11.7608704], [77.4222273, 11.772376], [77.3944555, 11.7876332], [77.3648464, 11.7904034], [77.3604248, 11.7794693], [77.3351488, 11.7712308], [77.2938544, 11.8089983], [77.2879755, 11.8004356], [77.249876, 11.8130127], [77.2386017, 11.7946527], [77.1892357, 11.7925215], [77.1470947, 11.7819148], [77.1380782, 11.7726415], [77.1107466, 11.7734725], [77.1177063, 11.7210721], [77.1050098, 11.7327982], [77.080218, 11.735982], [77.0564268, 11.7697758], [77.0697566, 11.7820764], [77.0629426, 11.7903967], [77.0464687, 11.7876166], [77.0351016, 11.769779], [77.0288648, 11.7746747], [77.0387493, 11.7938467], [77.0298799, 11.804675], [77.0140106, 11.8062108], [77.0129402, 11.814615], [76.9821486, 11.8115036], [76.9699227, 11.7768597], [76.9539396, 11.7920521], [76.9080036, 11.7952454], [76.8966107, 11.7764676], [76.8883494, 11.7336432], [76.862633, 11.711011], [76.835473, 11.6549961], [76.8346274, 11.6395015], [76.8581245, 11.6140299], [76.8564709, 11.599281], [76.8469356, 11.5944707], [76.8228392, 11.6080758], [76.7569186, 11.6184369], [76.6139849, 11.6075533], [76.5922883, 11.6186566], [76.5767463, 11.6144956], [76.5599581, 11.6224707], [76.5505279, 11.6742269], [76.5111113, 11.7049784], [76.4816822, 11.6925107], [76.4579458, 11.664361], [76.4313622, 11.6663634], [76.4438829, 11.6477321], [76.4324805, 11.6312903], [76.3880958, 11.6296674], [76.3779814, 11.6019097], [76.3545777, 11.589311], [76.3403982, 11.5871985], [76.3358765, 11.5957362], [76.3023838, 11.5712256], [76.2959417, 11.590416], [76.2860953, 11.590196], [76.2789069, 11.6009414], [76.2333182, 11.5703757], [76.2515054, 11.5377766], [76.2504926, 11.5275698], [76.2384817, 11.5262669], [76.2522865, 11.5000003], [76.2475734, 11.4685407], [76.2646016, 11.4808925], [76.2752784, 11.4769031], [76.284435, 11.4829203], [76.2935189, 11.4656835], [76.3051532, 11.4677886], [76.3254705, 11.4533289], [76.342226, 11.4675926], [76.3976773, 11.435023], [76.4187049, 11.4417832], [76.4150783, 11.4226273], [76.4620823, 11.3874697], [76.5176983, 11.371323], [76.5081846, 11.3541234], [76.5478573, 11.3588856], [76.5499669, 11.3309934], [76.537299, 11.3140437], [76.5457556, 11.3003103], [76.5262608, 11.288263], [76.5221778, 11.2713381], [76.4530879, 11.2393673], [76.4489612, 11.2054686], [76.4386228, 11.1989612], [76.4519046, 11.199222], [76.4584429, 11.1876815], [76.4734705, 11.1949312], [76.4723664, 11.2087507], [76.510482, 11.2116376], [76.5338098, 11.1967718], [76.6007451, 11.2065631], [76.6297226, 11.1941737], [76.6982698, 11.2396016], [76.7314161, 11.2155858], [76.7224165, 11.2032683], [76.7290386, 11.1910397], [76.7002385, 11.1818194], [76.6895564, 11.1595744], [76.7052392, 11.1422], [76.7184696, 11.1476406], [76.7287541, 11.1304516], [76.7482961, 11.1358373], [76.7474168, 11.1112025], [76.7389837, 11.1043033], [76.7545327, 11.0841556], [76.7410429, 11.0723369], [76.7461289, 11.0548236], [76.7781599, 11.042091], [76.8008596, 11.0539656], [76.7918409, 11.0373601], [76.7665998, 11.029093], [76.7376032, 11.0397387], [76.7108874, 11.0387217], [76.6941643, 11.0215571], [76.6860374, 10.989202], [76.6667853, 10.9683349], [76.6590948, 10.9304965], [76.7407874, 10.89097], [76.7814299, 10.8904204], [76.8283154, 10.8719096], [76.8537835, 10.8389586], [76.8481723, 10.8188046], [76.8639635, 10.8172743], [76.8700596, 10.8083273], [76.900682, 10.8073049], [76.9071513, 10.7823548], [76.8882965, 10.7324656], [76.8928575, 10.7213567], [76.8675891, 10.6947751], [76.8675388, 10.679054], [76.8784, 10.6750329], [76.8824755, 10.6397071], [76.8606584, 10.6323418], [76.8145462, 10.6357085], [76.8100973, 10.624181], [76.8173123, 10.6032035], [76.8382671, 10.5966673], [76.8351726, 10.5464076], [76.8430961, 10.5372853], [76.8310366, 10.5000327], [76.8283259, 10.4501655], [76.8163786, 10.423519], [76.8335848, 10.4077682], [76.8236567, 10.3950608], [76.8487854, 10.3682287], [76.8363083, 10.3460182], [76.8303134, 10.3036268], [76.8487157, 10.2852781], [76.8731353, 10.2984845], [76.8734219, 10.2763359], [76.8974147, 10.2624354], [76.9030047, 10.2402964], [76.911598, 10.235287], [76.9393602, 10.2389043], [76.9824462, 10.2201204], [77.0144339, 10.245791], [77.0510812, 10.2621094], [77.05262, 10.2725555], [77.0428767, 10.2837672], [77.0913588, 10.3139133], [77.0960986, 10.30898], [77.1203924, 10.3179637], [77.1766232, 10.3584412], [77.2356459, 10.3522513], [77.2277471, 10.315416], [77.262926, 10.2633319], [77.2571903, 10.2593924], [77.2597231, 10.2302741], [77.281937, 10.2365559], [77.2949556, 10.2178984], [77.2831173, 10.2086484], [77.2753048, 10.1844185], [77.274772, 10.1325466], [77.2677764, 10.1216136], [77.2382409, 10.1300773], [77.2303802, 10.1205026], [77.2078919, 10.117702], [77.2013256, 10.10621], [77.2039763, 10.0877288], [77.2618997, 10.0297252], [77.2531936, 10.0128123], [77.2661313, 10.0018897], [77.2609107, 9.992679], [77.2728548, 9.9641947], [77.2610123, 9.9524869], [77.2465424, 9.9513965], [77.2300622, 9.9124673], [77.2183052, 9.9043073], [77.2207465, 9.8844832], [77.2124501, 9.8768848], [77.2213292, 9.8631333], [77.2363075, 9.8596039], [77.237184, 9.8513808], [77.2229353, 9.8448797], [77.2217778, 9.8224514], [77.2411537, 9.8156346], [77.246666, 9.7978866], [77.2226635, 9.7877918], [77.2323997, 9.7685737], [77.2202338, 9.7450391], [77.2239084, 9.7303734], [77.2035557, 9.7221064], [77.2067162, 9.6946564], [77.1811462, 9.6592063], [77.165863, 9.6128627], [77.1886794, 9.606101], [77.2089573, 9.6134435], [77.2343018, 9.5815453], [77.2530671, 9.5829664], [77.2697137, 9.5727691], [77.3178187, 9.6025049], [77.3298993, 9.5989945], [77.3253612, 9.580034], [77.3394908, 9.5733139], [77.3545869, 9.6040696], [77.3611281, 9.6022617], [77.3661436, 9.5959558], [77.3574755, 9.5944317], [77.3598908, 9.57738], [77.3502632, 9.5670811], [77.3650845, 9.5527292], [77.3655637, 9.5350895], [77.3851784, 9.5192315], [77.4005073, 9.5273638], [77.4004158, 9.5178568], [77.4123964, 9.5089774], [77.3993082, 9.4965688], [77.401716, 9.4768991], [77.3914708, 9.4686854], [77.3926119, 9.4593521], [77.3771965, 9.4527772], [77.3660002, 9.4600822], [77.3494059, 9.4411754], [77.336493, 9.4133581], [77.3435965, 9.4008366], [77.3252883, 9.3371147], [77.2999727, 9.336653], [77.2995374, 9.310912], [77.2829873, 9.3013327], [77.2885288, 9.2741737], [77.2817533, 9.2723184], [77.2741067, 9.235823], [77.2817124, 9.2165701], [77.2514261, 9.1886359], [77.2651594, 9.1812605], [77.2668144, 9.1524608], [77.247284, 9.1246017], [77.212407, 9.1004824], [77.1974557, 9.0469727], [77.167467, 9.0452995], [77.161099, 9.0294411], [77.1465553, 9.0218152], [77.1616743, 8.9950418], [77.1735668, 8.9912258], [77.1782023, 8.9690999], [77.1855535, 8.9701839], [77.1962881, 8.9545831], [77.1927956, 8.926196], [77.2182396, 8.9186879], [77.2212325, 8.903948], [77.238546, 8.8977398], [77.2376558, 8.8856748], [77.2565709, 8.8775668], [77.2627578, 8.8419922], [77.2470789, 8.8148363], [77.2319844, 8.8077263], [77.2297089, 8.7845875], [77.2130654, 8.7786159], [77.2179536, 8.7682363], [77.1973286, 8.7688983], [77.1924639, 8.744441], [77.1716253, 8.7505806], [77.1700119, 8.7417947], [77.2067167, 8.6841955], [77.2006927, 8.6690764], [77.2440842, 8.6218208], [77.2452383, 8.6034352], [77.2664259, 8.5851407], [77.2838468, 8.5467286], [77.2617076, 8.5061524], [77.2401242, 8.4970537], [77.214309, 8.5128133], [77.2023841, 8.5011904], [77.2281, 8.4472524], [77.2065999, 8.4447026], [77.181671, 8.3957943], [77.1681862, 8.3838739], [77.1609501, 8.3901721], [77.1511073, 8.3844717], [77.161294, 8.373978], [77.1530172, 8.3551442], [77.1675353, 8.3634257], [77.1742935, 8.3586329], [77.1669434, 8.3427468], [77.1806138, 8.3235179], [77.1733235, 8.3197617], [77.169294, 8.3329453], [77.1397933, 8.3298679], [77.1192083, 8.3210562], [77.1227765, 8.3090125], [77.1017567, 8.3064705], [77.0960708, 8.293168], [77.1494136, 8.2555851], [77.1859052, 8.2184899], [77.2238147, 8.196317], [77.2399909, 8.176796], [77.2982276, 8.1473664], [77.315883, 8.1218508], [77.3342133, 8.1259363], [77.4447254, 8.0946403], [77.5513322, 8.0780342], [77.5643309, 8.0923366], [77.558764, 8.1192899], [77.5771129, 8.1367214], [77.6403683, 8.1574362], [77.7447121, 8.1769159], [77.7813102, 8.2010407], [77.7837736, 8.2216435], [77.8029245, 8.2401658], [77.8788579, 8.2682545], [77.9717486, 8.333261], [78.0670303, 8.3728533], [78.0568964, 8.3794113], [78.0638897, 8.4179853], [78.1305894, 8.496909], [78.1219001, 8.5156951], [78.1379726, 8.5859638], [78.1272933, 8.6150377], [78.1314357, 8.6629139], [78.1256386, 8.6650884], [78.1629938, 8.7413455], [78.191577, 8.7479201], [78.1982527, 8.7610801], [78.1991345, 8.7874753], [78.1924818, 8.7868142], [78.1950924, 8.7670103], [78.1870555, 8.76414], [78.1616557, 8.7779592], [78.1580808, 8.7969649], [78.1665764, 8.8117436], [78.1669276, 8.8728872], [78.186642, 8.9235909], [78.2150444, 8.9660379], [78.4138312, 9.1139473], [78.5321582, 9.1382138], [78.5782498, 9.1309997], [78.6142715, 9.1510258], [78.6570749, 9.1576938], [78.6422084, 9.1746789], [78.6489922, 9.1874407], [78.6638018, 9.1936152], [78.7172552, 9.1895427], [78.7165343, 9.200031], [78.7326028, 9.2118894], [78.861099, 9.2554019], [78.8956963, 9.2515372], [78.9265229, 9.2677146], [78.9789257, 9.2748518], [79.0807214, 9.261206], [79.2091981, 9.2824032], [79.2049873, 9.2776794], [79.2050273, 9.2734795], [79.2184694, 9.2707551], [79.220014, 9.257591], [79.2529612, 9.2597835], [79.2993936, 9.2467642], [79.4163503, 9.1772436], [79.4360105, 9.1584802], [79.4164376, 9.1870989], [79.3240038, 9.2635773], [79.3147172, 9.2811883], [79.3350463, 9.3093287], [79.329342, 9.3200962], [79.3099154, 9.3276468], [79.2815097, 9.3127486], [79.2659284, 9.2927442], [79.2211143, 9.2913377], [79.2111867, 9.2832658], [79.0692578, 9.2957495], [79.0090291, 9.3357825], [78.9384763, 9.4058841], [78.9030068, 9.4624869], [78.8983409, 9.489896], [78.9152264, 9.4990312], [78.9201385, 9.5592253], [78.9336403, 9.6061751], [78.9598148, 9.6309343], [78.9803629, 9.6895572], [79.0032329, 9.7253255], [79.0044932, 9.7186039], [79.0150007, 9.7314914], [79.0131504, 9.7448401], [79.0159118, 9.732319], [79.0298739, 9.7614633], [79.0323139, 9.7553025], [79.0586182, 9.7724514], [79.0769614, 9.7997096], [79.0758244, 9.8122088], [79.0784791, 9.7999766], [79.0939035, 9.8293625], [79.0849551, 9.8346505], [79.0942453, 9.8300407], [79.0949691, 9.838223], [79.1048194, 9.8379437], [79.0988202, 9.8433227], [79.1086799, 9.8422567], [79.1057981, 9.8538427], [79.1154577, 9.8490741], [79.1101831, 9.8578437], [79.1208318, 9.8553082], [79.1129545, 9.8602308], [79.1215831, 9.8805105], [79.1112657, 9.8928376], [79.1240356, 9.883562], [79.1255031, 9.9037057], [79.1314574, 9.8970695], [79.1366822, 9.9096367], [79.1399055, 9.9046776], [79.1470134, 9.9114356], [79.1388708, 9.9208612], [79.1505063, 9.9196358], [79.214877, 10.0000514], [79.2661118, 10.0392336], [79.250529, 10.0421184], [79.2550895, 10.0454305], [79.2392867, 10.0577993], [79.2480671, 10.0708743], [79.2341132, 10.070594], [79.2316852, 10.0819639], [79.2293845, 10.0763094], [79.2271485, 10.0735841], [79.228932, 10.1053676], [79.2226091, 10.1055186], [79.2191027, 10.1125988], [79.2293523, 10.107465], [79.2333912, 10.1271055], [79.2256726, 10.1458274], [79.2387994, 10.1598639], [79.2415367, 10.1848704], [79.2773504, 10.2132945], [79.2682722, 10.2328087], [79.2984614, 10.2632985], [79.329257, 10.2843614], [79.3603362, 10.2912271], [79.3791583, 10.3134821], [79.3959, 10.3186352], [79.5129243, 10.3131381], [79.5441304, 10.3248853], [79.5492233, 10.3178056], [79.5307425, 10.3091662], [79.7676641, 10.2718057], [79.7782529, 10.2729077], [79.777537, 10.2846155], [79.7487328, 10.3007202], [79.7487225, 10.3143765], [79.7627053, 10.3131389], [79.7670827, 10.3017037], [79.7833851, 10.2960586], [79.7874613, 10.2812915], [79.7800925, 10.2724698], [79.8139272, 10.2756159], [79.8133173, 10.2887433], [79.816757, 10.275838], [79.860319, 10.2824077], [79.8804435, 10.3046853], [79.8585013, 10.4722886], [79.8533362, 10.6764802], [79.8410176, 10.6762974], [79.8532973, 10.6794172], [79.8524966, 10.8272092], [79.8310698, 10.8273827], [79.8280894, 10.8496715], [79.8210816, 10.8455592], [79.8079404, 10.8556101], [79.8074914, 10.8654436], [79.8117042, 10.8596548], [79.8249071, 10.8648283], [79.8113016, 10.8803377], [79.8285833, 10.8837818], [79.7946909, 10.8875381], [79.7903567, 10.8948769], [79.7836585, 10.8884755], [79.7825601, 10.8953252], [79.7954071, 10.9027366], [79.7893271, 10.9084408], [79.7774219, 10.9089494], [79.7770017, 10.8965644], [79.7562905, 10.8917561], [79.7630199, 10.9136069], [79.7433773, 10.9148323], [79.7431202, 10.925043], [79.7250824, 10.9291601], [79.7296036, 10.9362872], [79.7233049, 10.935181], [79.724066, 10.9413416], [79.7371777, 10.9490635], [79.7367048, 10.9574256], [79.7299511, 10.9508912], [79.7191852, 10.9571805], [79.7196915, 10.9685074], [79.7311968, 10.9705166], [79.7463822, 10.9650981], [79.7461045, 10.9562888], [79.7639621, 10.9597621], [79.7528449, 10.9768877], [79.7585641, 10.9834894], [79.7477393, 10.9885626], [79.7487038, 11.0032658], [79.7865478, 10.9972388], [79.797787, 10.9824949], [79.815496, 11.0038676], [79.8206815, 10.9981606], [79.8401311, 11.0015957], [79.8538164, 10.9832214], [79.8566229, 11.1713545], [79.8342947, 11.3217354], [79.8425991, 11.3507425], [79.8321863, 11.3564815], [79.8230936, 11.3785019], [79.8030625, 11.453798], [79.7770681, 11.488554], [79.7756224, 11.4940228], [79.7792299, 11.5014949], [79.7786413, 11.5064266], [79.7707022, 11.5137078], [79.7782446, 11.501518], [79.7727304, 11.5010678], [79.7679325, 11.5106806], [79.7740114, 11.504657], [79.7628951, 11.5295272], [79.7570354, 11.5561485], [79.7606512, 11.6243728], [79.7958644, 11.7857206], [79.7719387, 11.7821819], [79.765911, 11.7918252], [79.7551006, 11.7752321], [79.7123584, 11.7915077], [79.7228152, 11.7967922], [79.7245226, 11.8104429], [79.7357218, 11.8093225], [79.7294459, 11.8369555], [79.7382054, 11.8369162], [79.7367307, 11.8442075], [79.764517, 11.8334086], [79.7701286, 11.8225945], [79.7783796, 11.8317144], [79.7975387, 11.8245566], [79.8007029, 11.8306414], [79.7938422, 11.8335503], [79.7982869, 11.8386999], [79.8070983, 11.8339292], [79.8082057, 11.8452566], [79.8006617, 11.8552695], [79.7822848, 11.8558752], [79.7758808, 11.8384121], [79.7681902, 11.8387979], [79.7621704, 11.8483913], [79.7700937, 11.874606], [79.763989, 11.8769674], [79.7574268, 11.8760651], [79.7518869, 11.8483461], [79.743106, 11.8483227], [79.739368, 11.8646956], [79.7211213, 11.8625007], [79.7189019, 11.8532851], [79.7082647, 11.8690856], [79.7100006, 11.8892081], [79.6740042, 11.8806956], [79.6738452, 11.8916114], [79.695389, 11.8947894], [79.6962026, 11.9191654], [79.7186611, 11.9190373], [79.7066019, 11.9136213], [79.7052793, 11.8939191], [79.7111942, 11.8907084], [79.7287902, 11.8902056], [79.7313099, 11.9032087], [79.7406967, 11.9054381], [79.7175306, 11.9289861], [79.7208911, 11.9448998], [79.7096783, 11.9499565], [79.7112157, 11.9330695], [79.6916609, 11.9513168], [79.6956898, 11.9639176], [79.715027, 11.967637], [79.712425, 11.9865537], [79.7334318, 11.993259], [79.7464959, 12.0076781], [79.7623734, 12.0026897], [79.7604238, 11.989201], [79.7419468, 11.9776665], [79.7264781, 11.9857583], [79.7235047, 11.9770494], [79.7445307, 11.9649554], [79.7502741, 11.9199056], [79.762195, 11.928544], [79.7599437, 11.9435991], [79.7715251, 11.9438886], [79.7847213, 11.9598625], [79.8050735, 11.9532561], [79.8126049, 11.9778918], [79.8288514, 11.9583284], [79.8406359, 11.9557856], [79.8567974, 12.006055], [79.8409026, 12.0128098], [79.8497688, 12.0513117], [79.8736494, 12.042032], [80.0342494, 12.3017546], [80.1558017, 12.4649358], [80.1663308, 12.5296884], [80.2551531, 12.782702], [80.2491222, 12.8566973], [80.2593951, 12.9345502], [80.2867937, 13.0643618], [80.3107865, 13.1081551], [80.3007723, 13.0911767], [80.2949484, 13.0929148], [80.3049669, 13.1100697], [80.3055324, 13.1303854], [80.2968606, 13.1239333], [80.2978398, 13.1327105], [80.3042321, 13.1303895], [80.2984377, 13.1374879], [80.3452687, 13.2798927], [80.3465467, 13.313274], [80.3260185, 13.4416822], [80.3036376, 13.4731271]], [[79.6911194, 12.0324375], [79.7035906, 12.0314176], [79.7030473, 12.0081537], [79.7196119, 11.9922151], [79.6854717, 11.9916406], [79.6809296, 11.9834107], [79.6739025, 11.9950959], [79.6570248, 11.991387], [79.6605032, 12.0114021], [79.6711232, 12.0101171], [79.6911194, 12.0324375]], [[79.8018594, 12.0170681], [79.7888023, 12.0263752], [79.8056684, 12.024491], [79.8018594, 12.0170681]], [[79.6364473, 11.9980867], [79.6364377, 11.9778463], [79.6484557, 11.9673922], [79.6426479, 11.9420999], [79.6574844, 11.9480541], [79.670698, 11.9315773], [79.6626722, 11.9130963], [79.6320901, 11.9012556], [79.6253248, 11.9030273], [79.6283768, 11.9194846], [79.6179475, 11.9360364], [79.628404, 11.9451354], [79.6274855, 11.9681465], [79.6186069, 11.9699543], [79.6243727, 11.9817876], [79.6171782, 11.9895527], [79.6236103, 11.9893224], [79.6263234, 12.0003602], [79.6191738, 12.001412], [79.6290466, 12.0187981], [79.6255292, 12.0321726], [79.6509994, 12.0218123], [79.6364473, 11.9980867]], [[79.6621965, 11.9691664], [79.68785, 11.9696009], [79.6846608, 11.9533523], [79.6732158, 11.9478715], [79.6546434, 11.9534874], [79.6621965, 11.9691664]], [[79.6081525, 11.8768648], [79.6249579, 11.8908008], [79.630392, 11.8812773], [79.6350915, 11.888568], [79.6483912, 11.8804451], [79.6485834, 11.8705282], [79.663346, 11.8654465], [79.6578178, 11.8526449], [79.6263401, 11.854668], [79.6284554, 11.8697965], [79.6020003, 11.8578622], [79.5994093, 11.8830066], [79.6081525, 11.8768648]], [[79.6972303, 11.8740805], [79.6990708, 11.8612864], [79.695996, 11.8603515], [79.6972303, 11.8740805]], [[79.6473244, 11.844222], [79.6617783, 11.8394161], [79.6594555, 11.8293999], [79.6713112, 11.8236491], [79.6712916, 11.8148803], [79.6463364, 11.8162432], [79.6409455, 11.823367], [79.6473244, 11.844222]], [[79.6929855, 11.8137373], [79.7020026, 11.8229064], [79.7042346, 11.8134681], [79.6929855, 11.8137373]], [[79.6759302, 11.8143011], [79.6905742, 11.8069986], [79.6814236, 11.7962428], [79.6746809, 11.8058624], [79.6759302, 11.8143011]], [[79.7183422, 10.9548321], [79.7197396, 10.9559454], [79.7197002, 10.9548466], [79.7183422, 10.9548321]], [[79.722933, 10.9362271], [79.7204496, 10.9372355], [79.7224671, 10.9382657], [79.722933, 10.9362271]], [[79.7398374, 10.9200528], [79.7390314, 10.9211855], [79.7395443, 10.9214367], [79.7398374, 10.9200528]], [[79.806951, 10.8776118], [79.8097629, 10.8804241], [79.8100332, 10.8783675], [79.806951, 10.8776118]]]]}}, {"type": "Feature", "properties": {"state_name": "Karnataka", "stname": "KARNATAKA", "state_lgd": 29, "id": 35}, "geometry": {"type": "MultiPolygon", "coordinates": [[[[74.2401313, 14.7087268], [74.2389591, 14.7113645], [74.2377158, 14.7092742], [74.2401313, 14.7087268]]], [[[74.1523858, 14.7400214], [74.15808, 14.738727], [74.1533887, 14.7422131], [74.1523858, 14.7400214]]], [[[74.1190494, 14.7551955], [74.1078947, 14.7590948], [74.1195046, 14.7527869], [74.1190494, 14.7551955]]], [[[74.0872189, 14.7936848], [74.0889836, 14.7955017], [74.0859923, 14.7963598], [74.0872189, 14.7936848]]], [[[74.0573474, 14.8154006], [74.0557164, 14.8172664], [74.0539934, 14.8163394], [74.0573474, 14.8154006]]], [[[74.0626603, 14.8192883], [74.0641694, 14.8213448], [74.0620884, 14.8209104], [74.0626603, 14.8192883]]], [[[74.0616566, 14.8202234], [74.0565841, 14.8204706], [74.057114, 14.8189298], [74.0616566, 14.8202234]]], [[[74.0934455, 14.8386762], [74.0957825, 14.8373073], [74.0956848, 14.83808], [74.0934455, 14.8386762]]], [[[74.1007434, 14.841176], [74.097319, 14.846386], [74.0961391, 14.8457577], [74.1007434, 14.841176]]], [[[74.1066089, 14.8648376], [74.1075613, 14.8657098], [74.1062651, 14.8652759], [74.1066089, 14.8648376]]], [[[74.2912383, 15.8320083], [74.2616613, 15.829591], [74.2689936, 15.8165678], [74.2664748, 15.7977955], [74.2855959, 15.788097], [74.2932985, 15.7952734], [74.30234, 15.7874598], [74.3134143, 15.7964323], [74.2912383, 15.8320083]]], [[[77.3452183, 18.4336111], [77.3198851, 18.4580272], [77.3169323, 18.4424633], [77.279038, 18.4297979], [77.2593687, 18.4132612], [77.241768, 18.4126071], [77.2336851, 18.3882006], [77.246391, 18.3707656], [77.2258853, 18.3651614], [77.2200911, 18.3492735], [77.2295849, 18.3482086], [77.2190672, 18.3257305], [77.211794, 18.3162807], [77.2016679, 18.3221652], [77.1987125, 18.3154522], [77.2130133, 18.2803203], [77.1974734, 18.2766098], [77.1748119, 18.2848618], [77.1697493, 18.2608712], [77.1486325, 18.2390456], [77.1515219, 18.2170449], [77.0975987, 18.1967236], [77.116338, 18.1710165], [77.1115431, 18.1558335], [77.063958, 18.1506521], [77.053202, 18.1594518], [77.0519773, 18.1732294], [77.0331777, 18.1819928], [77.0230837, 18.1756529], [77.023304, 18.1585095], [77.0011141, 18.1608995], [76.9906091, 18.1899878], [76.9519345, 18.1880993], [76.9423631, 18.1564173], [76.9314765, 18.1596534], [76.9239631, 18.1466334], [76.9317953, 18.1335262], [76.9204996, 18.1181828], [76.954274, 18.1105443], [76.9663497, 18.0982012], [76.9629414, 18.0895718], [76.9452138, 18.0832008], [76.9516204, 18.0610531], [76.944901, 18.0483611], [76.9523052, 18.0402193], [76.9143153, 18.0353612], [76.9056438, 18.0097096], [76.9067074, 17.9965944], [76.9131397, 17.9968903], [76.9191001, 17.9162003], [76.9012647, 17.9172423], [76.884268, 17.8942929], [76.838956, 17.8990624], [76.8312016, 17.8856157], [76.8102157, 17.8870414], [76.8066694, 17.8705752], [76.7750496, 17.8777129], [76.7681608, 17.9011521], [76.7399719, 17.8997012], [76.7384821, 17.8566816], [76.7676299, 17.8520037], [76.7903937, 17.8263341], [76.7787276, 17.8004803], [76.7665099, 17.7984687], [76.7620385, 17.787017], [76.7406458, 17.7794643], [76.7209401, 17.7880576], [76.7140914, 17.78094], [76.7282708, 17.7375607], [76.6996459, 17.7272491], [76.703655, 17.7159954], [76.6925397, 17.7067236], [76.6908399, 17.6810048], [76.6641888, 17.6875602], [76.655599, 17.7178542], [76.6332595, 17.7282202], [76.631885, 17.7546414], [76.6153311, 17.7703965], [76.6052959, 17.758645], [76.6010768, 17.7258606], [76.5822, 17.7052703], [76.5702954, 17.7054057], [76.5639572, 17.7508334], [76.5727077, 17.7605395], [76.5232757, 17.7597973], [76.5239022, 17.7151521], [76.4872276, 17.7147636], [76.4897487, 17.6604992], [76.4528603, 17.6557902], [76.4544828, 17.6497863], [76.4419579, 17.6490871], [76.4450047, 17.6409513], [76.4291914, 17.6449534], [76.4196849, 17.6037101], [76.3312865, 17.5974186], [76.3406925, 17.5424746], [76.3627404, 17.5373726], [76.3672191, 17.5194529], [76.3465719, 17.5125794], [76.3457646, 17.4925298], [76.3746884, 17.4956497], [76.3755161, 17.4902199], [76.3306873, 17.4701936], [76.3332625, 17.433901], [76.3715104, 17.4364236], [76.3634265, 17.3776681], [76.4091205, 17.3713878], [76.4121887, 17.3510677], [76.3966078, 17.3471039], [76.3831599, 17.3145257], [76.3540117, 17.3143165], [76.3452992, 17.3544481], [76.3143441, 17.3483898], [76.3176634, 17.3323757], [76.2763604, 17.3345742], [76.2720091, 17.3605919], [76.2507275, 17.3604328], [76.2420871, 17.3788371], [76.2285304, 17.3758436], [76.2292843, 17.3652061], [76.196392, 17.3636667], [76.1703147, 17.3526242], [76.1832482, 17.3194347], [76.176315, 17.3007875], [76.1650794, 17.303335], [76.1626178, 17.3452201], [76.1189533, 17.3705043], [76.0997398, 17.3646507], [76.07913, 17.3316024], [76.0605352, 17.3553077], [76.0143324, 17.3535333], [75.9982723, 17.3379682], [75.9687071, 17.3364679], [75.9308194, 17.3225728], [75.8905819, 17.3565223], [75.8940641, 17.4011958], [75.8841884, 17.4179596], [75.8765061, 17.4161434], [75.8752029, 17.398086], [75.8608781, 17.385595], [75.8510841, 17.4105253], [75.8214407, 17.4212226], [75.8136601, 17.37276], [75.7929405, 17.3696974], [75.7720346, 17.3857447], [75.7658676, 17.4053042], [75.7335948, 17.420093], [75.7124407, 17.4079339], [75.6907294, 17.4094736], [75.6758759, 17.4559431], [75.6588376, 17.4580579], [75.6329797, 17.4772144], [75.6066011, 17.4203724], [75.6135163, 17.3919151], [75.5741668, 17.3832555], [75.5808454, 17.351223], [75.6100252, 17.3450403], [75.6120806, 17.3254209], [75.6037343, 17.3055034], [75.6224076, 17.2951032], [75.6278489, 17.2743396], [75.6541686, 17.2738152], [75.6577161, 17.2632077], [75.6619116, 17.2145889], [75.6399302, 17.1888651], [75.6284345, 17.1886579], [75.6253766, 17.1740003], [75.6495316, 17.1343765], [75.6503469, 17.1156923], [75.6722887, 17.1159958], [75.6767154, 17.0654159], [75.6503072, 17.057255], [75.6409985, 17.0375814], [75.649994, 17.0322381], [75.669694, 17.0381603], [75.6660752, 16.9797716], [75.6770822, 16.9690027], [75.670321, 16.962052], [75.6447571, 16.9540788], [75.633932, 16.9702592], [75.607863, 16.9709971], [75.6068535, 17.0045711], [75.5730972, 17.0096065], [75.567219, 17.0090463], [75.5676521, 16.9657459], [75.5293142, 16.9693998], [75.5096613, 16.9502502], [75.4890777, 16.9444227], [75.4832365, 16.9759946], [75.4661825, 16.9813117], [75.4655522, 16.988365], [75.4416035, 16.9822311], [75.427878, 16.9664946], [75.3921351, 16.9800907], [75.3500509, 16.9578165], [75.2800699, 16.9565195], [75.2793827, 16.9233283], [75.2899356, 16.9040258], [75.2820299, 16.8802905], [75.2647197, 16.8627998], [75.2376609, 16.8679409], [75.2276397, 16.8431755], [75.2142022, 16.8416992], [75.1818475, 16.8434023], [75.1889874, 16.8752803], [75.176576, 16.867707], [75.1364832, 16.8744879], [75.1344497, 16.8944966], [75.1203228, 16.9025305], [75.1173904, 16.9134437], [75.0963086, 16.9137433], [75.0893337, 16.9515822], [75.0445393, 16.9417296], [75.0252348, 16.9280023], [75.0265857, 16.9441363], [74.9929089, 16.9520704], [74.9643551, 16.9476332], [74.9645444, 16.9267763], [74.9317072, 16.9447552], [74.9217757, 16.9298617], [74.9553499, 16.9053431], [74.9635786, 16.9097113], [74.9603608, 16.8809472], [74.9442696, 16.8826906], [74.9352214, 16.8710651], [74.9255483, 16.8720298], [74.9266916, 16.863829], [74.9015157, 16.8625502], [74.9102931, 16.8351416], [74.9108167, 16.7895423], [74.9201436, 16.7724992], [74.869359, 16.7740659], [74.8656819, 16.7633603], [74.8498204, 16.7727556], [74.8445128, 16.7618155], [74.7957493, 16.7477469], [74.7719696, 16.7506823], [74.7320917, 16.718324], [74.6910195, 16.7155416], [74.6893987, 16.6864641], [74.680825, 16.6858917], [74.6895503, 16.6770257], [74.6790233, 16.6730954], [74.6795048, 16.6661705], [74.6651639, 16.6656715], [74.6535464, 16.6388754], [74.6875725, 16.6178854], [74.6869818, 16.606788], [74.6599871, 16.6028991], [74.6400137, 16.6104538], [74.6286333, 16.5777319], [74.6187985, 16.584072], [74.6095154, 16.5695913], [74.5685367, 16.5538687], [74.5548461, 16.5645119], [74.5668942, 16.5853886], [74.5587733, 16.5946532], [74.5434927, 16.5953186], [74.544489, 16.6354687], [74.4890338, 16.6301448], [74.4687425, 16.663803], [74.4547824, 16.6472955], [74.4667115, 16.6068224], [74.4354381, 16.60106], [74.4221453, 16.5845115], [74.3966259, 16.5832675], [74.3798326, 16.5285923], [74.3579255, 16.538342], [74.3562466, 16.5597473], [74.3396905, 16.5477574], [74.3157134, 16.5544547], [74.3151228, 16.5045975], [74.3061426, 16.5036929], [74.3016513, 16.5290201], [74.2915958, 16.5338824], [74.2831383, 16.5245893], [74.281089, 16.5410977], [74.2702491, 16.5475063], [74.2641311, 16.5398305], [74.278012, 16.5044553], [74.2473728, 16.4969132], [74.2607701, 16.4800966], [74.2743815, 16.4856265], [74.2796606, 16.5048253], [74.290895, 16.5049021], [74.2892752, 16.4629705], [74.3124563, 16.4532353], [74.3325916, 16.4547588], [74.3367361, 16.4288067], [74.3288533, 16.4190476], [74.3350543, 16.4014074], [74.3636943, 16.4050913], [74.3534099, 16.3664187], [74.3358694, 16.3937416], [74.327493, 16.3914992], [74.3248407, 16.3782882], [74.3171926, 16.3810037], [74.3247675, 16.3599361], [74.3176397, 16.3530528], [74.3270346, 16.3425095], [74.3153203, 16.34008], [74.3225048, 16.3343686], [74.3166066, 16.3265615], [74.328745, 16.3237475], [74.3251565, 16.313682], [74.3332181, 16.3134512], [74.331917, 16.3052524], [74.3425482, 16.2980273], [74.342013, 16.2911772], [74.3279606, 16.2932461], [74.3208257, 16.2844755], [74.3249338, 16.2717563], [74.3504603, 16.2753667], [74.3536308, 16.283093], [74.3430143, 16.29066], [74.3547783, 16.2926409], [74.3732028, 16.2616432], [74.3806359, 16.261968], [74.3826079, 16.277358], [74.4105144, 16.2830968], [74.4176107, 16.2580007], [74.4548349, 16.253393], [74.456094, 16.2438646], [74.4686205, 16.2401854], [74.4804795, 16.2501257], [74.5031019, 16.2254057], [74.495926, 16.2143006], [74.5079952, 16.2022583], [74.5062396, 16.1902437], [74.4937865, 16.1864486], [74.4798324, 16.1471251], [74.4912311, 16.1043051], [74.4815554, 16.0888895], [74.4276193, 16.1119651], [74.4069564, 16.0935082], [74.3900352, 16.0894625], [74.3908589, 16.0804849], [74.3722185, 16.0782103], [74.3613282, 16.0538359], [74.3773352, 16.0551205], [74.3734011, 16.0364435], [74.4296944, 16.0591515], [74.4622135, 16.0498376], [74.4630156, 16.0416194], [74.4564949, 16.0410588], [74.463223, 16.0391917], [74.4308304, 15.9565824], [74.3868653, 15.9049813], [74.4061707, 15.8553765], [74.3881403, 15.8542526], [74.3686149, 15.8943596], [74.3632565, 15.8749206], [74.338209, 15.8549187], [74.3830854, 15.8491049], [74.381037, 15.8353841], [74.3608011, 15.8176749], [74.3719739, 15.7982421], [74.3585336, 15.7750203], [74.3456844, 15.7645551], [74.3230697, 15.7726766], [74.3078988, 15.7484807], [74.2872852, 15.7419774], [74.2683188, 15.7547367], [74.2402551, 15.7433207], [74.2265022, 15.7626285], [74.2335013, 15.7869945], [74.2210295, 15.7859976], [74.2089672, 15.7812691], [74.2014334, 15.7586207], [74.1615566, 15.7512945], [74.1509749, 15.7358077], [74.1221656, 15.7207311], [74.1321299, 15.7024036], [74.1257709, 15.6809672], [74.0880625, 15.6722556], [74.1018761, 15.6583905], [74.135544, 15.6483716], [74.164416, 15.6534985], [74.167369, 15.6720913], [74.1809704, 15.682149], [74.190843, 15.6789519], [74.1868415, 15.6674495], [74.2040608, 15.6636803], [74.2051275, 15.6510322], [74.222162, 15.6556389], [74.215149, 15.6628741], [74.2237793, 15.6689826], [74.2504425, 15.6572579], [74.2441596, 15.6261084], [74.2537237, 15.6267389], [74.264298, 15.6155091], [74.245193, 15.5666026], [74.2631534, 15.5639367], [74.2826525, 15.5314177], [74.2764723, 15.5148912], [74.2551707, 15.5030748], [74.2509101, 15.4915931], [74.2754512, 15.4491879], [74.2687818, 15.4190978], [74.278297, 15.4056913], [74.2758717, 15.3915868], [74.3232021, 15.3676796], [74.3162587, 15.3630007], [74.3218422, 15.343595], [74.3170232, 15.3291167], [74.3364371, 15.2949429], [74.3263664, 15.2837375], [74.2943296, 15.289187], [74.2763267, 15.2835323], [74.2610254, 15.2601886], [74.2511142, 15.25885], [74.2595473, 15.241024], [74.2914986, 15.2338154], [74.3016124, 15.2243407], [74.3169611, 15.1862608], [74.2956659, 15.1512428], [74.2851344, 15.1490287], [74.2848838, 15.1139138], [74.2726451, 15.0974976], [74.296495, 15.0412077], [74.2832601, 15.0315681], [74.2680701, 15.0020095], [74.2536052, 14.9981455], [74.2643205, 14.9785247], [74.2525959, 14.9590938], [74.2366998, 14.9668451], [74.2298034, 14.9504991], [74.2136646, 14.9476904], [74.2015448, 14.9257237], [74.1794581, 14.95705], [74.1636083, 14.9584809], [74.1541592, 14.9434258], [74.1659477, 14.9181038], [74.1621185, 14.91214], [74.1242254, 14.925324], [74.0857822, 14.9009044], [74.0964751, 14.8974492], [74.1103954, 14.8629489], [74.1119066, 14.8467938], [74.1251049, 14.8378871], [74.1242605, 14.8050034], [74.1133364, 14.7967875], [74.1126159, 14.8050842], [74.0927733, 14.8040019], [74.1101931, 14.78502], [74.1178283, 14.7865524], [74.1194359, 14.7739898], [74.1423831, 14.7785402], [74.1577533, 14.7599343], [74.1521084, 14.7470599], [74.1771632, 14.7505616], [74.2040326, 14.7192769], [74.203808, 14.7363894], [74.2258771, 14.7376152], [74.2261278, 14.7477162], [74.2342392, 14.7484266], [74.2492428, 14.7410962], [74.2627981, 14.7198084], [74.256755, 14.7075633], [74.2721603, 14.7003051], [74.2800601, 14.6826925], [74.2755709, 14.6665914], [74.284006, 14.6636481], [74.2789857, 14.6580346], [74.2864392, 14.6342145], [74.2815994, 14.6264826], [74.2713655, 14.6300696], [74.2704346, 14.6269827], [74.292999, 14.5964899], [74.314727, 14.5457243], [74.3102173, 14.5213654], [74.3403764, 14.514992], [74.354732, 14.5221714], [74.3598924, 14.5109185], [74.3546051, 14.5024981], [74.3835651, 14.4395052], [74.3811121, 14.4243885], [74.397714, 14.4078857], [74.4129507, 14.3172702], [74.4416554, 14.2245659], [74.4534701, 14.200285], [74.463905, 14.2005332], [74.4689271, 14.1886766], [74.5139821, 13.9868585], [74.549288, 13.949155], [74.5692087, 13.946779], [74.6099299, 13.8655516], [74.6455525, 13.6819579], [74.6685113, 13.640168], [74.6888336, 13.4642651], [74.6954299, 13.4551794], [74.7003105, 13.3444242], [74.6935856, 13.3437074], [74.7075306, 13.3346916], [74.7163655, 13.3125794], [74.8244274, 12.8490575], [74.8641891, 12.7613766], [74.8644049, 12.7708861], [74.8672098, 12.7613678], [74.8823126, 12.7540486], [74.9329261, 12.7805425], [74.9581904, 12.7846673], [74.9683601, 12.7763615], [74.9873075, 12.7829623], [74.9890305, 12.7954631], [74.9983057, 12.7859407], [75.0031626, 12.7916673], [75.0094483, 12.7675123], [74.9832673, 12.7371963], [74.9924849, 12.7398851], [75.0133996, 12.7279545], [75.0009865, 12.7163932], [75.0524578, 12.7200811], [75.0555861, 12.6934565], [75.040499, 12.6853534], [75.046642, 12.6675657], [75.059814, 12.671766], [75.0685766, 12.6646703], [75.0851661, 12.6747608], [75.0860091, 12.7040346], [75.1062491, 12.6968145], [75.1114575, 12.6818192], [75.1325137, 12.6761363], [75.1520026, 12.6832406], [75.1498768, 12.6733275], [75.1620335, 12.6719564], [75.150806, 12.6500563], [75.138507, 12.6434364], [75.1606831, 12.6221269], [75.1829004, 12.6327987], [75.2017419, 12.6300226], [75.1992578, 12.6120687], [75.2099847, 12.600233], [75.2011422, 12.5877332], [75.2094884, 12.5910709], [75.2203183, 12.5691025], [75.2374974, 12.569758], [75.2386658, 12.5807074], [75.2496979, 12.5845667], [75.2763495, 12.6185075], [75.2915648, 12.6019484], [75.3018852, 12.605409], [75.3121568, 12.5897188], [75.3270134, 12.5923938], [75.3264282, 12.5813919], [75.3153933, 12.5725372], [75.2905369, 12.582609], [75.2846743, 12.5695683], [75.2728866, 12.5689689], [75.2739579, 12.5355982], [75.2803098, 12.5253116], [75.3040977, 12.5232819], [75.3039338, 12.5047362], [75.3150284, 12.4971107], [75.3329972, 12.4983313], [75.3415449, 12.4691203], [75.3366043, 12.4640823], [75.3608176, 12.4649684], [75.3725995, 12.4770318], [75.3680526, 12.4912125], [75.3822308, 12.5020158], [75.4173601, 12.4984385], [75.4249502, 12.4695116], [75.4133156, 12.458567], [75.3934039, 12.4513727], [75.3862864, 12.4582849], [75.3656304, 12.4567452], [75.3726109, 12.4002537], [75.4219285, 12.3726636], [75.4104045, 12.3471932], [75.4202824, 12.318985], [75.4321502, 12.3089948], [75.4139241, 12.2906694], [75.430085, 12.2990111], [75.479403, 12.2954134], [75.4938702, 12.2727882], [75.5053963, 12.270744], [75.5269133, 12.2256892], [75.5396896, 12.2168073], [75.5326131, 12.2014462], [75.5526195, 12.1928471], [75.5602654, 12.1761184], [75.5925567, 12.1478477], [75.5959049, 12.154316], [75.6190322, 12.1565189], [75.6360539, 12.1491749], [75.6490802, 12.1093317], [75.6619817, 12.0991829], [75.6768687, 12.0981976], [75.6871795, 12.110246], [75.7032626, 12.1081714], [75.7021323, 12.0922918], [75.7179299, 12.0855786], [75.7147313, 12.0704428], [75.7534847, 12.0841312], [75.8025509, 12.0785628], [75.793961, 12.0550295], [75.8010706, 12.037006], [75.8228554, 12.0133676], [75.8294702, 11.9845068], [75.8469093, 11.9820057], [75.8588594, 11.9594182], [75.8970331, 11.9454714], [76.0031985, 11.9313917], [76.0131181, 11.9417151], [76.0337199, 11.940297], [76.0700967, 11.9670767], [76.1123034, 11.9786551], [76.1128639, 11.858712], [76.1199441, 11.8504679], [76.1560272, 11.8701382], [76.1903863, 11.8712134], [76.2074736, 11.8615366], [76.2098918, 11.8281694], [76.2237192, 11.8082049], [76.2455793, 11.8029267], [76.2802231, 11.8116075], [76.2902361, 11.7928302], [76.3076998, 11.7842156], [76.3168551, 11.7525914], [76.339738, 11.7390043], [76.4142324, 11.7588481], [76.4104784, 11.7420842], [76.4181662, 11.7426032], [76.427443, 11.7259771], [76.4034071, 11.7080716], [76.417249, 11.6717381], [76.4579458, 11.664361], [76.4816822, 11.6925107], [76.5116753, 11.7049786], [76.5505279, 11.6742269], [76.5599581, 11.6224707], [76.6139849, 11.6075533], [76.7569171, 11.618437], [76.8535829, 11.596971], [76.8581245, 11.6140299], [76.8429056, 11.6268016], [76.8337361, 11.6489571], [76.862633, 11.711011], [76.8883494, 11.7336432], [76.900377, 11.7839174], [76.9080036, 11.7952454], [76.9539396, 11.7920521], [76.9699227, 11.7768597], [76.9829906, 11.8118489], [77.0129402, 11.814615], [77.0140106, 11.8062108], [77.0298799, 11.804675], [77.0387493, 11.7938467], [77.0288648, 11.7746747], [77.0351016, 11.769779], [77.0464687, 11.7876166], [77.0669199, 11.78798], [77.0697566, 11.7820764], [77.0564268, 11.7697758], [77.080218, 11.735982], [77.1050098, 11.7327982], [77.1177063, 11.7210721], [77.1107466, 11.7734725], [77.1380782, 11.7726415], [77.1470947, 11.7819148], [77.1892357, 11.7925215], [77.2386017, 11.7946527], [77.249876, 11.8130127], [77.2879755, 11.8004356], [77.2938544, 11.8089983], [77.3351488, 11.7712308], [77.3604248, 11.7794693], [77.3648464, 11.7904034], [77.3944555, 11.7876332], [77.4222273, 11.772376], [77.4272411, 11.7608704], [77.4498034, 11.7960103], [77.4666147, 11.847081], [77.4599381, 11.8634496], [77.4658564, 11.8741962], [77.461628, 11.8999835], [77.4862004, 11.8874103], [77.4948007, 11.943847], [77.5379839, 11.9323854], [77.5581778, 11.9415488], [77.603452, 11.9376567], [77.6520541, 11.9548199], [77.6756901, 11.9519788], [77.6747419, 11.9659364], [77.7089055, 12.0360181], [77.7275352, 12.0620379], [77.7556871, 12.0797337], [77.776392, 12.112281], [77.7498075, 12.1384625], [77.7333433, 12.1780797], [77.6107548, 12.2061442], [77.5653142, 12.196311], [77.5458899, 12.2046495], [77.5186837, 12.1944792], [77.4719149, 12.208418], [77.4826245, 12.2294361], [77.4711197, 12.2435102], [77.4790595, 12.2712735], [77.487598, 12.2804952], [77.5141871, 12.2753831], [77.5272247, 12.2787692], [77.5328365, 12.2914584], [77.5513368, 12.2912067], [77.578575, 12.3356658], [77.6168074, 12.3681995], [77.6296163, 12.4183245], [77.6271741, 12.4584513], [77.6346254, 12.4875993], [77.6260882, 12.496309], [77.6074236, 12.4751238], [77.5836801, 12.4787954], [77.6163265, 12.5091804], [77.5872022, 12.5147547], [77.58035, 12.5515896], [77.5910191, 12.615243], [77.6062321, 12.6289125], [77.5961228, 12.6502807], [77.5988731, 12.6671576], [77.6599101, 12.68384], [77.6763843, 12.6794716], [77.6786546, 12.6603889], [77.7042282, 12.6614044], [77.7115905, 12.6831376], [77.7246224, 12.6711876], [77.7399282, 12.6729896], [77.7351819, 12.6940218], [77.7639239, 12.6996364], [77.7744513, 12.7242144], [77.7611996, 12.7273726], [77.762416, 12.7353142], [77.792744, 12.7478635], [77.7943891, 12.7576216], [77.7788445, 12.7680068], [77.7985627, 12.7951181], [77.8076442, 12.7952519], [77.7997338, 12.8052155], [77.8021619, 12.8170035], [77.8098952, 12.8155322], [77.8098816, 12.8315318], [77.795897, 12.8345333], [77.7924628, 12.8427037], [77.7991066, 12.8515373], [77.8079195, 12.847671], [77.8230767, 12.8558417], [77.8360134, 12.8703297], [77.8903439, 12.8696551], [77.8949189, 12.8785733], [77.9293246, 12.8909156], [77.9361044, 12.8836059], [77.9271437, 12.8815197], [77.9277229, 12.8749163], [77.9417771, 12.8716366], [77.9228135, 12.8555641], [77.9205565, 12.8281572], [77.9406783, 12.8233444], [77.9466096, 12.8387092], [77.9399946, 12.8531426], [77.952336, 12.8571168], [77.9527762, 12.8501293], [77.965309, 12.8478069], [77.9643183, 12.8328427], [77.9803939, 12.8350562], [77.9792715, 12.8270432], [77.9897842, 12.8215477], [77.9885214, 12.8081947], [78.0097803, 12.8057742], [78.0153125, 12.8137911], [78.003917, 12.8255958], [78.0182977, 12.8310525], [78.0191496, 12.8439434], [78.0289879, 12.8451857], [78.0238657, 12.8565009], [78.0504699, 12.8487364], [78.0533334, 12.8538536], [78.0765246, 12.8396495], [78.0738597, 12.8305147], [78.0861986, 12.8319362], [78.090162, 12.8173609], [78.1249904, 12.7981868], [78.1342376, 12.7819657], [78.1676635, 12.7700808], [78.1951644, 12.7738448], [78.2309528, 12.7606586], [78.2456403, 12.7882633], [78.252198, 12.860551], [78.2683967, 12.8676926], [78.2820966, 12.8593147], [78.3124464, 12.8585182], [78.3136269, 12.8764532], [78.3310201, 12.8755783], [78.3370799, 12.8823646], [78.3345183, 12.8892118], [78.32033, 12.8872594], [78.3235329, 12.9017834], [78.3396587, 12.9031794], [78.355875, 12.9407407], [78.3886957, 12.9068581], [78.3963995, 12.9073137], [78.398667, 12.9173089], [78.4122111, 12.9032335], [78.4285928, 12.9020901], [78.4349479, 12.9118381], [78.4455797, 12.911796], [78.4472426, 12.8922104], [78.4641139, 12.8777023], [78.4647711, 12.8667637], [78.4666967, 12.9054097], [78.4380161, 12.9290139], [78.4281822, 12.9320931], [78.4188175, 12.9217248], [78.4111631, 12.945268], [78.4203811, 12.947742], [78.4192654, 12.9586806], [78.4379727, 12.9639854], [78.4353301, 12.9810398], [78.4674613, 12.9750225], [78.4748146, 12.9914418], [78.4636132, 13.00532], [78.4621959, 13.0432141], [78.4731219, 13.042922], [78.4784946, 13.0545368], [78.5142516, 13.0618554], [78.5094704, 13.0914951], [78.538506, 13.1057302], [78.5185282, 13.1198233], [78.517045, 13.1315904], [78.5446454, 13.1420034], [78.5483581, 13.1485388], [78.5413969, 13.1557364], [78.5501135, 13.1641889], [78.5797652, 13.1673616], [78.5760596, 13.1866918], [78.5672959, 13.1932648], [78.5497587, 13.189694], [78.5500603, 13.2001814], [78.5677929, 13.2015176], [78.5794642, 13.2156277], [78.5664015, 13.2208549], [78.5701389, 13.2471012], [78.5852957, 13.2622026], [78.5873642, 13.2806425], [78.578648, 13.2803517], [78.569537, 13.3092248], [78.5632055, 13.3093859], [78.5648107, 13.2947341], [78.5563878, 13.2838353], [78.5393227, 13.2878703], [78.5321787, 13.2669378], [78.5139427, 13.290577], [78.4793099, 13.3012903], [78.4834016, 13.3211711], [78.4442057, 13.308111], [78.4403847, 13.3284294], [78.4279475, 13.3312929], [78.4011042, 13.3154695], [78.3782509, 13.3371864], [78.3830278, 13.343586], [78.3848692, 13.334886], [78.4034919, 13.3360645], [78.4083991, 13.3456859], [78.3776366, 13.3631462], [78.3658112, 13.3586535], [78.3816755, 13.3969832], [78.3708236, 13.4695243], [78.3787892, 13.4820387], [78.3753163, 13.508954], [78.3855241, 13.5155625], [78.4066722, 13.5768552], [78.4020014, 13.587971], [78.348627, 13.5868672], [78.326171, 13.5948375], [78.2586049, 13.5830058], [78.2363401, 13.5985818], [78.232579, 13.5859832], [78.2192254, 13.5924627], [78.192972, 13.5648465], [78.1902557, 13.5901363], [78.2033343, 13.6065092], [78.2041967, 13.6284215], [78.1682238, 13.6328517], [78.1675782, 13.655825], [78.1142925, 13.6573621], [78.0989461, 13.6427989], [78.0871087, 13.6430662], [78.089743, 13.6590991], [78.0657166, 13.6761406], [78.0735854, 13.6877265], [78.0690761, 13.6978085], [78.1132201, 13.6927353], [78.1205525, 13.7159282], [78.0915234, 13.7422769], [78.126401, 13.7863768], [78.113753, 13.807468], [78.1254014, 13.8316095], [78.1236345, 13.8453538], [78.1147762, 13.8628883], [78.081906, 13.8612409], [78.0789986, 13.8811551], [78.0488653, 13.8960923], [78.0461928, 13.8621332], [78.0004838, 13.8729283], [77.9920641, 13.8688168], [77.9761028, 13.8294923], [77.9529824, 13.8273537], [77.9490788, 13.886449], [77.9845878, 13.8974014], [77.9826218, 13.9576876], [77.967431, 13.9601566], [77.9573396, 13.9367232], [77.946203, 13.9353444], [77.926767, 13.9053268], [77.8958178, 13.9203619], [77.8956945, 13.941042], [77.838825, 13.9358882], [77.8265883, 13.9447246], [77.8148434, 13.9319278], [77.8134924, 13.9146232], [77.8161779, 13.9029935], [77.8319561, 13.8956692], [77.8355394, 13.8809686], [77.8273298, 13.8744412], [77.8370724, 13.869741], [77.820195, 13.8632092], [77.8120303, 13.8489759], [77.7822687, 13.8440805], [77.7889893, 13.8297716], [77.7815346, 13.8182932], [77.7407247, 13.8124231], [77.7193087, 13.8002749], [77.7171502, 13.741341], [77.7084561, 13.7410424], [77.7032945, 13.7697886], [77.6717182, 13.7604808], [77.6800783, 13.7867777], [77.6512937, 13.7840746], [77.6210723, 13.7684385], [77.6188439, 13.7549621], [77.642234, 13.7468019], [77.6277168, 13.7346002], [77.6135549, 13.7519114], [77.5999723, 13.7507595], [77.5863662, 13.733499], [77.5716811, 13.7382044], [77.5605675, 13.7224066], [77.5474419, 13.7529007], [77.526632, 13.7536203], [77.5220243, 13.7445475], [77.536637, 13.7306013], [77.5247001, 13.691179], [77.5123699, 13.6972475], [77.5141686, 13.7132109], [77.4850399, 13.7147825], [77.4919487, 13.6897875], [77.4553341, 13.6822616], [77.4500742, 13.7109001], [77.4649616, 13.7108349], [77.4705514, 13.7580207], [77.4564874, 13.7887189], [77.4645908, 13.8060768], [77.4453316, 13.8110223], [77.4370272, 13.7967027], [77.4225677, 13.7990919], [77.4286503, 13.8068052], [77.4164283, 13.8087552], [77.43252, 13.8432165], [77.381898, 13.8393628], [77.3768936, 13.8506881], [77.3624304, 13.854246], [77.3368421, 13.8327473], [77.3253817, 13.8332437], [77.3214494, 13.8559192], [77.311495, 13.8665828], [77.2882842, 13.8474762], [77.2566946, 13.8465223], [77.2591142, 13.8631365], [77.2463601, 13.8679136], [77.2482688, 13.901211], [77.2356219, 13.9041363], [77.2198505, 13.8677173], [77.2131269, 13.88619], [77.2004308, 13.8630372], [77.1813891, 13.8698435], [77.1908365, 13.9118661], [77.1847096, 13.9251859], [77.1699218, 13.9206108], [77.1619342, 13.9066249], [77.1685799, 13.8644906], [77.1476373, 13.8684757], [77.128199, 13.8564584], [77.1321674, 13.846204], [77.1560146, 13.8443542], [77.1536778, 13.8341363], [77.168685, 13.8296195], [77.1575178, 13.8060303], [77.1785075, 13.7826847], [77.1730522, 13.7620098], [77.1511139, 13.7662066], [77.1368406, 13.7582986], [77.090443, 13.7671401], [77.0856344, 13.7424359], [77.0647004, 13.7438323], [77.0433707, 13.7777937], [77.0244725, 13.7792236], [77.016502, 13.7385092], [76.9985033, 13.7455735], [76.9852011, 13.7907951], [76.9896893, 13.8129473], [76.9764095, 13.8173277], [76.9780212, 13.8268666], [76.9922308, 13.8490075], [77.0140194, 13.8601654], [77.0230746, 13.9022125], [77.0472928, 13.9065997], [77.0416571, 13.9334332], [76.9937659, 13.9625641], [77.0003301, 13.9894175], [76.9499416, 14.0150928], [76.9434657, 14.0297415], [76.9311346, 14.0302009], [76.9323847, 14.0539248], [76.9717395, 14.058016], [76.9775701, 14.0712888], [76.9734455, 14.0835194], [76.9484003, 14.0920511], [76.9535283, 14.0996553], [76.94569, 14.1182135], [76.9249679, 14.1370897], [76.912842, 14.1288134], [76.885914, 14.1382382], [76.8945344, 14.1678113], [76.9197483, 14.1644597], [76.9421776, 14.1733119], [76.9475662, 14.1981754], [76.9606047, 14.1817713], [77.0054604, 14.1839685], [77.0233292, 14.1766877], [77.0201044, 14.1309033], [77.0262196, 14.1250166], [77.0146737, 14.1000021], [77.0298011, 14.088173], [77.0276836, 14.0617464], [77.0761231, 14.0532722], [77.0789216, 14.042639], [77.1274019, 14.0470143], [77.1410743, 14.0038554], [77.1492227, 14.0011629], [77.1728325, 14.0010836], [77.1740019, 14.0129849], [77.2453541, 14.0119444], [77.2703578, 14.0344826], [77.2787601, 14.032412], [77.2749975, 14.0112837], [77.3065754, 14.0320031], [77.3222305, 14.0299946], [77.3362204, 13.9953677], [77.361091, 13.9908121], [77.3494879, 13.9581402], [77.3712865, 13.9527514], [77.3478388, 13.9159637], [77.357633, 13.9033744], [77.3978762, 13.9061832], [77.4000194, 13.8882885], [77.4350414, 13.9150066], [77.4158785, 13.9241969], [77.4120858, 13.9455588], [77.4353639, 13.9475148], [77.4378814, 13.9755216], [77.4258385, 13.986107], [77.3816432, 13.9762337], [77.3901578, 14.0166962], [77.3323026, 14.0306882], [77.3405049, 14.0601912], [77.3605449, 14.0625598], [77.4009204, 14.1187126], [77.3906131, 14.1266401], [77.3474666, 14.1036356], [77.3513691, 14.1299795], [77.3789436, 14.1358415], [77.3948761, 14.1607688], [77.3937192, 14.1742452], [77.4670002, 14.1716425], [77.4680861, 14.1648856], [77.503506, 14.1571179], [77.5170719, 14.1844023], [77.5046483, 14.1939768], [77.4927884, 14.2310064], [77.5038627, 14.2637481], [77.4818138, 14.2916089], [77.4502798, 14.2807068], [77.4462218, 14.3174665], [77.4315288, 14.3128562], [77.4283992, 14.3286422], [77.3928036, 14.3358324], [77.3790377, 14.3227183], [77.3770728, 14.3047955], [77.3873649, 14.2708655], [77.4088315, 14.2598507], [77.4096698, 14.2319174], [77.4193905, 14.2116248], [77.3919885, 14.1989019], [77.3791713, 14.2264829], [77.359486, 14.2340065], [77.3637746, 14.2758338], [77.2835369, 14.2827365], [77.2865667, 14.340099], [77.2382007, 14.31736], [77.1974215, 14.3211758], [77.1578898, 14.3420306], [77.1356968, 14.3365111], [77.1305884, 14.3068419], [77.1156432, 14.2924797], [77.1101862, 14.2681619], [77.1111922, 14.2615776], [77.1204824, 14.2629293], [77.1166663, 14.2263809], [77.1077581, 14.2199088], [77.0811724, 14.2141521], [77.0524631, 14.245503], [77.0056639, 14.2357853], [76.9855966, 14.2473345], [76.9400559, 14.2446074], [76.9248974, 14.2737836], [76.9567245, 14.2943465], [76.9456497, 14.3131811], [76.9033746, 14.3227042], [76.8846415, 14.347542], [76.8848179, 14.3957087], [76.8986347, 14.39795], [76.9158728, 14.4206414], [76.9427346, 14.3993691], [76.9447908, 14.4508963], [76.9598, 14.4502134], [76.9748362, 14.4849364], [76.9006881, 14.4892081], [76.8679616, 14.4740384], [76.8556025, 14.5095914], [76.8310086, 14.5303618], [76.8062822, 14.5310649], [76.7913629, 14.5546536], [76.7818427, 14.596496], [76.7650684, 14.6023384], [76.7752709, 14.68096], [76.8029437, 14.7418842], [76.7826869, 14.785938], [76.8367484, 14.7907748], [76.8373681, 14.8105641], [76.8539773, 14.8094442], [76.841789, 14.8365524], [76.854064, 14.8432275], [76.8571935, 14.8691069], [76.8454795, 14.889294], [76.847333, 14.895983], [76.8638437, 14.8955819], [76.8696215, 14.9377101], [76.8674588, 14.9698223], [76.8419375, 14.9664053], [76.8285035, 14.9564573], [76.8182792, 14.9694381], [76.7665387, 14.9756168], [76.7605691, 14.9898576], [76.7750249, 14.9930627], [76.7901302, 15.0207147], [76.773606, 15.059122], [76.7766938, 15.0784006], [76.800235, 15.0958321], [76.8360159, 15.0792345], [76.8658851, 15.0596846], [76.8771703, 15.0302405], [76.9183659, 15.035523], [76.9852222, 15.0151888], [76.986033, 15.0264863], [77.0040782, 15.0338329], [77.0495625, 15.0330761], [77.0441175, 15.0098427], [77.0824513, 15.0060806], [77.0847476, 15.0307087], [77.1129292, 15.0340564], [77.1282129, 15.0723134], [77.1301199, 15.1007685], [77.1563276, 15.1229316], [77.1572789, 15.140469], [77.1354051, 15.1497478], [77.1407558, 15.1585863], [77.1628316, 15.1573595], [77.1691336, 15.1713486], [77.1476565, 15.2239094], [77.1251204, 15.2269393], [77.1263869, 15.2404387], [77.1362178, 15.2409594], [77.1437775, 15.2572136], [77.1676717, 15.2584956], [77.166931, 15.2685842], [77.1471355, 15.2729214], [77.1515776, 15.292435], [77.1183752, 15.2948506], [77.113101, 15.3336782], [77.0637273, 15.3280183], [77.0648964, 15.3435521], [77.0418289, 15.3619222], [77.0472484, 15.3900219], [77.0292286, 15.4043603], [77.033528, 15.4328892], [77.0107707, 15.4487421], [76.9973015, 15.4780065], [76.9740178, 15.4982341], [76.9745308, 15.5105065], [77.0300398, 15.5026479], [77.0304324, 15.6344927], [77.0717251, 15.6466532], [77.0831894, 15.6591454], [77.1214232, 15.6310849], [77.1288837, 15.6658647], [77.0786939, 15.695144], [77.0874075, 15.7154885], [77.0788658, 15.7162549], [77.0796887, 15.7275108], [77.049098, 15.7302582], [77.0479913, 15.7562169], [77.0543089, 15.756174], [77.0523115, 15.7698735], [77.0671724, 15.7877356], [77.0654709, 15.827349], [77.0358548, 15.8295525], [77.0251868, 15.8375115], [77.0326166, 15.8569151], [77.0845737, 15.9186411], [77.1852882, 15.9567425], [77.2354713, 15.957139], [77.2488664, 15.9645554], [77.2846759, 15.953807], [77.301072, 15.9579976], [77.3612459, 15.949421], [77.380101, 15.9397659], [77.4295966, 15.9490635], [77.5134382, 15.9267925], [77.5198078, 15.9669135], [77.5095546, 15.9803952], [77.5140521, 16.0080763], [77.5044124, 16.0113288], [77.49431, 16.037539], [77.5068754, 16.0796355], [77.493658, 16.0863436], [77.5009319, 16.1061884], [77.5132756, 16.1080238], [77.5002225, 16.1205911], [77.4897933, 16.1196301], [77.486152, 16.1629842], [77.5011491, 16.2217178], [77.514992, 16.221956], [77.5156574, 16.2277895], [77.492343, 16.2292973], [77.490066, 16.2551805], [77.5024044, 16.2630578], [77.5048148, 16.2758009], [77.5218694, 16.2780286], [77.5368979, 16.266804], [77.5450759, 16.2917115], [77.5632058, 16.3016355], [77.5819996, 16.2913384], [77.5978097, 16.2931126], [77.5880332, 16.3333739], [77.5939226, 16.3438936], [77.5727204, 16.3409341], [77.5387723, 16.3582051], [77.5233988, 16.3758331], [77.489691, 16.3850148], [77.4409839, 16.3807654], [77.4209484, 16.3662305], [77.3780461, 16.3855643], [77.3490971, 16.3838454], [77.288211, 16.4087016], [77.2689503, 16.4304616], [77.2620744, 16.4518385], [77.235761, 16.4727439], [77.2939966, 16.4766703], [77.2987129, 16.4961615], [77.3295637, 16.4859054], [77.3690128, 16.4886714], [77.3777888, 16.5137048], [77.4191168, 16.5223783], [77.4190171, 16.5489244], [77.4037568, 16.5511945], [77.3928745, 16.5699744], [77.4237577, 16.568881], [77.4397108, 16.587147], [77.4622237, 16.5854778], [77.4673966, 16.5988369], [77.4677895, 16.6097575], [77.4536478, 16.6167472], [77.4761107, 16.6501071], [77.4624037, 16.6542714], [77.4446817, 16.6392328], [77.4343436, 16.6413821], [77.4385957, 16.6453297], [77.4190123, 16.6584373], [77.4188604, 16.6685723], [77.442552, 16.6698452], [77.4477165, 16.6793095], [77.4638975, 16.6763031], [77.4698017, 16.68703], [77.4740496, 16.7165588], [77.4471845, 16.7207279], [77.438462, 16.7116792], [77.4260679, 16.7228738], [77.4431491, 16.7625106], [77.4394988, 16.7891316], [77.4671948, 16.7804529], [77.476494, 16.7883698], [77.457083, 16.8301798], [77.4640581, 16.8505926], [77.4540159, 16.9138977], [77.4694353, 16.9191974], [77.4652285, 16.9566133], [77.4813413, 16.9704302], [77.4795162, 16.9960175], [77.5025316, 17.0141045], [77.4809801, 17.0792347], [77.4628551, 17.0940891], [77.4636228, 17.1099968], [77.4066584, 17.1245112], [77.4038216, 17.1329151], [77.3779168, 17.1399422], [77.3781706, 17.1526603], [77.3637243, 17.1587817], [77.3722717, 17.1955628], [77.3938936, 17.1943966], [77.4037479, 17.2098921], [77.3801876, 17.2225305], [77.4082705, 17.2412053], [77.4204186, 17.2376248], [77.4263297, 17.2564624], [77.4585352, 17.2789973], [77.4548778, 17.2872415], [77.4379259, 17.2919188], [77.4560249, 17.331396], [77.4536062, 17.3739899], [77.4790959, 17.3707212], [77.4744315, 17.3615127], [77.4838185, 17.3549974], [77.5157588, 17.3603847], [77.5298019, 17.3707113], [77.5331515, 17.3804969], [77.5242855, 17.3879962], [77.5378441, 17.4060928], [77.5141738, 17.4141812], [77.5129984, 17.4308703], [77.537301, 17.4437469], [77.5758618, 17.4307144], [77.5761861, 17.4561676], [77.6142714, 17.4459464], [77.6152311, 17.4728907], [77.6447852, 17.4775662], [77.6568923, 17.5064611], [77.6522753, 17.4828523], [77.6573649, 17.4809185], [77.6884021, 17.4751961], [77.6924475, 17.4974302], [77.6887986, 17.5109389], [77.6730154, 17.5094207], [77.6620096, 17.5228227], [77.6279604, 17.5236345], [77.6120625, 17.5347567], [77.5968993, 17.5343032], [77.5937999, 17.5645131], [77.5505593, 17.5517338], [77.5374363, 17.5754421], [77.5283834, 17.5753655], [77.5068988, 17.542279], [77.4940657, 17.5683579], [77.478051, 17.5668035], [77.4618129, 17.580753], [77.443119, 17.5839632], [77.4557543, 17.6324884], [77.4482183, 17.6511224], [77.4524302, 17.6947034], [77.5220075, 17.7260265], [77.5459639, 17.7268407], [77.5685342, 17.7489064], [77.5691495, 17.766492], [77.554859, 17.7639709], [77.5375091, 17.7799337], [77.5065574, 17.7859527], [77.5151572, 17.8054654], [77.5290315, 17.8129312], [77.5282214, 17.8278978], [77.5466966, 17.8284846], [77.5540261, 17.8200679], [77.5763988, 17.8754194], [77.5990765, 17.8730873], [77.5860632, 17.9078357], [77.6190388, 17.9040598], [77.618683, 17.9394903], [77.6325119, 17.9466734], [77.632885, 17.9558035], [77.6245445, 17.9596029], [77.6330129, 17.9673821], [77.6372132, 17.9523248], [77.6494849, 17.9500153], [77.6558552, 17.9688393], [77.6489056, 17.9988776], [77.6277874, 17.9967872], [77.6074707, 18.0098539], [77.6059338, 18.020233], [77.5885902, 18.0121563], [77.5805946, 18.0315823], [77.5537863, 18.0358209], [77.5476357, 18.0561311], [77.5483352, 18.0652105], [77.557425, 18.0637313], [77.5659217, 18.076674], [77.5956379, 18.0860278], [77.5988037, 18.0933313], [77.5968429, 18.1559476], [77.5813139, 18.1623167], [77.5634605, 18.196129], [77.5853147, 18.2198203], [77.5717796, 18.2440019], [77.6054172, 18.281349], [77.5725571, 18.2933023], [77.5613409, 18.2849492], [77.5126314, 18.3095985], [77.5115575, 18.2820493], [77.4926671, 18.2672035], [77.4813795, 18.2723562], [77.4650375, 18.262536], [77.447578, 18.2699952], [77.4365116, 18.2932287], [77.4376648, 18.3103138], [77.4089952, 18.3014687], [77.3657897, 18.3071248], [77.3567244, 18.3202021], [77.38094, 18.331022], [77.3824278, 18.3422528], [77.4001486, 18.3474464], [77.3948698, 18.3684547], [77.409836, 18.3774114], [77.4140943, 18.3931075], [77.4001643, 18.4019981], [77.3728282, 18.4013132], [77.3621493, 18.4298884], [77.3656359, 18.4515641], [77.3534851, 18.4476666], [77.3452183, 18.4336111]]], [[[77.2962899, 18.4771016], [77.2721503, 18.4729624], [77.2674736, 18.4546127], [77.2887957, 18.4552521], [77.2995287, 18.4648796], [77.2962899, 18.4771016]]]]}}, {"type": "Feature", "properties": {"state_name": "andhra Pradesh", "stname": "ANDHRA PRADESH", "state_lgd": 28, "id": 2}, "geometry": {"type": "Polygon", "coordinates": [[[84.7120113, 19.158277], [84.6687393, 19.1629892], [84.6673184, 19.1298567], [84.59553, 19.1324495], [84.6095452, 19.1007787], [84.6254777, 19.0990929], [84.6254948, 19.0849136], [84.6311965, 19.0821015], [84.647041, 19.0962629], [84.6586633, 19.0943338], [84.6708523, 19.0763301], [84.6630824, 19.0746062], [84.661131, 19.0630389], [84.6183524, 19.0658672], [84.6224277, 19.0598525], [84.6134279, 19.0565663], [84.6009011, 19.0247894], [84.5816662, 19.0300883], [84.583095, 19.07273], [84.5747022, 19.0675668], [84.5728648, 19.07372], [84.5566027, 19.0565809], [84.516379, 19.048426], [84.4943674, 19.0290012], [84.4826423, 19.0165689], [84.4788932, 18.9884592], [84.4416063, 19.0035295], [84.4210854, 19.0219914], [84.4322188, 18.9950506], [84.4524262, 18.9759775], [84.4310729, 18.9691894], [84.4242198, 18.9472539], [84.4276838, 18.9320902], [84.4385716, 18.9315726], [84.4380246, 18.9204621], [84.4283926, 18.9090225], [84.4185728, 18.9173208], [84.4180181, 18.8972021], [84.4000873, 18.8953085], [84.393534, 18.9043328], [84.3789339, 18.9042175], [84.3975181, 18.8902832], [84.3921325, 18.8762964], [84.3602665, 18.8945527], [84.3842022, 18.8741397], [84.3742269, 18.8613884], [84.3620603, 18.860882], [84.3370228, 18.8899831], [84.3305332, 18.8832151], [84.3256043, 18.8760918], [84.3330603, 18.8605137], [84.3638496, 18.8371219], [84.3521115, 18.8314875], [84.3494079, 18.8200577], [84.3310552, 18.8178497], [84.3445454, 18.8017971], [84.3265917, 18.7987865], [84.3212584, 18.7864924], [84.2886615, 18.8046593], [84.2864894, 18.7923021], [84.2609667, 18.7832201], [84.2367409, 18.7985519], [84.2143983, 18.7954249], [84.2137724, 18.793998], [84.2189144, 18.7911853], [84.2180837, 18.7901075], [84.1953427, 18.7916768], [84.1899385, 18.777704], [84.1634956, 18.7893039], [84.1403875, 18.7772722], [84.1380898, 18.7614906], [84.1223839, 18.7679442], [84.0894625, 18.7567804], [84.0895899, 18.7639873], [84.076417, 18.7644452], [84.0679899, 18.7823113], [84.0599119, 18.7824235], [84.0598768, 18.7991751], [84.0466859, 18.8016076], [84.0384833, 18.8164328], [84.0154659, 18.8170632], [84.0157313, 18.8087526], [83.965093, 18.8146156], [83.9501615, 18.8051773], [83.9158049, 18.8279616], [83.8996301, 18.8244026], [83.8931623, 18.8144732], [83.8877254, 18.830961], [83.8460051, 18.8690974], [83.8457877, 18.9135828], [83.8265774, 18.9162837], [83.8217617, 18.9602291], [83.8089263, 18.9922829], [83.7951243, 19.0036837], [83.794688, 19.017977], [83.7779058, 19.0175348], [83.781983, 19.0083946], [83.7515502, 18.9986786], [83.7448535, 18.9879788], [83.7589552, 18.9506131], [83.7696473, 18.954756], [83.7878908, 18.9158688], [83.7782434, 18.9113634], [83.7631688, 18.9272815], [83.7538587, 18.925131], [83.7330127, 18.9877118], [83.7141996, 18.9929867], [83.7094769, 19.0026365], [83.7300169, 19.0219554], [83.7001389, 19.0254512], [83.6852525, 19.0585321], [83.6610179, 19.0811376], [83.6628225, 19.0989501], [83.6470364, 19.118398], [83.6549629, 19.1296208], [83.6370078, 19.1314776], [83.6317029, 19.140841], [83.6372583, 19.1535144], [83.6260341, 19.1626664], [83.6208038, 19.1416786], [83.5991264, 19.1301615], [83.6106142, 19.0960633], [83.5855886, 19.0865554], [83.5844551, 19.0575659], [83.5634192, 19.0578505], [83.5669997, 19.0717391], [83.5601738, 19.0870685], [83.5490455, 19.0805177], [83.5575674, 19.0562024], [83.5417349, 19.0414846], [83.5367052, 19.0094951], [83.5009358, 19.0206616], [83.4964664, 19.0354694], [83.514821, 19.0284563], [83.5193017, 19.039065], [83.5117148, 19.0703154], [83.5006072, 19.0606496], [83.4808399, 19.0785048], [83.4833958, 19.0922559], [83.4679767, 19.093118], [83.478372, 19.0792739], [83.4662705, 19.0799014], [83.4622943, 19.0637665], [83.4691977, 19.0610958], [83.4707234, 19.0429096], [83.4833475, 19.0335467], [83.4796802, 19.0084672], [83.4499722, 19.0095092], [83.4552733, 18.9912638], [83.4678354, 18.9910831], [83.4698121, 18.9693235], [83.4618291, 18.9547814], [83.4458599, 18.9577609], [83.4388838, 18.976385], [83.4153213, 18.9891797], [83.4196068, 19.0002638], [83.4004733, 19.0093956], [83.3726129, 19.0022592], [83.3674781, 19.016482], [83.3429215, 19.0181366], [83.3387848, 18.9970051], [83.3106462, 18.9986729], [83.318742, 18.9734089], [83.3348224, 18.9685238], [83.3325166, 18.9576741], [83.3390171, 18.9527782], [83.3271097, 18.9446189], [83.326498, 18.931982], [83.3484377, 18.9262864], [83.3438472, 18.9411249], [83.3501701, 18.9432668], [83.3482836, 18.9603831], [83.354736, 18.9672963], [83.3671254, 18.9630064], [83.3712754, 18.9426502], [83.3873778, 18.9329785], [83.3706043, 18.9260362], [83.370147, 18.9417163], [83.352484, 18.9434631], [83.3598253, 18.9147124], [83.3697171, 18.9078759], [83.3906091, 18.9096085], [83.378331, 18.896955], [83.3819154, 18.8917564], [83.4147514, 18.8749632], [83.4048736, 18.8619052], [83.4058826, 18.8425152], [83.3783257, 18.8306629], [83.3681509, 18.84406], [83.3282457, 18.8180818], [83.3306163, 18.8063467], [83.309306, 18.809502], [83.2843379, 18.7978782], [83.275274, 18.782905], [83.2813737, 18.7746024], [83.2713546, 18.7646354], [83.2246075, 18.7750882], [83.2277178, 18.7552386], [83.2124521, 18.7304855], [83.2065479, 18.7514384], [83.1931871, 18.7531222], [83.1779074, 18.7708603], [83.1564798, 18.7682319], [83.1390297, 18.7853646], [83.115147, 18.7680946], [83.1222073, 18.7575001], [83.0727908, 18.70554], [83.0580236, 18.6653147], [83.0131284, 18.6460542], [83.0196328, 18.6351216], [82.9995744, 18.6195316], [83.0004701, 18.6079849], [83.0152135, 18.6054382], [83.0135621, 18.5943639], [83.0237902, 18.5896472], [83.0527925, 18.6006838], [83.0530968, 18.5881286], [83.0400751, 18.5864814], [83.0299963, 18.573338], [83.0453542, 18.5441837], [83.0621557, 18.5422394], [83.0809415, 18.5540249], [83.0950392, 18.5466424], [83.0552064, 18.4956572], [83.0551102, 18.4856085], [83.0209477, 18.456242], [83.0409372, 18.4407925], [83.0425304, 18.4242258], [83.0585645, 18.4366816], [83.0673116, 18.4300914], [83.0574357, 18.419372], [83.0770513, 18.4033543], [83.0544888, 18.3799858], [83.0219207, 18.3917038], [82.9968255, 18.3855233], [82.9704715, 18.3600061], [82.9601082, 18.3664098], [82.9397271, 18.3608187], [82.9221962, 18.3754241], [82.9130832, 18.3684782], [82.8941937, 18.3815681], [82.8949997, 18.4241026], [82.8712951, 18.4184563], [82.8564108, 18.4254369], [82.8524161, 18.4192015], [82.8455818, 18.4337729], [82.8156371, 18.4509022], [82.8031426, 18.449246], [82.7821633, 18.4307878], [82.7868829, 18.4107134], [82.7995384, 18.4067498], [82.7938629, 18.3860235], [82.782649, 18.3818918], [82.7905564, 18.3631878], [82.7740858, 18.3403167], [82.7596886, 18.3396146], [82.7342726, 18.3202416], [82.714738, 18.3223892], [82.7093756, 18.3131795], [82.6667659, 18.2980292], [82.6426499, 18.302033], [82.6522424, 18.2811418], [82.6422801, 18.2637668], [82.6524867, 18.2499994], [82.637681, 18.2367045], [82.5877853, 18.2760634], [82.5986552, 18.3041863], [82.5813067, 18.3151689], [82.5948847, 18.3288758], [82.6089417, 18.3271268], [82.6020447, 18.3522763], [82.6145221, 18.3509106], [82.6212275, 18.3597083], [82.6059854, 18.3660583], [82.605291, 18.3820298], [82.5995163, 18.3797879], [82.5947956, 18.3892289], [82.5838746, 18.386727], [82.562425, 18.3999563], [82.555331, 18.3936263], [82.5355286, 18.4061706], [82.5470865, 18.4126051], [82.5414142, 18.4219082], [82.5613959, 18.4484901], [82.5423719, 18.4576272], [82.5395579, 18.4436042], [82.5283367, 18.4642058], [82.51942, 18.4655967], [82.5341902, 18.4777344], [82.526495, 18.496288], [82.5321612, 18.5109882], [82.520281, 18.5175943], [82.5043315, 18.5138726], [82.4862737, 18.5280524], [82.4813379, 18.5406101], [82.4935039, 18.5436361], [82.4827531, 18.5487221], [82.4447481, 18.5140889], [82.4374326, 18.4938139], [82.4035191, 18.4642177], [82.3819988, 18.4325823], [82.3642124, 18.4215376], [82.3796247, 18.4038013], [82.385549, 18.3675053], [82.3382183, 18.3267104], [82.3558702, 18.3159229], [82.3750918, 18.3286937], [82.3889613, 18.3285074], [82.3923359, 18.2979495], [82.3764959, 18.2806785], [82.344665, 18.2805482], [82.333363, 18.2529082], [82.3365283, 18.2407682], [82.3244124, 18.2312104], [82.3370551, 18.2243046], [82.3108425, 18.2040948], [82.3154526, 18.1840292], [82.3533673, 18.1716932], [82.3723168, 18.1481635], [82.3632481, 18.1348089], [82.3387954, 18.1469223], [82.33579, 18.1058587], [82.3470007, 18.0982487], [82.3517814, 18.0765864], [82.343883, 18.0579945], [82.3341446, 18.0513298], [82.3222539, 18.0599059], [82.3198498, 18.0447634], [82.3077417, 18.0451123], [82.3103341, 18.0539281], [82.2987429, 18.055276], [82.3020053, 18.069157], [82.2726117, 18.057221], [82.2616094, 18.0418538], [82.2735487, 18.0213434], [82.2655751, 17.9986273], [82.2222466, 18.0016753], [82.2053129, 18.0183688], [82.187805, 18.0147312], [82.178624, 18.0203858], [82.1843191, 18.0287871], [82.1688389, 18.051953], [82.1467765, 18.052311], [82.137176, 18.043936], [82.1334899, 18.0598902], [82.1020305, 18.0602394], [82.0766357, 18.0752174], [82.0615641, 18.0554504], [82.0404449, 18.0573139], [82.0323239, 18.0693184], [82.0073899, 18.0563233], [82.0093472, 18.0300727], [81.9942738, 18.027313], [81.9629665, 17.9992515], [81.9199071, 17.9912093], [81.905178, 17.9773153], [81.8664882, 17.9632936], [81.8098941, 17.9509843], [81.7901286, 17.9208065], [81.7258345, 17.8790093], [81.7091736, 17.871996], [81.6985326, 17.9013543], [81.686104, 17.8853015], [81.6697311, 17.8865515], [81.6417076, 17.8413233], [81.6223479, 17.8334458], [81.6165474, 17.8220758], [81.5743161, 17.8371676], [81.5636869, 17.8257062], [81.4900455, 17.8126949], [81.4739201, 17.8379657], [81.4441931, 17.8249658], [81.4341221, 17.8319301], [81.4155967, 17.8134232], [81.3965508, 17.8202327], [81.3918533, 17.7941797], [81.3541097, 17.8122871], [81.2662642, 17.8095223], [81.1661345, 17.8576004], [81.0939651, 17.8092728], [81.0855875, 17.7980235], [81.0959976, 17.7744933], [81.1042623, 17.7720064], [81.0581986, 17.7331125], [81.0405644, 17.7476084], [80.991318, 17.7499171], [80.9734218, 17.7801222], [80.9553239, 17.7746196], [80.9463125, 17.7601869], [80.9278527, 17.7617744], [80.9175696, 17.7481077], [80.8855463, 17.735678], [80.8947496, 17.70291], [80.8764025, 17.6683787], [80.8800788, 17.647957], [80.9380966, 17.6325793], [80.9800595, 17.6526106], [81.0052618, 17.6487595], [81.0070449, 17.6217147], [80.9959232, 17.6290757], [80.984106, 17.6262096], [80.9693064, 17.5983766], [80.9983998, 17.5646846], [81.0148264, 17.5221262], [81.0800677, 17.5150461], [81.0975632, 17.5042559], [81.1272797, 17.5264229], [81.1384757, 17.5162356], [81.1421454, 17.4885875], [81.1596051, 17.4843025], [81.1482537, 17.4636533], [81.1755473, 17.4636364], [81.1723271, 17.4490433], [81.1932972, 17.4356252], [81.2026971, 17.4339532], [81.2052636, 17.4495879], [81.2685423, 17.418259], [81.3123823, 17.4087238], [81.3226374, 17.3745444], [81.3011071, 17.3406635], [81.2740288, 17.3171927], [81.2456713, 17.3257899], [81.2335668, 17.3203608], [81.1904105, 17.3248141], [81.1766589, 17.2876681], [81.1875947, 17.254652], [81.1739773, 17.230337], [81.0796062, 17.2152771], [81.0546093, 17.2248742], [81.0494953, 17.2070686], [81.0312711, 17.1903299], [80.9943589, 17.1913233], [80.9412815, 17.2192941], [80.9188773, 17.2197373], [80.9239946, 17.1578463], [80.9070253, 17.1538504], [80.8795203, 17.1608153], [80.8782504, 17.1351399], [80.8677406, 17.1231306], [80.8764302, 17.1055891], [80.867581, 17.0804499], [80.8768821, 17.0709919], [80.8453095, 17.0399672], [80.8288226, 17.0527675], [80.7388813, 17.0795889], [80.6994497, 17.0837942], [80.6949626, 17.0741352], [80.6734654, 17.0666383], [80.6538108, 17.0686115], [80.6570932, 17.0895588], [80.6705548, 17.1011875], [80.6420427, 17.1159048], [80.64527, 17.1235482], [80.6368841, 17.1283739], [80.6182523, 17.1284213], [80.5800285, 17.1530664], [80.563184, 17.1331045], [80.5312114, 17.11979], [80.5140799, 17.1220529], [80.5040339, 17.092642], [80.5100807, 17.0869042], [80.5053972, 17.0684637], [80.4909319, 17.050968], [80.4713759, 17.0503694], [80.4648593, 17.0300238], [80.4386285, 17.0375833], [80.4170466, 17.0736119], [80.4189649, 17.0923013], [80.4090304, 17.091497], [80.3857332, 17.0679269], [80.3984784, 17.0523404], [80.3957586, 17.0357278], [80.407149, 17.0257604], [80.4070349, 17.015796], [80.3878534, 17.0092663], [80.3634046, 16.9760656], [80.4496677, 16.9547639], [80.4934461, 16.9274286], [80.499229, 16.9563346], [80.5261035, 16.9478814], [80.5346961, 16.9614145], [80.6019416, 16.9185897], [80.58712, 16.9041778], [80.5959124, 16.884622], [80.5683061, 16.8693881], [80.5628477, 16.8328408], [80.6129666, 16.793541], [80.5971074, 16.7922057], [80.5702408, 16.768009], [80.5043932, 16.7786886], [80.4644549, 16.7954487], [80.4642402, 16.8199778], [80.4285875, 16.8381162], [80.4277094, 16.8497965], [80.3840371, 16.8652565], [80.3783674, 16.8519899], [80.4077959, 16.8482288], [80.4042158, 16.8320464], [80.3804313, 16.8174499], [80.3740656, 16.8523945], [80.3409043, 16.8597122], [80.3440076, 16.8743701], [80.3216989, 16.8796299], [80.3238052, 16.9064273], [80.3115867, 16.9166595], [80.3164745, 16.9484354], [80.3050154, 16.9536994], [80.3065886, 16.9737928], [80.2902749, 16.981076], [80.2935908, 16.9963324], [80.2826609, 17.007672], [80.2648952, 16.9972743], [80.2404017, 17.0021484], [80.2261618, 17.0153216], [80.2228682, 17.0078377], [80.2114296, 17.0102735], [80.202057, 17.0170256], [80.2040905, 17.0382881], [80.1964528, 17.0440337], [80.1872871, 17.019955], [80.1701654, 17.0168272], [80.1677638, 17.005591], [80.1533569, 17.0069427], [80.1402369, 16.9905923], [80.0951606, 16.9906515], [80.0915685, 16.9683554], [80.0554448, 16.9714216], [80.0404047, 16.9180829], [80.0173837, 16.9149748], [79.9987615, 16.8652141], [80.0165592, 16.8546143], [80.0468438, 16.8533423], [80.0481767, 16.8332299], [80.073254, 16.8171912], [80.0706019, 16.8016923], [80.0538616, 16.7654336], [80.0549553, 16.7446463], [80.0300382, 16.7144052], [79.9974112, 16.7020928], [79.96307, 16.6435327], [79.9341451, 16.6315724], [79.9101061, 16.6339176], [79.8937222, 16.6501119], [79.8775287, 16.6972982], [79.8510627, 16.7058389], [79.8172622, 16.691867], [79.792511, 16.7254967], [79.7739909, 16.7307752], [79.7446129, 16.7190817], [79.7228941, 16.6902765], [79.6815417, 16.6943724], [79.6330906, 16.6604241], [79.5989234, 16.6732254], [79.5756295, 16.6497845], [79.5420909, 16.6322465], [79.5038451, 16.6359193], [79.4833311, 16.6230956], [79.4471734, 16.6197128], [79.4330514, 16.5907472], [79.41864, 16.5802452], [79.3401136, 16.5826392], [79.2910222, 16.5615747], [79.256838, 16.5658186], [79.2447724, 16.5318092], [79.2208841, 16.51434], [79.21483, 16.4879088], [79.2333569, 16.4592011], [79.2115645, 16.4473876], [79.2102016, 16.3582303], [79.2342959, 16.3338391], [79.216546, 16.2274042], [79.1569474, 16.2092869], [79.1197247, 16.2319382], [79.1015777, 16.2228231], [79.0480186, 16.2386731], [79.0095088, 16.2402149], [78.9857169, 16.2107149], [78.9602691, 16.2090707], [78.9054015, 16.1835896], [78.9242796, 16.1357784], [78.9220271, 16.1043133], [78.8955997, 16.0855796], [78.8890488, 16.0851861], [78.8721496, 16.1439687], [78.8338478, 16.144476], [78.8424124, 16.0952064], [78.837757, 16.0718584], [78.7831458, 16.02029], [78.7354959, 16.0081518], [78.7235714, 16.0201195], [78.6811923, 16.0347897], [78.6502214, 16.0788064], [78.6272387, 16.0876368], [78.6016327, 16.0839261], [78.5869354, 16.0634356], [78.5517609, 16.0428018], [78.4747726, 16.0684985], [78.407892, 16.0748092], [78.3654184, 16.0467808], [78.3477304, 16.0474746], [78.3265568, 16.0367376], [78.3219272, 16.0171094], [78.3122616, 16.0115096], [78.2608635, 16.025817], [78.2516171, 15.9352247], [78.1844293, 15.9098172], [78.1794361, 15.9019329], [78.1899344, 15.8922688], [78.1766745, 15.876763], [78.1753438, 15.8580753], [78.1355361, 15.8547044], [78.13007, 15.8506991], [78.1339993, 15.8362599], [78.0835546, 15.8409228], [78.0713556, 15.8503676], [78.0715198, 15.8617453], [78.0468186, 15.8749013], [78.0449421, 15.9041418], [78.0318896, 15.9073461], [78.0088631, 15.8617538], [77.9753342, 15.883339], [77.9369571, 15.8834971], [77.8879788, 15.906084], [77.8782166, 15.9052168], [77.8585121, 15.883708], [77.8035166, 15.8741349], [77.7240959, 15.8958142], [77.6927471, 15.8833143], [77.6592006, 15.8854989], [77.6113918, 15.9179348], [77.5950407, 15.9118487], [77.5489782, 15.9191224], [77.4659979, 15.9345015], [77.4295966, 15.9490635], [77.3794752, 15.939802], [77.3612459, 15.949421], [77.301072, 15.9579976], [77.2846759, 15.953807], [77.2488664, 15.9645554], [77.2354713, 15.957139], [77.1550696, 15.9500338], [77.0747553, 15.9120192], [77.0251868, 15.8375115], [77.0358548, 15.8295525], [77.0652045, 15.8281939], [77.0671724, 15.7877356], [77.0523115, 15.7698735], [77.0564575, 15.7628261], [77.0459465, 15.7403675], [77.049098, 15.7302582], [77.0796887, 15.7275108], [77.0788658, 15.7162549], [77.0874075, 15.7154885], [77.0786939, 15.695144], [77.1288837, 15.6658647], [77.1214232, 15.6310849], [77.0831894, 15.6591454], [77.0717251, 15.6466532], [77.0304324, 15.6344927], [77.0300398, 15.5026479], [76.9745308, 15.5105065], [76.9738366, 15.4995265], [76.9973015, 15.4780065], [77.0107707, 15.4487421], [77.033528, 15.4328892], [77.0292286, 15.4043603], [77.0472484, 15.3900219], [77.0418289, 15.3619222], [77.0648964, 15.3435521], [77.0637273, 15.3280183], [77.113101, 15.3336782], [77.1183752, 15.2948506], [77.1515776, 15.292435], [77.1471355, 15.2729214], [77.166931, 15.2685842], [77.1676717, 15.2584956], [77.1437775, 15.2572136], [77.1362178, 15.2409594], [77.1263869, 15.2404387], [77.1251204, 15.2269393], [77.1476565, 15.2239094], [77.1691336, 15.1713486], [77.1628316, 15.1573595], [77.1407558, 15.1585863], [77.1354051, 15.1497478], [77.1572789, 15.140469], [77.1563276, 15.1229316], [77.1301199, 15.1007685], [77.1282129, 15.0723134], [77.1129292, 15.0340564], [77.0847476, 15.0307087], [77.0824513, 15.0060806], [77.0441175, 15.0098427], [77.0495625, 15.0330761], [77.0040782, 15.0338329], [76.986033, 15.0264863], [76.9852222, 15.0151888], [76.9183659, 15.035523], [76.8771703, 15.0302405], [76.8658851, 15.0596846], [76.8360159, 15.0792345], [76.800235, 15.0958321], [76.7766938, 15.0784006], [76.773606, 15.059122], [76.7901302, 15.0207147], [76.7750249, 14.9930627], [76.7605691, 14.9898576], [76.7665387, 14.9756168], [76.8182792, 14.9694381], [76.8285035, 14.9564573], [76.8419375, 14.9664053], [76.8674588, 14.9698223], [76.8696215, 14.9377101], [76.8638437, 14.8955819], [76.847333, 14.895983], [76.8454795, 14.889294], [76.8571935, 14.8691069], [76.854064, 14.8432275], [76.841789, 14.8365524], [76.8539773, 14.8094442], [76.8373681, 14.8105641], [76.8367484, 14.7907748], [76.7826869, 14.785938], [76.8029437, 14.7418842], [76.7752709, 14.68096], [76.7650684, 14.6023384], [76.7818427, 14.596496], [76.7913629, 14.5546536], [76.8062822, 14.5310649], [76.8310086, 14.5303618], [76.8556025, 14.5095914], [76.8679616, 14.4740384], [76.9006881, 14.4892081], [76.9748362, 14.4849364], [76.9598, 14.4502134], [76.9447908, 14.4508963], [76.9427346, 14.3993691], [76.9158728, 14.4206414], [76.8986347, 14.39795], [76.8848179, 14.3957087], [76.8846415, 14.347542], [76.9033746, 14.3227042], [76.9456497, 14.3131811], [76.9567245, 14.2943465], [76.9248974, 14.2737836], [76.9400559, 14.2446074], [76.9855966, 14.2473345], [77.0056639, 14.2357853], [77.0524631, 14.245503], [77.0811724, 14.2141521], [77.1008047, 14.2171378], [77.1166663, 14.2263809], [77.1204824, 14.2629293], [77.1111922, 14.2615776], [77.1101908, 14.2682749], [77.1389041, 14.3399714], [77.1667522, 14.3421243], [77.1974215, 14.3211758], [77.2382007, 14.31736], [77.2865667, 14.340099], [77.2835369, 14.2827365], [77.3637746, 14.2758338], [77.359486, 14.2340065], [77.3791713, 14.2264829], [77.3925953, 14.1988431], [77.4182783, 14.2090672], [77.417693, 14.2258425], [77.4096698, 14.2319174], [77.4088315, 14.2598507], [77.3873649, 14.2708655], [77.3770311, 14.3076018], [77.3890862, 14.3331257], [77.4064447, 14.3377473], [77.4283992, 14.3286422], [77.4312601, 14.3129603], [77.4462218, 14.3174665], [77.4502798, 14.2807068], [77.4789269, 14.2921615], [77.4982815, 14.2788483], [77.5034108, 14.259771], [77.4927884, 14.2310064], [77.5046483, 14.1939768], [77.517031, 14.1828116], [77.503506, 14.1571179], [77.4680861, 14.1648856], [77.4670002, 14.1716425], [77.3937192, 14.1742452], [77.3948761, 14.1607688], [77.3789436, 14.1358415], [77.3517148, 14.1311044], [77.3474666, 14.1036356], [77.3906131, 14.1266401], [77.4009204, 14.1187126], [77.3605449, 14.0625598], [77.3405049, 14.0601912], [77.3323026, 14.0306882], [77.3901578, 14.0166962], [77.3816432, 13.9762337], [77.4258385, 13.986107], [77.4378814, 13.9755216], [77.4353639, 13.9475148], [77.4120858, 13.9455588], [77.4158785, 13.9241969], [77.4350414, 13.9150066], [77.3987427, 13.8881259], [77.3978762, 13.9061832], [77.357633, 13.9033744], [77.3478388, 13.9159637], [77.3712865, 13.9527514], [77.3494879, 13.9581402], [77.361091, 13.9908121], [77.3362204, 13.9953677], [77.3222305, 14.0299946], [77.3065754, 14.0320031], [77.2749975, 14.0112837], [77.2787601, 14.032412], [77.2703578, 14.0344826], [77.2453541, 14.0119444], [77.1740019, 14.0129849], [77.1728325, 14.0010836], [77.1492227, 14.0011629], [77.1410743, 14.0038554], [77.1274019, 14.0470143], [77.0789216, 14.042639], [77.0761231, 14.0532722], [77.0276836, 14.0617464], [77.0298011, 14.088173], [77.0146737, 14.1000021], [77.0262196, 14.1250166], [77.0201044, 14.1309033], [77.0233292, 14.1766877], [77.0054604, 14.1839685], [76.9606047, 14.1817713], [76.9475662, 14.1981754], [76.9421776, 14.1733119], [76.9197483, 14.1644597], [76.8945344, 14.1678113], [76.885914, 14.1382382], [76.912842, 14.1288134], [76.9249679, 14.1370897], [76.94569, 14.1182135], [76.9535283, 14.0996553], [76.9484003, 14.0920511], [76.9734455, 14.0835194], [76.9775701, 14.0712888], [76.9717395, 14.058016], [76.9323847, 14.0539248], [76.9311346, 14.0302009], [76.9434657, 14.0297415], [76.9499416, 14.0150928], [77.0003301, 13.9894175], [76.9937659, 13.9625641], [77.0416571, 13.9334332], [77.0472928, 13.9065997], [77.0230746, 13.9022125], [77.0140194, 13.8601654], [76.9922308, 13.8490075], [76.9780212, 13.8268666], [76.9764095, 13.8173277], [76.9913953, 13.8059365], [76.9852011, 13.7907951], [76.9968842, 13.747728], [77.016502, 13.7385092], [77.0244725, 13.7792236], [77.0433707, 13.7777937], [77.0647004, 13.7438323], [77.0856344, 13.7424359], [77.090443, 13.7671401], [77.1368406, 13.7582986], [77.1511139, 13.7662066], [77.1730522, 13.7620098], [77.1785075, 13.7826847], [77.1575178, 13.8060303], [77.168685, 13.8296195], [77.1536778, 13.8341363], [77.1560146, 13.8443542], [77.1321674, 13.846204], [77.128199, 13.8564584], [77.1476373, 13.8684757], [77.1685799, 13.8644906], [77.1619342, 13.9066249], [77.1699218, 13.9206108], [77.1847096, 13.9251859], [77.1908365, 13.9118661], [77.1813891, 13.8698435], [77.2004308, 13.8630372], [77.2131269, 13.88619], [77.2198505, 13.8677173], [77.2356219, 13.9041363], [77.2482688, 13.901211], [77.2463601, 13.8679136], [77.2591142, 13.8631365], [77.2566946, 13.8465223], [77.2882842, 13.8474762], [77.311495, 13.8665828], [77.3214494, 13.8559192], [77.3253817, 13.8332437], [77.3368421, 13.8327473], [77.3624304, 13.854246], [77.3768936, 13.8506881], [77.381898, 13.8393628], [77.43252, 13.8432165], [77.4164283, 13.8087552], [77.4286503, 13.8068052], [77.4225677, 13.7990919], [77.4370272, 13.7967027], [77.4453316, 13.8110223], [77.4645908, 13.8060768], [77.4564874, 13.7887189], [77.4705514, 13.7580207], [77.4649616, 13.7108349], [77.4500742, 13.7109001], [77.4553341, 13.6822616], [77.4919487, 13.6897875], [77.4850399, 13.7147825], [77.5141686, 13.7132109], [77.5123699, 13.6972475], [77.5283369, 13.6930108], [77.536637, 13.7306013], [77.5220243, 13.7445475], [77.5255642, 13.7533035], [77.5474419, 13.7529007], [77.5609281, 13.7223389], [77.5716811, 13.7382044], [77.5863662, 13.733499], [77.5999723, 13.7507595], [77.6135549, 13.7519114], [77.630583, 13.7359153], [77.641878, 13.7478324], [77.6188439, 13.7549621], [77.6176927, 13.7626763], [77.6514879, 13.7841288], [77.6800783, 13.7867777], [77.6717182, 13.7604808], [77.7032945, 13.7697886], [77.7084561, 13.7410424], [77.7171502, 13.741341], [77.7193087, 13.8002749], [77.7407247, 13.8124231], [77.7815346, 13.8182932], [77.7889893, 13.8297716], [77.7822687, 13.8440805], [77.8120303, 13.8489759], [77.820195, 13.8632092], [77.8370724, 13.869741], [77.8273298, 13.8744412], [77.8355394, 13.8809686], [77.8319561, 13.8956692], [77.8161779, 13.9029935], [77.8134924, 13.9146232], [77.8148434, 13.9319278], [77.8265883, 13.9447246], [77.838825, 13.9358882], [77.8956945, 13.941042], [77.8958178, 13.9203619], [77.926767, 13.9053268], [77.946203, 13.9353444], [77.9573396, 13.9367232], [77.967431, 13.9601566], [77.9875258, 13.9554982], [77.9802486, 13.9278571], [77.9845878, 13.8974014], [77.9490788, 13.886449], [77.9529824, 13.8273537], [77.9761028, 13.8294923], [77.9920641, 13.8688168], [78.0004838, 13.8729283], [78.0461928, 13.8621332], [78.0488653, 13.8960923], [78.0789986, 13.8811551], [78.081906, 13.8612409], [78.1147762, 13.8628883], [78.125435, 13.8320827], [78.113753, 13.807468], [78.126623, 13.7871134], [78.0915234, 13.7422769], [78.1205046, 13.7150792], [78.1132201, 13.6927353], [78.0690761, 13.6978085], [78.0735854, 13.6877265], [78.0657166, 13.6761406], [78.089743, 13.6590991], [78.0871087, 13.6430662], [78.0989461, 13.6427989], [78.1142925, 13.6573621], [78.1675782, 13.655825], [78.1682238, 13.6328517], [78.2041967, 13.6284215], [78.2033343, 13.6065092], [78.1902557, 13.5901363], [78.192972, 13.5648465], [78.2192254, 13.5924627], [78.232579, 13.5859832], [78.2363401, 13.5985818], [78.2586049, 13.5830058], [78.326171, 13.5948375], [78.348627, 13.5868672], [78.4020014, 13.587971], [78.4066722, 13.5768552], [78.3855241, 13.5155625], [78.3753163, 13.508954], [78.3787892, 13.4820387], [78.3708236, 13.4695243], [78.3816755, 13.3969832], [78.3650771, 13.361799], [78.3776366, 13.3631462], [78.4086834, 13.342883], [78.3930151, 13.3337648], [78.3830278, 13.343586], [78.3771479, 13.331971], [78.3871336, 13.3317922], [78.4011042, 13.3154695], [78.4279475, 13.3312929], [78.4403847, 13.3284294], [78.4442057, 13.308111], [78.4834016, 13.3211711], [78.4793099, 13.3012903], [78.5139427, 13.290577], [78.5321787, 13.2669378], [78.5393227, 13.2878703], [78.5541132, 13.2831703], [78.5616376, 13.2885145], [78.5655491, 13.3120033], [78.578648, 13.2803517], [78.5873642, 13.2806425], [78.5852957, 13.2622026], [78.5701389, 13.2471012], [78.5664015, 13.2208549], [78.5787022, 13.2129922], [78.5677929, 13.2015176], [78.5500603, 13.2001814], [78.5497587, 13.189694], [78.5672959, 13.1932648], [78.5760596, 13.1866918], [78.5797652, 13.1673616], [78.5501135, 13.1641889], [78.5413969, 13.1557364], [78.5483581, 13.1485388], [78.5446454, 13.1420034], [78.517045, 13.1315904], [78.5185282, 13.1198233], [78.538506, 13.1057302], [78.5094704, 13.0914951], [78.5142516, 13.0618554], [78.4784946, 13.0545368], [78.4731219, 13.042922], [78.4621959, 13.0432141], [78.4636132, 13.00532], [78.4748146, 12.9914418], [78.4674613, 12.9750225], [78.4353301, 12.9810398], [78.4379727, 12.9639854], [78.4192654, 12.9586806], [78.4203811, 12.947742], [78.4111631, 12.945268], [78.4188175, 12.9217248], [78.4281822, 12.9320931], [78.4380161, 12.9290139], [78.4666967, 12.9054097], [78.4647711, 12.8667637], [78.4641139, 12.8777023], [78.4472426, 12.8922104], [78.4455797, 12.911796], [78.4349479, 12.9118381], [78.4285928, 12.9020901], [78.4122111, 12.9032335], [78.398667, 12.9173089], [78.3963995, 12.9073137], [78.3886957, 12.9068581], [78.3540958, 12.9396872], [78.3440698, 12.9084988], [78.3235329, 12.9017834], [78.32033, 12.8872594], [78.3345183, 12.8892118], [78.3370799, 12.8823646], [78.3310201, 12.8755783], [78.3136269, 12.8764532], [78.3124464, 12.8585182], [78.2820966, 12.8593147], [78.2683967, 12.8676926], [78.252198, 12.860551], [78.2456403, 12.7882633], [78.2309512, 12.7606597], [78.2410079, 12.7299431], [78.2311714, 12.7125552], [78.2073963, 12.7083553], [78.2099398, 12.7005038], [78.1993226, 12.6953814], [78.210589, 12.6860767], [78.2377068, 12.68576], [78.2445385, 12.7062926], [78.2721543, 12.7046743], [78.3011554, 12.665919], [78.3794192, 12.625014], [78.4127347, 12.6270325], [78.4270676, 12.6352428], [78.4649691, 12.6240292], [78.4747756, 12.6476325], [78.4678997, 12.6758921], [78.4997846, 12.6761403], [78.5074414, 12.691407], [78.4965757, 12.7032524], [78.5031708, 12.7163719], [78.5117794, 12.7076981], [78.519691, 12.712393], [78.5202408, 12.7186846], [78.4926858, 12.7356423], [78.4931651, 12.7471493], [78.5052708, 12.7429622], [78.5166932, 12.7243733], [78.5209238, 12.7361309], [78.5250716, 12.7154188], [78.5442802, 12.7109378], [78.5296085, 12.7099518], [78.5360518, 12.6904923], [78.5558756, 12.7001573], [78.5615859, 12.7100118], [78.5544197, 12.7192753], [78.5638574, 12.7376232], [78.5556292, 12.739212], [78.5631957, 12.7513203], [78.5556281, 12.7557851], [78.592521, 12.7826756], [78.6003878, 12.8184228], [78.6077577, 12.8219026], [78.6015593, 12.8508038], [78.6335324, 12.9313211], [78.6570139, 12.9321064], [78.6380585, 12.9647593], [78.6471693, 12.9662371], [78.6208991, 12.9912385], [78.6555204, 13.0152481], [78.6562147, 13.0311694], [78.7052714, 13.0152386], [78.7145163, 13.0686783], [78.751776, 13.0549418], [78.794304, 13.0665839], [78.8131399, 13.0891423], [78.8420364, 13.0786131], [78.8708781, 13.0819404], [78.8750976, 13.0968164], [78.8912123, 13.0971507], [78.891643, 13.0330584], [78.9291245, 13.0364936], [78.937107, 13.0304267], [78.9402522, 13.0365771], [78.9289142, 13.0457678], [78.9036754, 13.0477056], [78.9125978, 13.0659322], [78.92174, 13.0660937], [78.9239415, 13.0808091], [78.9491941, 13.0839945], [78.9702795, 13.0747139], [78.9723022, 13.0838065], [78.9950012, 13.0866087], [79.0633976, 13.0531073], [79.0628663, 13.0406377], [79.0809073, 13.0257271], [79.098308, 13.0260644], [79.1144818, 13.0392721], [79.1631211, 13.0202704], [79.1848334, 13.0298528], [79.1929965, 13.0466955], [79.1804397, 13.0488495], [79.1796617, 13.0544992], [79.1920999, 13.0561462], [79.178298, 13.0591862], [79.1921211, 13.0674316], [79.1806588, 13.0842424], [79.1906878, 13.0887327], [79.1982934, 13.0813413], [79.2344267, 13.1052289], [79.232873, 13.1393702], [79.21003, 13.1484581], [79.2146862, 13.1569578], [79.2273223, 13.1556157], [79.2349292, 13.1708435], [79.2426869, 13.171003], [79.2452731, 13.1382758], [79.2574561, 13.1607363], [79.2620875, 13.1490418], [79.2803394, 13.1528687], [79.2840176, 13.1227699], [79.3124637, 13.1261416], [79.2943054, 13.109599], [79.3071899, 13.1055219], [79.3188985, 13.1136015], [79.3119222, 13.116569], [79.3242382, 13.118538], [79.3186712, 13.1234721], [79.341306, 13.1368204], [79.3453847, 13.1214255], [79.3605048, 13.1235375], [79.3655212, 13.1339329], [79.3561154, 13.1645793], [79.3800381, 13.1629263], [79.3792355, 13.1715135], [79.3695222, 13.1729143], [79.3877267, 13.177529], [79.3740325, 13.1892571], [79.4091851, 13.1940374], [79.4384277, 13.1881751], [79.4323825, 13.1969715], [79.4438523, 13.2077751], [79.4373786, 13.2195545], [79.453736, 13.2169269], [79.4531517, 13.2383518], [79.4308664, 13.229848], [79.4397859, 13.2358605], [79.431491, 13.2360656], [79.4376793, 13.2428888], [79.4184962, 13.2429601], [79.4226358, 13.2513163], [79.4084181, 13.2652696], [79.4337323, 13.274987], [79.4454222, 13.3012517], [79.4305398, 13.3002473], [79.4200353, 13.2895468], [79.4157684, 13.2995808], [79.3898389, 13.2974272], [79.3886579, 13.3097835], [79.381888, 13.3074878], [79.387809, 13.3180497], [79.4020231, 13.3173529], [79.3983597, 13.3302022], [79.4053614, 13.3350375], [79.4147205, 13.3300333], [79.4316688, 13.3367148], [79.435429, 13.3517097], [79.4562551, 13.3385707], [79.4997084, 13.3477874], [79.4973839, 13.332038], [79.5100814, 13.3341749], [79.5110837, 13.3419713], [79.5373051, 13.3386471], [79.5441067, 13.3167846], [79.5348645, 13.3013701], [79.5412313, 13.2924375], [79.5346024, 13.2753969], [79.5584076, 13.2727202], [79.5792664, 13.2577931], [79.5913125, 13.2614289], [79.5960568, 13.2848538], [79.6080861, 13.28749], [79.6060889, 13.2795492], [79.6141174, 13.2826954], [79.631361, 13.2696981], [79.6384671, 13.2874864], [79.6412675, 13.2755867], [79.6424817, 13.2901482], [79.6517938, 13.2918334], [79.6578332, 13.283847], [79.6638741, 13.2897667], [79.6653861, 13.2787165], [79.6826053, 13.2958241], [79.6812563, 13.2879922], [79.6939345, 13.2797957], [79.6888059, 13.2708666], [79.6954405, 13.2691114], [79.6911244, 13.260982], [79.6874207, 13.2665553], [79.6782933, 13.2616536], [79.6842738, 13.2444288], [79.6959353, 13.2385553], [79.6982501, 13.2509924], [79.7091246, 13.2510435], [79.7140652, 13.2357343], [79.7022424, 13.2241499], [79.7164067, 13.2164217], [79.7314015, 13.2224453], [79.7373171, 13.2365348], [79.7500821, 13.2079943], [79.754991, 13.2064782], [79.7642522, 13.2191146], [79.7754775, 13.2153096], [79.7847816, 13.2279046], [79.794493, 13.2263217], [79.794732, 13.2421039], [79.7306508, 13.2828662], [79.7567467, 13.2952884], [79.7602705, 13.3182049], [79.7917328, 13.2935241], [79.8089991, 13.3172354], [79.8628089, 13.3169208], [79.8680653, 13.3310664], [79.8828997, 13.3233193], [79.883505, 13.3328593], [79.914851, 13.348138], [79.9159724, 13.3598692], [79.9331147, 13.3519177], [79.9456475, 13.3637388], [79.9450477, 13.3817765], [79.9579959, 13.3791504], [79.9627546, 13.3913577], [79.9443564, 13.3968677], [79.9457047, 13.4077306], [79.9345755, 13.4164539], [79.9418382, 13.41672], [79.9396096, 13.4250294], [79.9566518, 13.4221924], [79.9733387, 13.4296725], [79.9724203, 13.4690917], [79.9823969, 13.4704564], [79.9840773, 13.4795786], [80.0074905, 13.4786405], [80.0159046, 13.4979515], [80.0466183, 13.4936838], [80.0484232, 13.5122508], [80.0355203, 13.5183054], [80.0271859, 13.5137005], [80.0176531, 13.5295586], [80.0005191, 13.5256754], [79.9985997, 13.5427238], [80.0168945, 13.5471793], [80.0284381, 13.5388246], [80.0569346, 13.5366365], [80.0812594, 13.5497512], [80.0886406, 13.5353997], [80.0771419, 13.5268049], [80.0781901, 13.4888114], [80.108213, 13.4889199], [80.1127715, 13.5059474], [80.1392128, 13.5042738], [80.145145, 13.4914152], [80.2145986, 13.4902718], [80.241814, 13.470647], [80.2685393, 13.5645375], [80.2425715, 13.6164399], [80.2336496, 13.6584477], [80.237533, 13.7238575], [80.253089, 13.7859167], [80.1497782, 14.0317694], [80.1264132, 14.1643242], [80.1301072, 14.2311609], [80.1716274, 14.3733379], [80.1777641, 14.4961362], [80.1955132, 14.585827], [80.1711789, 14.6116598], [80.1420669, 14.7035071], [80.1115186, 14.7410744], [80.0977247, 14.7795479], [80.084375, 14.8832477], [80.0528075, 15.0117485], [80.0469847, 15.0801811], [80.0615018, 15.1414449], [80.0796503, 15.1810939], [80.0708504, 15.1826048], [80.0836108, 15.191119], [80.0890304, 15.211933], [80.0888928, 15.2357302], [80.0884327, 15.2239437], [80.0834289, 15.2224143], [80.0807114, 15.2410371], [80.081733, 15.249234], [80.0881644, 15.2388222], [80.084741, 15.2833354], [80.121412, 15.3671493], [80.2052647, 15.4745834], [80.2105164, 15.4935091], [80.1988474, 15.4931446], [80.2030537, 15.5060991], [80.1963818, 15.5042263], [80.1942257, 15.5050146], [80.2095946, 15.5114676], [80.2043022, 15.5134412], [80.2021349, 15.5154011], [80.2153352, 15.5157404], [80.2139954, 15.5261861], [80.2247938, 15.5334775], [80.2257317, 15.5400141], [80.2197254, 15.5383419], [80.2279057, 15.5468056], [80.2246756, 15.5682709], [80.2350646, 15.5905905], [80.2255232, 15.5930568], [80.2223832, 15.5826775], [80.2241253, 15.5949727], [80.2347267, 15.5990522], [80.2206264, 15.6009246], [80.2372118, 15.6006699], [80.2450172, 15.6203219], [80.2397183, 15.6216407], [80.2478711, 15.6257934], [80.2431377, 15.6301115], [80.2491333, 15.6279523], [80.2841613, 15.6877689], [80.3456074, 15.7512055], [80.4285626, 15.8046824], [80.5364575, 15.8523032], [80.680607, 15.8853997], [80.7738832, 15.8662671], [80.8070203, 15.8404457], [80.8156072, 15.8106953], [80.8024558, 15.8160967], [80.8006324, 15.8059364], [80.7801707, 15.8416499], [80.779629, 15.835296], [80.8175316, 15.749358], [80.8132817, 15.7286679], [80.8222738, 15.7104183], [80.81143, 15.7270605], [80.8102428, 15.7352621], [80.7912172, 15.7536339], [80.7903566, 15.7686689], [80.7996493, 15.7767745], [80.7904611, 15.7698583], [80.7884296, 15.7572289], [80.8215156, 15.7093385], [80.850024, 15.7058648], [80.9320006, 15.7236822], [80.9372193, 15.7144041], [81.0084594, 15.7529285], [81.0095144, 15.761845], [80.9993208, 15.7588662], [80.9984513, 15.7696914], [81.0144522, 15.7712678], [81.0113356, 15.8015242], [81.0205625, 15.7930077], [81.0047714, 15.8378042], [81.0553744, 15.8972074], [81.1325466, 15.9620794], [81.134851, 15.9721585], [81.1480452, 15.9737014], [81.1455411, 16.0129451], [81.1913653, 16.1028237], [81.2137637, 16.2072183], [81.2461916, 16.2588659], [81.3053501, 16.3035338], [81.3937911, 16.3424732], [81.4872423, 16.3550661], [81.6906399, 16.3274718], [81.7192115, 16.3155776], [81.7207875, 16.3068601], [81.878151, 16.3826313], [81.9394064, 16.3953761], [81.9577319, 16.3923745], [81.9704482, 16.4075597], [82.2349116, 16.5460115], [82.3136713, 16.5587352], [82.3106684, 16.5677382], [82.3008702, 16.56239], [82.3014731, 16.5673009], [82.2991545, 16.5722366], [82.2996409, 16.5581944], [82.2905778, 16.5552228], [82.2809865, 16.5586457], [82.2936984, 16.5580547], [82.2971753, 16.567568], [82.2768808, 16.5593948], [82.2630846, 16.5630193], [82.2872785, 16.5709576], [82.2988244, 16.5864358], [82.2946374, 16.60254], [82.2848961, 16.59999], [82.2904206, 16.6097484], [82.2842591, 16.6260272], [82.2956203, 16.6260218], [82.2999315, 16.6363419], [82.2960141, 16.6260319], [82.3044902, 16.6367419], [82.3041829, 16.6287894], [82.3075029, 16.6399272], [82.3068534, 16.6227833], [82.3121417, 16.6270753], [82.3087523, 16.6533983], [82.3128228, 16.6680119], [82.3256162, 16.614143], [82.3179614, 16.5871818], [82.3092459, 16.5926291], [82.3178172, 16.5817107], [82.3135897, 16.574859], [82.3188743, 16.5768263], [82.3290528, 16.6144752], [82.3172881, 16.6622664], [82.3455476, 16.6965066], [82.3653381, 16.706654], [82.3598777, 16.7108445], [82.3549635, 16.7042801], [82.353742, 16.7136207], [82.3464493, 16.7156379], [82.3539954, 16.7056318], [82.3378171, 16.6897583], [82.3276884, 16.6849207], [82.3449284, 16.704553], [82.333345, 16.7167305], [82.3392689, 16.7161208], [82.3417961, 16.7284362], [82.3652738, 16.8759905], [82.366365, 16.9113585], [82.3556457, 16.9677943], [82.3384316, 16.9867333], [82.3262608, 16.988335], [82.3577148, 16.9500268], [82.3615711, 16.8544471], [82.3267264, 16.8551384], [82.3142288, 16.8458798], [82.3015806, 16.862643], [82.2822556, 16.8648274], [82.2818786, 16.8719622], [82.2659941, 16.8698246], [82.2598218, 16.884451], [82.2482668, 16.8764651], [82.2414443, 16.9080366], [82.2430389, 16.9178366], [82.2467079, 16.9178472], [82.2711453, 16.9412961], [82.277883, 16.9506957], [82.2705544, 16.9414186], [82.2649306, 16.9389064], [82.2771168, 16.9517015], [82.2713789, 16.9479508], [82.268644, 16.9565408], [82.2882632, 17.016021], [82.3193086, 17.0578489], [82.4430926, 17.1748087], [82.5619365, 17.2615703], [82.7263521, 17.3548829], [82.974782, 17.4661078], [83.0325498, 17.5143957], [83.1487491, 17.5571977], [83.21647, 17.5954971], [83.2385287, 17.6299526], [83.2948743, 17.6745208], [83.296911, 17.6933202], [83.3463996, 17.7261454], [83.3439528, 17.7376435], [83.354585, 17.7559836], [83.3857998, 17.7773509], [83.3908466, 17.7925546], [83.4108696, 17.8093582], [83.4162485, 17.833684], [83.4070964, 17.841033], [83.4437173, 17.872783], [83.4586529, 17.901089], [83.5130182, 17.937267], [83.5250268, 17.9472778], [83.5210133, 17.9500966], [83.520711, 17.9503992], [83.52049, 17.950773], [83.5200832, 17.9514896], [83.5317549, 17.951131], [83.5583, 17.9824316], [83.5693742, 18.0117994], [83.6047527, 18.0372755], [83.707854, 18.1062815], [83.8052638, 18.1540388], [83.7949747, 18.1683986], [83.8099308, 18.1560323], [83.860389, 18.1742838], [83.8887532, 18.1957579], [83.9358786, 18.2090408], [84.0705665, 18.2764327], [84.1268594, 18.3133655], [84.1268951, 18.3438531], [84.1506524, 18.3772679], [84.2149808, 18.4413026], [84.3545701, 18.5548088], [84.3666934, 18.5908803], [84.4398514, 18.6594965], [84.4696629, 18.7144278], [84.5514977, 18.7904887], [84.5578383, 18.817752], [84.5871042, 18.8674392], [84.684477, 18.9674713], [84.6763861, 18.9676783], [84.6869477, 18.9708654], [84.7614638, 19.079123], [84.7027955, 19.1178621], [84.6978354, 19.1264436], [84.7061243, 19.1410252], [84.7000478, 19.1443949], [84.7105159, 19.1464584], [84.7120113, 19.158277]], [[84.3501111, 18.7875725], [84.3532191, 18.7897972], [84.3517132, 18.7857711], [84.3501111, 18.7875725]], [[84.3292729, 18.7871987], [84.3395916, 18.7894005], [84.3393616, 18.778692], [84.3292729, 18.7871987]], [[82.1824473, 16.7371101], [82.2254675, 16.7636952], [82.217825, 16.7433058], [82.2282382, 16.7303975], [82.2715036, 16.7315124], [82.2885057, 16.7349073], [82.3015004, 16.7551811], [82.3106161, 16.7350373], [82.2929953, 16.7096644], [82.2612829, 16.7019151], [82.2232726, 16.7218567], [82.2014107, 16.7205165], [82.1869134, 16.7283263], [82.1824473, 16.7371101]], [[79.8437313, 13.3216337], [79.8456677, 13.3275767], [79.8500499, 13.3237393], [79.8437313, 13.3216337]]]}}, {"type": "Feature", "properties": {"state_name": "Telangana", "stname": "TELANGANA", "state_lgd": 36, "id": 30}, "geometry": {"type": "Polygon", "coordinates": [[[78.3356519, 19.8835779], [78.3243638, 19.894831], [78.3340922, 19.9052966], [78.3306049, 19.9146931], [78.3070279, 19.9142976], [78.2978265, 19.8722494], [78.2853133, 19.856617], [78.2860751, 19.8479371], [78.2997505, 19.8409966], [78.3364145, 19.8379232], [78.3340246, 19.8145917], [78.3588908, 19.8028852], [78.3645887, 19.7806533], [78.3492887, 19.7379757], [78.3412346, 19.7357562], [78.3431341, 19.71325], [78.3186538, 19.7055259], [78.3118213, 19.6910505], [78.2761859, 19.6924153], [78.262649, 19.6650642], [78.2904625, 19.646001], [78.2938994, 19.6194418], [78.3055669, 19.6070665], [78.3036889, 19.5693206], [78.2935629, 19.5589842], [78.2752515, 19.5624617], [78.2743108, 19.5539746], [78.283935, 19.5414116], [78.2932297, 19.5422336], [78.2903962, 19.5276239], [78.3092235, 19.4810839], [78.304341, 19.456137], [78.2869701, 19.4485286], [78.2704394, 19.4561551], [78.2445089, 19.4288025], [78.2115869, 19.4284785], [78.1950652, 19.4067537], [78.17619, 19.4122625], [78.187673, 19.394593], [78.1721482, 19.3492989], [78.1937389, 19.3148861], [78.1766665, 19.2785486], [78.1817714, 19.2476184], [78.175321, 19.2375786], [78.1445469, 19.2294007], [78.117038, 19.2486373], [78.0891496, 19.2393682], [78.0790969, 19.2548343], [78.0556753, 19.2371217], [78.0416136, 19.2434281], [78.0359407, 19.2506334], [78.0425063, 19.2706038], [78.0148197, 19.2790374], [78.0134969, 19.2947177], [77.9451219, 19.342453], [77.9115459, 19.316257], [77.8943199, 19.32047], [77.8634588, 19.3041963], [77.8655755, 19.2838215], [77.9034585, 19.2779596], [77.9074813, 19.2679881], [77.902847, 19.2564628], [77.8821532, 19.2604706], [77.8713581, 19.2542747], [77.847721, 19.189595], [77.8604942, 19.1803543], [77.8525311, 19.1546779], [77.8340629, 19.1343082], [77.8476647, 19.1160049], [77.850395, 19.0885569], [77.83127, 19.0860806], [77.8181405, 19.1049809], [77.8099343, 19.104734], [77.7967978, 19.0725891], [77.8003494, 19.0511216], [77.764812, 19.0626553], [77.7617902, 19.0330018], [77.7753511, 19.0006266], [77.7714972, 18.9791591], [77.7876263, 18.9726465], [77.7911405, 18.9828175], [77.8208082, 18.9788528], [77.8162398, 18.9472702], [77.8324535, 18.9416286], [77.8419425, 18.9498726], [77.8586536, 18.9486633], [77.8432542, 18.9086934], [77.8853844, 18.9042002], [77.8915841, 18.881414], [77.9039063, 18.8812459], [77.903232, 18.8666255], [77.9300608, 18.8587263], [77.9347756, 18.8451448], [77.9489009, 18.8432892], [77.9482754, 18.8290971], [77.934498, 18.8222654], [77.9066722, 18.8266974], [77.8399548, 18.8048215], [77.7872883, 18.68264], [77.7719051, 18.689055], [77.768152, 18.7058594], [77.7535038, 18.700992], [77.7492486, 18.6826666], [77.7299742, 18.6669369], [77.7357088, 18.660987], [77.7305043, 18.6451454], [77.7456566, 18.6212884], [77.750343, 18.5892121], [77.7384996, 18.5567887], [77.7015614, 18.5551711], [77.6558604, 18.530899], [77.6458969, 18.5388368], [77.6479131, 18.5549314], [77.6396194, 18.554941], [77.6340001, 18.5439178], [77.6292523, 18.5536753], [77.6124963, 18.5444793], [77.5963694, 18.5489414], [77.5906911, 18.5266657], [77.596567, 18.5302], [77.6002815, 18.5222965], [77.5859069, 18.5039961], [77.6047069, 18.4963668], [77.6031261, 18.4768475], [77.5763693, 18.4867846], [77.572861, 18.4698149], [77.5485634, 18.4685813], [77.5507619, 18.4604095], [77.5836043, 18.4562058], [77.5852973, 18.4467923], [77.5641809, 18.4373026], [77.527516, 18.4421112], [77.5281666, 18.428913], [77.5567561, 18.4171433], [77.551602, 18.3888977], [77.5254719, 18.3727051], [77.5227341, 18.3453982], [77.5580236, 18.3314164], [77.5704795, 18.3181125], [77.5713961, 18.3088291], [77.5514013, 18.2919129], [77.5621213, 18.2848057], [77.5725571, 18.2933023], [77.6054216, 18.2812812], [77.5717796, 18.2440019], [77.5853147, 18.2198203], [77.5634605, 18.196129], [77.5813139, 18.1623167], [77.5968429, 18.1559476], [77.5988037, 18.0933313], [77.5956379, 18.0860278], [77.5659217, 18.076674], [77.557425, 18.0637313], [77.5483352, 18.0652105], [77.5476357, 18.0561311], [77.5537863, 18.0358209], [77.5805946, 18.0315823], [77.5885902, 18.0121563], [77.6059338, 18.020233], [77.6074707, 18.0098539], [77.6277874, 17.9967872], [77.6489056, 17.9988776], [77.6558552, 17.9688393], [77.6494849, 17.9500153], [77.6372132, 17.9523248], [77.6330129, 17.9673821], [77.6245445, 17.9596029], [77.632885, 17.9558035], [77.6325119, 17.9466734], [77.618683, 17.9394903], [77.6190388, 17.9040598], [77.5860632, 17.9078357], [77.5990765, 17.8730873], [77.5763988, 17.8754194], [77.5540261, 17.8200679], [77.5466966, 17.8284846], [77.5282214, 17.8278978], [77.5290315, 17.8129312], [77.5151572, 17.8054654], [77.5065574, 17.7859527], [77.5375091, 17.7799337], [77.554859, 17.7639709], [77.5691495, 17.766492], [77.5685342, 17.7489064], [77.5459639, 17.7268407], [77.5220075, 17.7260265], [77.4524302, 17.6947034], [77.4482183, 17.6511224], [77.4557543, 17.6324884], [77.443119, 17.5839632], [77.4618129, 17.580753], [77.478051, 17.5668035], [77.4940657, 17.5683579], [77.5068988, 17.542279], [77.5283834, 17.5753655], [77.5374363, 17.5754421], [77.5505593, 17.5517338], [77.5937999, 17.5645131], [77.5968993, 17.5343032], [77.6120625, 17.5347567], [77.6279604, 17.5236345], [77.6620096, 17.5228227], [77.6730154, 17.5094207], [77.6887986, 17.5109389], [77.6923955, 17.4968791], [77.6884021, 17.4751961], [77.6573649, 17.4809185], [77.6522753, 17.4828523], [77.6568923, 17.5064611], [77.6447852, 17.4775662], [77.6152311, 17.4728907], [77.6142714, 17.4459464], [77.5761861, 17.4561676], [77.5758618, 17.4307144], [77.537301, 17.4437469], [77.5129984, 17.4308703], [77.5141738, 17.4141812], [77.5378441, 17.4060928], [77.5242855, 17.3879962], [77.5331515, 17.3804969], [77.5298019, 17.3707113], [77.5157588, 17.3603847], [77.4838185, 17.3549974], [77.4744315, 17.3615127], [77.4790959, 17.3707212], [77.4536062, 17.3739899], [77.4560249, 17.331396], [77.4379259, 17.2919188], [77.4548778, 17.2872415], [77.4585352, 17.2789973], [77.4263297, 17.2564624], [77.4204186, 17.2376248], [77.4082705, 17.2412053], [77.3801876, 17.2225305], [77.4037479, 17.2098921], [77.3938936, 17.1943966], [77.3722717, 17.1955628], [77.3637243, 17.1587817], [77.3781706, 17.1526603], [77.3779168, 17.1399422], [77.4038216, 17.1329151], [77.4066584, 17.1245112], [77.4636228, 17.1099968], [77.4628551, 17.0940891], [77.4809801, 17.0792347], [77.5025316, 17.0141045], [77.4795162, 16.9960175], [77.4813413, 16.9704302], [77.4652285, 16.9566133], [77.4694353, 16.9191974], [77.4540159, 16.9138977], [77.4640581, 16.8505926], [77.457083, 16.8301798], [77.476494, 16.7883698], [77.4671948, 16.7804529], [77.4394988, 16.7891316], [77.4431491, 16.7625106], [77.4260679, 16.7228738], [77.438462, 16.7116792], [77.4471845, 16.7207279], [77.4740496, 16.7165588], [77.4698017, 16.68703], [77.4638975, 16.6763031], [77.4477165, 16.6793095], [77.442552, 16.6698452], [77.4188604, 16.6685723], [77.4190123, 16.6584373], [77.4385957, 16.6453297], [77.4343436, 16.6413821], [77.4446817, 16.6392328], [77.4624037, 16.6542714], [77.4761107, 16.6501071], [77.4536478, 16.6167472], [77.4677895, 16.6097575], [77.4673966, 16.5988369], [77.4622237, 16.5854778], [77.4397108, 16.587147], [77.4237577, 16.568881], [77.3928745, 16.5699744], [77.4037568, 16.5511945], [77.4190171, 16.5489244], [77.4191168, 16.5223783], [77.3777888, 16.5137048], [77.3690128, 16.4886714], [77.3295637, 16.4859054], [77.2987129, 16.4961615], [77.2939966, 16.4766703], [77.235761, 16.4727439], [77.2620744, 16.4518385], [77.2689503, 16.4304616], [77.288211, 16.4087016], [77.3490971, 16.3838454], [77.3780461, 16.3855643], [77.4209484, 16.3662305], [77.4409839, 16.3807654], [77.489691, 16.3850148], [77.5233988, 16.3758331], [77.5387723, 16.3582051], [77.5727204, 16.3409341], [77.5948399, 16.3431753], [77.5880332, 16.3333739], [77.597719, 16.2928052], [77.5819996, 16.2913384], [77.5632058, 16.3016355], [77.5450759, 16.2917115], [77.5368979, 16.266804], [77.5218694, 16.2780286], [77.5048148, 16.2758009], [77.5024044, 16.2630578], [77.4900802, 16.2552302], [77.492343, 16.2292973], [77.5157, 16.2268317], [77.5011491, 16.2217178], [77.486152, 16.1629842], [77.4897933, 16.1196301], [77.5002225, 16.1205911], [77.5132756, 16.1080238], [77.5009319, 16.1061884], [77.4937846, 16.0871658], [77.5069178, 16.0789714], [77.4943796, 16.0365313], [77.5044124, 16.0113288], [77.5140521, 16.0080763], [77.5095546, 15.9803952], [77.5198078, 15.9669135], [77.5134382, 15.9267925], [77.5933102, 15.9119199], [77.6113918, 15.9179348], [77.6592006, 15.8854989], [77.6927471, 15.8833143], [77.7240959, 15.8958142], [77.8053652, 15.8742806], [77.8585121, 15.883708], [77.8782166, 15.9052168], [77.8879788, 15.906084], [77.9369571, 15.8834971], [77.9753342, 15.883339], [78.0088631, 15.8617538], [78.0318896, 15.9073461], [78.0449421, 15.9041418], [78.0468186, 15.8749013], [78.0715198, 15.8617453], [78.0713556, 15.8503676], [78.0835546, 15.8409228], [78.1339993, 15.8362599], [78.13007, 15.8506991], [78.1355361, 15.8547044], [78.1753438, 15.8580753], [78.1766745, 15.876763], [78.1899344, 15.8922688], [78.1794361, 15.9019329], [78.1844293, 15.9098172], [78.2516171, 15.9352247], [78.2608635, 16.025817], [78.3122616, 16.0115096], [78.3219272, 16.0171094], [78.3265568, 16.0367376], [78.3477304, 16.0474746], [78.3654184, 16.0467808], [78.407892, 16.0748092], [78.4747726, 16.0684985], [78.5517609, 16.0428018], [78.5869354, 16.0634356], [78.6016327, 16.0839261], [78.6272387, 16.0876368], [78.6502214, 16.0788064], [78.6811923, 16.0347897], [78.7235714, 16.0201195], [78.7354959, 16.0081518], [78.7854813, 16.0211457], [78.8194046, 16.0483025], [78.8402912, 16.0781381], [78.8338478, 16.144476], [78.8721496, 16.1439687], [78.8890488, 16.0851861], [78.8955997, 16.0855796], [78.9220271, 16.1043133], [78.9242796, 16.1357784], [78.9054015, 16.1835896], [78.9602691, 16.2090707], [78.9857169, 16.2107149], [79.0095088, 16.2402149], [79.0480186, 16.2386731], [79.1015777, 16.2228231], [79.1197247, 16.2319382], [79.1569474, 16.2092869], [79.216546, 16.2274042], [79.2342959, 16.3338391], [79.2102016, 16.3582303], [79.2115645, 16.4473876], [79.2333569, 16.4592011], [79.21483, 16.4879088], [79.2208841, 16.51434], [79.2447724, 16.5318092], [79.256838, 16.5658186], [79.2910222, 16.5615747], [79.3401136, 16.5826392], [79.41864, 16.5802452], [79.4330514, 16.5907472], [79.4471734, 16.6197128], [79.4833311, 16.6230956], [79.5038451, 16.6359193], [79.5420909, 16.6322465], [79.5756295, 16.6497845], [79.5989234, 16.6732254], [79.6330906, 16.6604241], [79.6815417, 16.6943724], [79.7228941, 16.6902765], [79.7446129, 16.7190817], [79.7739909, 16.7307752], [79.792511, 16.7254967], [79.8172622, 16.691867], [79.8510627, 16.7058389], [79.8775287, 16.6972982], [79.8937222, 16.6501119], [79.9101061, 16.6339176], [79.9497541, 16.6359008], [79.9773523, 16.6622781], [79.9974112, 16.7020928], [80.0300382, 16.7144052], [80.0549553, 16.7446463], [80.0538616, 16.7654336], [80.0706019, 16.8016923], [80.073254, 16.8171912], [80.0481767, 16.8332299], [80.0468438, 16.8533423], [80.0165592, 16.8546143], [79.9987615, 16.8652141], [80.0173837, 16.9149748], [80.0404047, 16.9180829], [80.0554448, 16.9714216], [80.0915685, 16.9683554], [80.0951606, 16.9906515], [80.1402369, 16.9905923], [80.1533569, 17.0069427], [80.1677638, 17.005591], [80.1701654, 17.0168272], [80.1872871, 17.019955], [80.1964528, 17.0440337], [80.2040905, 17.0382881], [80.202057, 17.0170256], [80.2114296, 17.0102735], [80.2228682, 17.0078377], [80.2261618, 17.0153216], [80.2404017, 17.0021484], [80.2648952, 16.9972743], [80.2826609, 17.007672], [80.2935908, 16.9963324], [80.2902749, 16.981076], [80.3065886, 16.9737928], [80.3050154, 16.9536994], [80.3164745, 16.9484354], [80.3115867, 16.9166595], [80.3238052, 16.9064273], [80.3216989, 16.8796299], [80.3440076, 16.8743701], [80.3409043, 16.8597122], [80.3740656, 16.8523945], [80.3804313, 16.8174499], [80.4042158, 16.8320464], [80.4077959, 16.8482288], [80.3783674, 16.8519899], [80.3840371, 16.8652565], [80.4277094, 16.8497965], [80.4285875, 16.8381162], [80.4642402, 16.8199778], [80.4644549, 16.7954487], [80.5043932, 16.7786886], [80.5702408, 16.768009], [80.5971074, 16.7922057], [80.6129666, 16.793541], [80.5628477, 16.8328408], [80.5683061, 16.8693881], [80.5959124, 16.884622], [80.58712, 16.9041778], [80.6019416, 16.9185897], [80.5346961, 16.9614145], [80.5261035, 16.9478814], [80.499229, 16.9563346], [80.4934461, 16.9274286], [80.4496677, 16.9547639], [80.3634046, 16.9760656], [80.3878534, 17.0092663], [80.4070349, 17.015796], [80.407149, 17.0257604], [80.3957586, 17.0357278], [80.3984784, 17.0523404], [80.3857332, 17.0679269], [80.4090304, 17.091497], [80.4189649, 17.0923013], [80.4170466, 17.0736119], [80.4386285, 17.0375833], [80.4648593, 17.0300238], [80.4713759, 17.0503694], [80.4909319, 17.050968], [80.5053972, 17.0684637], [80.5100807, 17.0869042], [80.5040339, 17.092642], [80.5140799, 17.1220529], [80.5312114, 17.11979], [80.563184, 17.1331045], [80.5800285, 17.1530664], [80.6182523, 17.1284213], [80.6368841, 17.1283739], [80.64527, 17.1235482], [80.6420427, 17.1159048], [80.6705548, 17.1011875], [80.6570932, 17.0895588], [80.6538108, 17.0686115], [80.6734654, 17.0666383], [80.6949626, 17.0741352], [80.6994497, 17.0837942], [80.7388813, 17.0795889], [80.8288226, 17.0527675], [80.8453095, 17.0399672], [80.8768821, 17.0709919], [80.867581, 17.0804499], [80.8764302, 17.1055891], [80.8677406, 17.1231306], [80.8782504, 17.1351399], [80.8795203, 17.1608153], [80.9070253, 17.1538504], [80.9239946, 17.1578463], [80.9188773, 17.2197373], [80.9412815, 17.2192941], [80.9943589, 17.1913233], [81.0312711, 17.1903299], [81.0494953, 17.2070686], [81.0546093, 17.2248742], [81.0796062, 17.2152771], [81.1739773, 17.230337], [81.1875947, 17.254652], [81.1766589, 17.2876681], [81.1904105, 17.3248141], [81.2335668, 17.3203608], [81.2456713, 17.3257899], [81.2740288, 17.3171927], [81.3011071, 17.3406635], [81.3226374, 17.3745444], [81.3123823, 17.4087238], [81.2685423, 17.418259], [81.2052636, 17.4495879], [81.2026971, 17.4339532], [81.1932972, 17.4356252], [81.1723271, 17.4490433], [81.1755473, 17.4636364], [81.1482537, 17.4636533], [81.1596051, 17.4843025], [81.1421454, 17.4885875], [81.1384757, 17.5162356], [81.1272797, 17.5264229], [81.0975632, 17.5042559], [81.0800677, 17.5150461], [81.0148264, 17.5221262], [80.9983998, 17.5646846], [80.9693064, 17.5983766], [80.984106, 17.6262096], [80.9959232, 17.6290757], [81.0070449, 17.6217147], [81.0052618, 17.6487595], [80.9800595, 17.6526106], [80.9380966, 17.6325793], [80.8781319, 17.6506683], [80.8764025, 17.6683787], [80.8947496, 17.70291], [80.8855463, 17.735678], [80.9175696, 17.7481077], [80.9278527, 17.7617744], [80.9463125, 17.7601869], [80.9553239, 17.7746196], [80.9734218, 17.7801222], [80.991318, 17.7499171], [81.0405644, 17.7476084], [81.0581986, 17.7331125], [81.1042623, 17.7720064], [81.0959976, 17.7744933], [81.0855875, 17.7980235], [81.0732627, 17.7864543], [81.0466165, 17.7823073], [81.008219, 17.7993663], [80.9964545, 17.8490708], [80.9983402, 17.9167865], [80.9791957, 18.0044493], [80.9642599, 18.0381407], [80.9690527, 18.0464281], [80.9492572, 18.0828616], [80.9555134, 18.1290551], [80.9787388, 18.1508002], [80.9790275, 18.1754113], [80.9576558, 18.1735469], [80.9141702, 18.1411705], [80.8666696, 18.1369234], [80.852912, 18.2020011], [80.872608, 18.2105765], [80.8659373, 18.2301279], [80.8367246, 18.2389198], [80.8235919, 18.2360753], [80.8240683, 18.1910363], [80.7991133, 18.1681698], [80.7600316, 18.1676309], [80.7369031, 18.1771646], [80.7372023, 18.2220929], [80.7942845, 18.2545625], [80.7487237, 18.3089247], [80.7476536, 18.3299623], [80.719676, 18.3907951], [80.7348736, 18.4128405], [80.7182724, 18.4097289], [80.6989528, 18.4214304], [80.6982434, 18.4375563], [80.7053136, 18.439862], [80.6553085, 18.4758626], [80.6372057, 18.5043458], [80.6375692, 18.5225293], [80.618499, 18.5276707], [80.599912, 18.5530371], [80.5345081, 18.5883532], [80.5146607, 18.6193325], [80.488265, 18.6310851], [80.4655358, 18.6239421], [80.4561235, 18.6293581], [80.3884524, 18.5966566], [80.3751592, 18.6106562], [80.3481229, 18.5941392], [80.2799481, 18.7207401], [80.2714851, 18.7233001], [80.2522325, 18.7068067], [80.2336588, 18.7024063], [80.2127717, 18.7057177], [80.196569, 18.6807955], [80.1787045, 18.6832677], [80.1686228, 18.6997094], [80.157708, 18.7009798], [80.1181219, 18.6805168], [80.0885066, 18.7072776], [80.052797, 18.7250588], [80.0386831, 18.7529728], [80.024984, 18.7549396], [80.0185443, 18.770383], [79.9641541, 18.773825], [79.9210479, 18.8102307], [79.9157823, 18.8299125], [79.961605, 18.8666266], [79.9536137, 18.9045045], [79.9570465, 18.9428753], [79.941623, 18.9920892], [79.9402632, 19.0325638], [79.9279194, 19.0493181], [79.8711028, 19.0410169], [79.8584296, 19.1024162], [79.8737516, 19.1240518], [79.9456685, 19.1689366], [79.9247423, 19.2272993], [79.9363552, 19.2641269], [79.9658724, 19.3030387], [79.9590805, 19.3359402], [79.9797173, 19.3894048], [79.972394, 19.4162124], [79.9476087, 19.4496789], [79.9464435, 19.4678233], [79.9148657, 19.4958406], [79.8645839, 19.5105137], [79.8284189, 19.5434056], [79.8148267, 19.5754197], [79.7534483, 19.6075339], [79.7375637, 19.6063952], [79.7089997, 19.5844783], [79.6279195, 19.5731708], [79.6141378, 19.5596773], [79.596154, 19.5072773], [79.5529324, 19.5241686], [79.5399272, 19.5546613], [79.5186108, 19.5431092], [79.5185886, 19.5201828], [79.4981162, 19.5056304], [79.4714249, 19.5001917], [79.4689616, 19.5095738], [79.4333341, 19.5372566], [79.4225599, 19.5380427], [79.420473, 19.5297582], [79.4053187, 19.5356675], [79.3856773, 19.5583305], [79.3727529, 19.5609898], [79.36573, 19.5763314], [79.3184441, 19.5767234], [79.3139306, 19.5664208], [79.3068405, 19.596556], [79.2729492, 19.5988396], [79.2435571, 19.6166889], [79.2386432, 19.6061707], [79.2531243, 19.5932872], [79.2371238, 19.5571383], [79.2400231, 19.5352402], [79.2337282, 19.5200092], [79.2211627, 19.5209915], [79.2038511, 19.4940835], [79.2235893, 19.4690749], [79.1903119, 19.4589847], [79.0980345, 19.5320268], [79.076621, 19.5325586], [79.0460115, 19.5483257], [78.9980314, 19.5400843], [78.9977477, 19.5490651], [78.9812519, 19.5608394], [78.9742231, 19.5493832], [78.9404436, 19.5518683], [78.9376727, 19.5618737], [78.9728349, 19.5823877], [78.9556202, 19.6001712], [78.9618498, 19.6374436], [78.9555584, 19.655791], [78.9035357, 19.6700091], [78.8864462, 19.6624532], [78.8867268, 19.6550714], [78.8519203, 19.6583608], [78.8599231, 19.6894913], [78.8409635, 19.7618901], [78.8021609, 19.7565338], [78.782366, 19.7784097], [78.756371, 19.7725054], [78.740057, 19.7831332], [78.7191607, 19.7666482], [78.6925625, 19.7910267], [78.6073115, 19.8176081], [78.5722874, 19.8158457], [78.5520065, 19.8240846], [78.5150183, 19.8189334], [78.5072229, 19.7975484], [78.4902381, 19.7926845], [78.472459, 19.8173383], [78.4316786, 19.8148763], [78.4002822, 19.8340277], [78.3859829, 19.8460902], [78.3806713, 19.8804362], [78.3356519, 19.8835779]]]}}, {"type": "Feature", "properties": {"state_name": "Chhattisgarh", "stname": "CHHATTISGARH", "state_lgd": 22, "id": 7}, "geometry": {"type": "Polygon", "coordinates": [[[83.3460259, 24.0974426], [83.3214512, 24.1060169], [83.2821125, 24.0497342], [83.2791098, 24.0182747], [83.2636336, 24.0092396], [83.2425857, 24.0115857], [83.2424325, 23.9971784], [83.2236105, 23.9866478], [83.2231284, 23.9581456], [83.2159924, 23.9379045], [83.2038168, 23.9286785], [83.2079186, 23.9213948], [83.1594762, 23.9073849], [83.141483, 23.8849197], [83.081889, 23.8704596], [83.0524777, 23.8795304], [82.9478794, 23.8714223], [82.9272198, 23.8922909], [82.8847118, 23.9088399], [82.8369868, 23.9568043], [82.8010048, 23.9609625], [82.7858865, 23.9408881], [82.7544609, 23.9341881], [82.7523838, 23.9197898], [82.7035064, 23.9244874], [82.6888836, 23.9097998], [82.6615901, 23.9076418], [82.6510584, 23.8894779], [82.6684478, 23.8717908], [82.6604658, 23.8551435], [82.6468258, 23.8591414], [82.6471431, 23.848722], [82.6381364, 23.8479827], [82.6354016, 23.8378208], [82.5886197, 23.8214385], [82.5330744, 23.8221469], [82.548442, 23.8085486], [82.5514745, 23.790641], [82.5381277, 23.7942503], [82.5244621, 23.7837413], [82.4930885, 23.7871615], [82.4692581, 23.8110597], [82.4406519, 23.8027905], [82.3931957, 23.7999369], [82.3769326, 23.811027], [82.3526509, 23.8035263], [82.3394669, 23.8086209], [82.3346565, 23.8025468], [82.2606107, 23.8212405], [82.2318132, 23.8053142], [82.2255089, 23.8200838], [82.2063125, 23.8274112], [82.2153195, 23.8410187], [82.2112282, 23.8516175], [82.1808519, 23.8362802], [82.1714624, 23.8182401], [82.053581, 23.8183752], [82.038416, 23.8268405], [82.0441805, 23.8416489], [82.0088132, 23.8610785], [81.9577993, 23.852284], [81.9289311, 23.8707205], [81.9204579, 23.8706148], [81.9060929, 23.8460643], [81.8881575, 23.8355482], [81.8677123, 23.834145], [81.8630704, 23.8244568], [81.8382005, 23.8211027], [81.822816, 23.8077218], [81.7959042, 23.8148886], [81.7911185, 23.8093468], [81.7254739, 23.8398241], [81.7319778, 23.8566779], [81.7074906, 23.8611325], [81.7073101, 23.8823592], [81.690437, 23.8847631], [81.6875443, 23.9064783], [81.6723101, 23.9133879], [81.6685823, 23.9249623], [81.6321838, 23.9058212], [81.6090176, 23.9032048], [81.604235, 23.8817518], [81.6222071, 23.8702386], [81.6031818, 23.8537101], [81.6132298, 23.8344775], [81.635836, 23.8345131], [81.6514467, 23.7990553], [81.6446617, 23.7701261], [81.6818492, 23.7533029], [81.6867621, 23.7475039], [81.6784653, 23.7393718], [81.6959093, 23.7213201], [81.6840781, 23.6909196], [81.6555493, 23.6820162], [81.6551724, 23.6631363], [81.6445455, 23.6571833], [81.6145652, 23.6629179], [81.6203295, 23.6514285], [81.6065141, 23.6138706], [81.611969, 23.5952529], [81.5897039, 23.596026], [81.5766845, 23.5853445], [81.5840212, 23.553576], [81.6103165, 23.555083], [81.6123191, 23.5102122], [81.6270488, 23.4913216], [81.637276, 23.4903645], [81.6581651, 23.5049075], [81.6589114, 23.5289972], [81.6681177, 23.5329453], [81.6996447, 23.5220168], [81.7225251, 23.5432997], [81.7252336, 23.5568689], [81.7466371, 23.5697971], [81.7582619, 23.5498714], [81.8090694, 23.5493413], [81.8206893, 23.515242], [81.8364251, 23.5109078], [81.8636867, 23.5175725], [81.8756047, 23.5127123], [81.9078733, 23.5353345], [81.9232862, 23.5326594], [81.942343, 23.5056905], [81.957911, 23.5007021], [81.9549796, 23.4679992], [81.9804045, 23.4470404], [81.9838984, 23.4292772], [81.9767411, 23.4237967], [81.9853343, 23.414495], [81.9996867, 23.4215576], [82.0095544, 23.4119931], [82.0254753, 23.4248811], [82.0327519, 23.4099902], [82.0238484, 23.4086708], [82.0290699, 23.4002037], [82.021898, 23.387322], [82.0323111, 23.382416], [82.0368463, 23.3887398], [82.0560039, 23.3767843], [82.0640624, 23.3929382], [82.1034126, 23.3982357], [82.1137655, 23.3841586], [82.1101137, 23.3631719], [82.1171374, 23.3554605], [82.1457483, 23.3611799], [82.1637288, 23.3346724], [82.1939619, 23.3238436], [82.1993882, 23.3134291], [82.1933809, 23.2779651], [82.1743543, 23.2687026], [82.1671789, 23.2458852], [82.1597846, 23.2463252], [82.1452745, 23.2267153], [82.1536058, 23.2127391], [82.1439837, 23.195139], [82.1493875, 23.1757401], [82.1443524, 23.1656481], [82.1609191, 23.1620522], [82.1613598, 23.1431148], [82.1406974, 23.1329326], [82.1379064, 23.1120005], [82.1222494, 23.1038015], [82.0722247, 23.1183247], [82.0341886, 23.0800474], [81.9911393, 23.0866118], [81.9631727, 23.0751939], [81.9422512, 23.078965], [81.9468543, 23.0691011], [81.9295492, 23.0616423], [81.9215018, 23.040814], [81.9504814, 22.9829269], [81.9463076, 22.9567787], [81.9189217, 22.9465453], [81.8782403, 22.9098086], [81.866114, 22.9158106], [81.8694914, 22.8945079], [81.8616266, 22.889261], [81.7756831, 22.8744368], [81.7765286, 22.8516405], [81.7613452, 22.8302873], [81.781778, 22.8109454], [81.7835867, 22.7793462], [81.7943917, 22.7664599], [81.7730711, 22.7505502], [81.7699286, 22.7355758], [81.7535928, 22.7285159], [81.7611526, 22.6975326], [81.7728435, 22.6847024], [81.7723707, 22.6682061], [81.7526278, 22.6444865], [81.7395284, 22.6750868], [81.7252565, 22.6730781], [81.7131403, 22.6480894], [81.6833154, 22.6469066], [81.6472545, 22.6132642], [81.6454847, 22.584444], [81.6578349, 22.5844419], [81.6599315, 22.5694555], [81.6427683, 22.5597145], [81.6290252, 22.5633593], [81.6219425, 22.5380155], [81.5999777, 22.5352593], [81.5918291, 22.5452184], [81.5695494, 22.55073], [81.5627525, 22.5423608], [81.5700331, 22.5322719], [81.5460835, 22.5275797], [81.5222305, 22.5390125], [81.5182449, 22.5198021], [81.5093118, 22.526063], [81.4966494, 22.5195183], [81.4847101, 22.4878301], [81.4426062, 22.4943509], [81.4510811, 22.4866034], [81.4425405, 22.4791977], [81.4508823, 22.4785889], [81.4466168, 22.4697636], [81.4589274, 22.4692925], [81.4473678, 22.4658756], [81.4392137, 22.482125], [81.4278386, 22.4798128], [81.4227774, 22.4700479], [81.4286994, 22.4568885], [81.4067044, 22.440951], [81.3964118, 22.4400813], [81.3900599, 22.4522642], [81.3820553, 22.5098183], [81.3543086, 22.5112568], [81.3265267, 22.5261441], [81.3172143, 22.5146143], [81.3227969, 22.4891599], [81.313728, 22.4829212], [81.2812693, 22.5029542], [81.2732863, 22.4931866], [81.2621298, 22.493265], [81.2619331, 22.4721696], [81.2321909, 22.452155], [81.1994617, 22.4630331], [81.1976665, 22.4895666], [81.1726923, 22.4879085], [81.1551153, 22.4549146], [81.1270083, 22.4492289], [81.1111641, 22.4375745], [81.1036631, 22.3833676], [81.1212109, 22.3425955], [81.1135481, 22.3241275], [81.1187182, 22.2912605], [81.1018545, 22.2783044], [81.0915269, 22.2490028], [81.079549, 22.2393777], [81.0726098, 22.2483748], [81.0500614, 22.2445505], [81.0194627, 22.2211845], [81.0316398, 22.1996535], [81.0306637, 22.1874027], [81.0166578, 22.1855291], [81.0267509, 22.1663901], [81.021913, 22.132729], [80.9948736, 22.1330214], [80.9783419, 22.1199651], [80.9809612, 22.1102145], [80.9904764, 22.113554], [81.0113334, 22.0955689], [81.0014496, 22.0834965], [81.0062048, 22.0632074], [80.9948784, 22.0586066], [80.9943909, 22.0492418], [80.9694029, 22.0579912], [80.9716628, 22.0830462], [80.9475775, 22.1182659], [80.9219517, 22.1199505], [80.9079341, 22.109573], [80.8970675, 22.0647768], [80.8825149, 22.0585604], [80.8757764, 22.0110439], [80.852673, 21.9573074], [80.8254944, 21.9584206], [80.8289824, 21.9483831], [80.8430362, 21.9461193], [80.8476965, 21.9325331], [80.8321202, 21.9079674], [80.8320527, 21.8903515], [80.8533094, 21.8725712], [80.8432642, 21.865555], [80.8525635, 21.8548581], [80.8393703, 21.8478431], [80.8451789, 21.8288248], [80.8401817, 21.8021473], [80.8171223, 21.7621332], [80.8197392, 21.7480232], [80.7854326, 21.7403079], [80.7779249, 21.7547741], [80.7559915, 21.762065], [80.7403401, 21.7441287], [80.7320591, 21.7136626], [80.7261427, 21.7136657], [80.7341365, 21.6945068], [80.7159762, 21.6747283], [80.7143873, 21.6615499], [80.7192832, 21.6453709], [80.7268457, 21.6456234], [80.730946, 21.6173477], [80.7170484, 21.6029661], [80.7153557, 21.58505], [80.7289145, 21.572575], [80.719994, 21.5549955], [80.7407816, 21.5392259], [80.7275998, 21.4961975], [80.7377536, 21.4731242], [80.7300099, 21.4525552], [80.7057391, 21.4308838], [80.7065482, 21.4115556], [80.6777788, 21.3488058], [80.6600452, 21.3340841], [80.6815637, 21.3135672], [80.6795678, 21.298837], [80.6612401, 21.2910656], [80.6438353, 21.2514729], [80.6137825, 21.2265662], [80.5875823, 21.2220963], [80.5594688, 21.2021047], [80.5296292, 21.2053331], [80.5149865, 21.1830289], [80.502586, 21.1853191], [80.4786111, 21.1706841], [80.464054, 21.1746349], [80.4447698, 21.1210664], [80.4581941, 21.1138708], [80.4478026, 21.1124215], [80.4391472, 21.0965603], [80.4526443, 21.0388308], [80.4242627, 21.0085027], [80.4437725, 20.9940407], [80.4453532, 20.9706287], [80.4636959, 20.9291986], [80.5460578, 20.9350131], [80.5417761, 20.9239151], [80.5561158, 20.889197], [80.5618132, 20.8243655], [80.5491748, 20.7960622], [80.5516635, 20.7640345], [80.5627599, 20.7473246], [80.5651527, 20.7107882], [80.5876515, 20.6846997], [80.5801252, 20.6729196], [80.5179268, 20.6550623], [80.4956501, 20.6368484], [80.4941495, 20.6125042], [80.5044138, 20.5833534], [80.5209282, 20.5804781], [80.5807674, 20.6083645], [80.6318616, 20.5984024], [80.6173483, 20.5857524], [80.626585, 20.5638124], [80.615269, 20.5498974], [80.619295, 20.505854], [80.6125954, 20.46193], [80.6021742, 20.4499606], [80.613642, 20.434981], [80.5914815, 20.3930708], [80.6107485, 20.375062], [80.6263521, 20.3326264], [80.6105238, 20.3184037], [80.5495759, 20.3089579], [80.518817, 20.2661669], [80.479132, 20.2782966], [80.3952595, 20.245009], [80.4048349, 20.2187308], [80.4220513, 20.206799], [80.4210051, 20.196172], [80.4006865, 20.1897176], [80.3885383, 20.165199], [80.4018177, 20.1472443], [80.4333785, 20.1353303], [80.4554484, 20.1379283], [80.4601467, 20.1509382], [80.5055945, 20.1444392], [80.5520725, 20.1179615], [80.544003, 20.0956374], [80.5568117, 20.0718767], [80.5425649, 20.0107707], [80.5496005, 19.9859715], [80.5376393, 19.9737937], [80.5389018, 19.9518919], [80.5298944, 19.9394673], [80.5047441, 19.9285459], [80.4887472, 19.9306074], [80.4731643, 19.9509451], [80.4521556, 19.957604], [80.4304487, 19.9408248], [80.4112528, 19.9384939], [80.4079537, 19.9127142], [80.4138831, 19.9074511], [80.4504639, 19.8964233], [80.4686237, 19.9075644], [80.4914266, 19.9020133], [80.5058245, 19.8706498], [80.4862872, 19.8635936], [80.4690793, 19.8270217], [80.4407211, 19.8103338], [80.4296752, 19.8071442], [80.4016243, 19.817038], [80.4076883, 19.8060044], [80.4016982, 19.7962007], [80.4241623, 19.7991611], [80.4492968, 19.7897712], [80.4642583, 19.7957751], [80.489029, 19.7704104], [80.4849679, 19.8024772], [80.4688777, 19.8104467], [80.4805813, 19.8275058], [80.5202064, 19.8317181], [80.5463022, 19.8182657], [80.5426119, 19.7799232], [80.552607, 19.7655605], [80.5714584, 19.7592265], [80.5864669, 19.741136], [80.6401314, 19.7253056], [80.6722163, 19.7007159], [80.6653321, 19.6118792], [80.7146477, 19.6167048], [80.7408459, 19.6062309], [80.7694283, 19.5866697], [80.7670331, 19.5749137], [80.7751089, 19.5625119], [80.7894424, 19.5604177], [80.8161538, 19.5711969], [80.8355933, 19.5663568], [80.8562074, 19.5230028], [80.873139, 19.5187007], [80.8836868, 19.5261709], [80.8949649, 19.5196248], [80.8976843, 19.4804487], [80.8736309, 19.444988], [80.8424112, 19.4468885], [80.7958498, 19.4322648], [80.8173306, 19.3839068], [80.8528527, 19.3638999], [80.8060941, 19.3275114], [80.7742124, 19.3135782], [80.7557314, 19.2892729], [80.7107596, 19.2817564], [80.6896992, 19.2869752], [80.6931536, 19.3155464], [80.6798969, 19.3303321], [80.631512, 19.3071695], [80.6125435, 19.309518], [80.5900311, 19.351771], [80.5917965, 19.3759141], [80.5730737, 19.40246], [80.5441734, 19.3838761], [80.5203309, 19.3477696], [80.482498, 19.3381358], [80.4460256, 19.2641709], [80.39359, 19.2450096], [80.3839056, 19.2159121], [80.3938449, 19.1877976], [80.3330789, 19.1455238], [80.3274307, 19.1351108], [80.339619, 19.100111], [80.3279219, 19.0950494], [80.3296677, 19.0701067], [80.2973392, 19.0490059], [80.3031268, 19.0221633], [80.2729774, 18.9914355], [80.2708781, 18.938476], [80.3350454, 18.8688782], [80.3517185, 18.8416019], [80.3527414, 18.8189846], [80.3229954, 18.7989677], [80.2999365, 18.7944472], [80.276788, 18.7665926], [80.2567073, 18.7699825], [80.2444275, 18.7579006], [80.3007162, 18.6921419], [80.3186739, 18.6421467], [80.3463036, 18.5952818], [80.3751592, 18.6106562], [80.3884524, 18.5966566], [80.4561235, 18.6293581], [80.4655358, 18.6239421], [80.488265, 18.6310851], [80.5146607, 18.6193325], [80.5345081, 18.5883532], [80.599912, 18.5530371], [80.618499, 18.5276707], [80.6375692, 18.5225293], [80.6372057, 18.5043458], [80.6553085, 18.4758626], [80.7053136, 18.439862], [80.6982434, 18.4375563], [80.6989528, 18.4214304], [80.7182724, 18.4097289], [80.7348736, 18.4128405], [80.719676, 18.3907951], [80.7476536, 18.3299623], [80.7487237, 18.3089247], [80.7806297, 18.2660474], [80.7941518, 18.2596287], [80.7921047, 18.249201], [80.7372023, 18.2220929], [80.7368202, 18.1773251], [80.7449779, 18.1703255], [80.7991133, 18.1681698], [80.8240683, 18.1910363], [80.8235919, 18.2360753], [80.8367246, 18.2389198], [80.8659373, 18.2301279], [80.872608, 18.2105765], [80.852912, 18.2020011], [80.8666696, 18.1369234], [80.9141702, 18.1411705], [80.9576558, 18.1735469], [80.9790275, 18.1754113], [80.9787388, 18.1508002], [80.9555134, 18.1290551], [80.9492572, 18.0828616], [80.9673271, 18.0517009], [80.9642599, 18.0381407], [80.9798745, 18.0019592], [80.9983402, 17.9167865], [80.9964545, 17.8490708], [81.008219, 17.7993663], [81.0190116, 17.7908417], [81.0466165, 17.7823073], [81.0732627, 17.7864543], [81.0976574, 17.8123724], [81.1661345, 17.8576004], [81.2662642, 17.8095223], [81.3541097, 17.8122871], [81.3925718, 17.7941632], [81.3885033, 17.8276063], [81.4038153, 17.8530053], [81.3942712, 17.8692762], [81.399268, 17.8919167], [81.40834, 17.8959562], [81.4353405, 17.8808171], [81.444632, 17.8857536], [81.4528245, 17.9075582], [81.4491142, 17.9319347], [81.48295, 17.9768151], [81.4804056, 18.0507414], [81.5128552, 18.0986877], [81.5138231, 18.1405367], [81.5258155, 18.1534018], [81.5070019, 18.1861977], [81.530446, 18.2402819], [81.5252393, 18.2577081], [81.5352709, 18.2683767], [81.5643265, 18.2751984], [81.5975967, 18.3089084], [81.6165349, 18.3073478], [81.6622289, 18.3212261], [81.6496637, 18.3369048], [81.6591405, 18.3465608], [81.7500575, 18.35275], [81.7688743, 18.4170907], [81.8562051, 18.491401], [81.8682478, 18.524921], [81.8796795, 18.5252388], [81.8892673, 18.5381623], [81.9090094, 18.538068], [81.9014069, 18.5486105], [81.9106907, 18.5706348], [81.9505725, 18.5700223], [81.9636411, 18.5904431], [81.9369316, 18.6055703], [81.9301402, 18.6185767], [81.8945903, 18.6295394], [81.8937694, 18.6574591], [81.9008914, 18.6613699], [81.9217263, 18.6429099], [81.9489435, 18.6437099], [81.9550781, 18.6642199], [81.9691482, 18.6733881], [81.9607536, 18.6886314], [81.9709847, 18.698637], [82.0309231, 18.7237872], [82.0627704, 18.719023], [82.0674218, 18.7265016], [82.0849746, 18.7185931], [82.0915795, 18.7657307], [82.1334176, 18.7653642], [82.1334947, 18.7804457], [82.1573565, 18.7854772], [82.1654354, 18.7986247], [82.1565222, 18.8043279], [82.166149, 18.814068], [82.1602914, 18.8198696], [82.1689626, 18.8360222], [82.160197, 18.8613968], [82.1673672, 18.8736189], [82.1604126, 18.8789124], [82.1766595, 18.8870922], [82.1761464, 18.9026695], [82.2183014, 18.9225168], [82.23696, 18.9142337], [82.246054, 18.919111], [82.2327612, 19.0179369], [82.202254, 19.066639], [82.2184151, 19.0972688], [82.2049123, 19.0971408], [82.2058161, 19.1241298], [82.1824693, 19.1316909], [82.1736052, 19.1184106], [82.1660956, 19.1326991], [82.1757353, 19.1386602], [82.171543, 19.150208], [82.1809319, 19.1508165], [82.1701799, 19.1611593], [82.1775339, 19.1556681], [82.1861395, 19.1663475], [82.1760435, 19.1720826], [82.1820492, 19.174163], [82.1751425, 19.1818157], [82.1804625, 19.191685], [82.1617056, 19.2022458], [82.1687718, 19.2129401], [82.1578449, 19.2274987], [82.1584256, 19.2651673], [82.1812245, 19.3233874], [82.194122, 19.3259353], [82.1786557, 19.3433699], [82.148778, 19.3529762], [82.1477355, 19.3718184], [82.1788348, 19.3790508], [82.1894431, 19.4275294], [82.1714917, 19.4371878], [82.1261416, 19.4290857], [82.1134222, 19.4603615], [82.102821, 19.4661064], [82.1079625, 19.4942798], [82.0979728, 19.4989277], [82.1002549, 19.5165892], [82.0760273, 19.5236259], [82.0654154, 19.510575], [82.0290819, 19.5077462], [82.0505983, 19.5486516], [82.0398829, 19.5976361], [82.0590179, 19.6281754], [82.0447506, 19.7088771], [82.0504007, 19.7458054], [82.0636129, 19.7590155], [82.0655475, 19.7906579], [82.0098879, 19.8042171], [81.9953686, 19.7968217], [81.9859495, 19.8010893], [81.9653736, 19.8369043], [81.9681314, 19.8598949], [81.8996768, 19.8871978], [81.8531556, 19.918478], [81.856802, 19.9475387], [81.8450129, 19.9518805], [81.8452752, 19.9595329], [81.8553575, 19.9722801], [81.8759759, 20.0520621], [81.8819142, 20.0443387], [81.8952802, 20.0482378], [81.9258275, 20.0912044], [81.9463815, 20.1051332], [81.9758905, 20.0817097], [81.9953448, 20.0535663], [82.0176803, 20.0489771], [82.0215466, 20.0237092], [82.0325614, 20.0157209], [82.038044, 20.0301157], [82.0704694, 20.0569479], [82.0854337, 20.0507153], [82.0894584, 20.0390626], [82.1022786, 20.0400403], [82.1031973, 20.031066], [82.126786, 20.0147963], [82.1398077, 20.0187273], [82.1712349, 20.0055109], [82.1842537, 19.9841897], [82.2101045, 19.9862503], [82.216713, 19.997059], [82.2371235, 20.0033276], [82.2691695, 19.9752612], [82.3031198, 19.8893856], [82.3439528, 19.835089], [82.3644561, 19.8510141], [82.3608476, 19.8627968], [82.3752, 19.85964], [82.3948706, 19.8880151], [82.4180214, 19.9040727], [82.445991, 19.9101918], [82.4642158, 19.9008473], [82.4728984, 19.9070342], [82.4973386, 19.9041304], [82.5054719, 19.889857], [82.5191208, 19.8909742], [82.5314189, 19.8782389], [82.5349115, 19.8868908], [82.548388, 19.8757027], [82.5559566, 19.8806642], [82.5828948, 19.8694186], [82.5971271, 19.8726929], [82.6025591, 19.8630455], [82.575788, 19.8333945], [82.5759931, 19.8082189], [82.5846883, 19.802351], [82.5817692, 19.7832063], [82.5918128, 19.7758627], [82.6037837, 19.7881231], [82.6271275, 19.793658], [82.6521592, 19.8321659], [82.7039234, 19.8320133], [82.7197898, 19.8568482], [82.72412, 19.8751256], [82.7140524, 19.8778074], [82.7074082, 19.9020409], [82.7204916, 19.9482935], [82.7154469, 19.9959267], [82.6415066, 20.0067133], [82.621136, 19.9922978], [82.5957325, 19.9915706], [82.5501086, 20.0177725], [82.5091125, 20.0181629], [82.4785696, 20.0381742], [82.3982919, 20.0581789], [82.3976691, 20.1237745], [82.3857977, 20.1464365], [82.3941468, 20.152627], [82.3900067, 20.1636954], [82.4115837, 20.1814886], [82.4206183, 20.2049187], [82.422471, 20.2208177], [82.4106276, 20.2426453], [82.4223256, 20.2479715], [82.4123415, 20.2670423], [82.4378111, 20.2944077], [82.4299814, 20.3009855], [82.4307667, 20.3140245], [82.4003791, 20.3415811], [82.4211737, 20.3928493], [82.4166092, 20.4076528], [82.4320051, 20.4166378], [82.4296604, 20.4278685], [82.4378622, 20.4343912], [82.4339798, 20.4456662], [82.4257339, 20.4453275], [82.4270554, 20.4690627], [82.4176335, 20.4817424], [82.4078799, 20.4629494], [82.3960587, 20.4595711], [82.389699, 20.5176032], [82.3576491, 20.5293259], [82.3322344, 20.5619065], [82.3506397, 20.5812687], [82.347133, 20.6025399], [82.3622623, 20.6099107], [82.3764975, 20.6324102], [82.3684794, 20.6495618], [82.3738177, 20.6674023], [82.3504267, 20.7063231], [82.3540136, 20.719663], [82.3455587, 20.731591], [82.3535531, 20.7359234], [82.3417149, 20.7677571], [82.3461098, 20.7976345], [82.3395269, 20.8468353], [82.3511927, 20.8897404], [82.3637551, 20.8884889], [82.3646083, 20.8706719], [82.4052823, 20.8701744], [82.4104927, 20.8422584], [82.4199547, 20.8315617], [82.4393411, 20.8356366], [82.4644854, 20.828996], [82.4653855, 20.8429544], [82.4866814, 20.8616464], [82.4887428, 20.9094021], [82.5591479, 20.9479375], [82.5713834, 20.9722553], [82.6287918, 21.0380358], [82.6119833, 21.0746936], [82.6296352, 21.0788201], [82.6499056, 21.1064677], [82.6397414, 21.1157391], [82.6527557, 21.1287101], [82.637273, 21.14474], [82.6406101, 21.154874], [82.6930044, 21.1657435], [82.6998313, 21.1576992], [82.7211878, 21.1576731], [82.7211524, 21.1658477], [82.7559068, 21.1664343], [82.7936786, 21.1425452], [82.8003153, 21.1559462], [82.8508823, 21.1686324], [82.8524639, 21.1595379], [82.8716998, 21.1574837], [82.876364, 21.1635466], [82.8821763, 21.1484304], [82.9021068, 21.1669936], [82.9322517, 21.1630844], [82.9376979, 21.1698455], [82.9399842, 21.1609322], [82.9476833, 21.1617784], [82.9438448, 21.1778537], [82.9649344, 21.1932749], [82.965559, 21.1753311], [82.9880851, 21.1828121], [82.9805627, 21.1700262], [83.0037643, 21.1669305], [82.9857639, 21.1510398], [82.9903222, 21.1398595], [83.0045836, 21.1369593], [83.0159971, 21.1463066], [83.0452504, 21.1240097], [83.0780315, 21.112009], [83.1314917, 21.1058148], [83.1669147, 21.1387882], [83.1925489, 21.1395146], [83.2146203, 21.1947872], [83.2105263, 21.205036], [83.222148, 21.2287237], [83.2176463, 21.2548491], [83.2229542, 21.2657691], [83.2505908, 21.2823834], [83.2709474, 21.2725697], [83.2785946, 21.2893165], [83.2762945, 21.3023012], [83.2620794, 21.3078343], [83.2573442, 21.3204994], [83.2665283, 21.3308552], [83.2578009, 21.335551], [83.2746945, 21.3638263], [83.2687284, 21.3785899], [83.2840506, 21.3803279], [83.3788819, 21.344553], [83.3918333, 21.3426354], [83.4068802, 21.3516258], [83.4080178, 21.3613659], [83.3968698, 21.367557], [83.3989271, 21.4053427], [83.3758692, 21.4280598], [83.3736178, 21.4423899], [83.3543715, 21.4480705], [83.3378826, 21.5021002], [83.3731622, 21.5581624], [83.3649734, 21.5760758], [83.3826848, 21.6201299], [83.3894331, 21.6176945], [83.3924639, 21.627294], [83.4426491, 21.6554068], [83.4507559, 21.6507457], [83.4439748, 21.6240027], [83.4524695, 21.6224149], [83.4561078, 21.6099961], [83.4662671, 21.6095522], [83.4735562, 21.6324946], [83.489612, 21.6314647], [83.4866126, 21.6441297], [83.4481329, 21.657538], [83.4188271, 21.6806082], [83.4316465, 21.6999052], [83.4592973, 21.6984904], [83.4893152, 21.7453929], [83.4760548, 21.752377], [83.4821777, 21.7655979], [83.4693942, 21.787562], [83.4836513, 21.7941875], [83.4929061, 21.8183664], [83.5225917, 21.7994476], [83.5410446, 21.7993137], [83.540102, 21.8220434], [83.5318711, 21.830959], [83.5517703, 21.8407141], [83.5769131, 21.8312995], [83.5908875, 21.8511013], [83.5742166, 21.8751038], [83.5859657, 21.902133], [83.6059233, 21.9141184], [83.5903558, 21.9297038], [83.5567208, 21.9353451], [83.5616915, 21.948009], [83.5390108, 21.9659882], [83.5433074, 21.9938505], [83.5561517, 22.0078175], [83.539787, 22.0216743], [83.5367206, 22.0434846], [83.5478086, 22.0591524], [83.5867088, 22.0487312], [83.6064242, 22.0665877], [83.5618143, 22.0989175], [83.6081548, 22.154368], [83.6272549, 22.2037825], [83.691473, 22.2441239], [83.7577508, 22.2403395], [83.7597106, 22.2512074], [83.7755797, 22.2573437], [83.7766453, 22.2698542], [83.7922251, 22.2764752], [83.7948451, 22.2859482], [83.8263594, 22.2928219], [83.821984, 22.3115337], [83.8305562, 22.3234016], [83.8502877, 22.325226], [83.8642639, 22.3432754], [83.8903348, 22.3365451], [83.9232838, 22.3584102], [83.9432938, 22.3547103], [84.0102923, 22.3715844], [84.0063791, 22.3822049], [84.0133856, 22.3974205], [84.0303365, 22.4266392], [84.0472467, 22.4382331], [84.0472472, 22.4692209], [83.9802275, 22.5022153], [83.9746607, 22.511886], [83.9976058, 22.5310282], [84.0076816, 22.5261235], [84.0123277, 22.5275271], [84.0028459, 22.5459039], [84.0095054, 22.5730486], [84.0244333, 22.5918032], [84.0541257, 22.5981072], [84.0840162, 22.6381164], [84.1524675, 22.6368006], [84.200188, 22.6664572], [84.2241214, 22.6698874], [84.2382026, 22.6914543], [84.2312652, 22.7399617], [84.2596454, 22.7669872], [84.2873998, 22.7640133], [84.2979398, 22.7942737], [84.315098, 22.8006529], [84.3242193, 22.8509423], [84.3347772, 22.8615475], [84.3697042, 22.8635838], [84.3805139, 22.8766671], [84.3828851, 22.8952567], [84.3751878, 22.9045037], [84.3955505, 22.9287322], [84.3753222, 22.9768891], [84.3281069, 22.9819008], [84.3076339, 22.9674342], [84.2810911, 22.9636879], [84.2770218, 22.9933919], [84.253025, 22.9729269], [84.2410359, 22.9836137], [84.2191757, 22.9791308], [84.2008472, 23.0053429], [84.2016724, 23.0210664], [84.1858018, 23.0270917], [84.1752408, 23.0095418], [84.1755135, 22.9760089], [84.1492484, 22.9656739], [84.1402035, 23.0095709], [84.1255495, 23.0364782], [84.1334605, 23.0830897], [84.093171, 23.1127814], [84.0664033, 23.1106679], [84.0582994, 23.1261735], [84.037469, 23.1398786], [84.0323943, 23.1604848], [84.0631663, 23.2056496], [84.0537342, 23.2472989], [84.0681196, 23.2937848], [84.0621862, 23.3076616], [84.0748205, 23.3331217], [84.0543267, 23.352395], [84.0508371, 23.3747685], [84.0238615, 23.3765033], [84.0118918, 23.3544739], [84.0048035, 23.3540094], [83.9802782, 23.3645915], [83.9670024, 23.3875845], [83.9857624, 23.4258301], [83.9739431, 23.4598519], [83.98482, 23.4657092], [84.0007831, 23.4969293], [84.0146489, 23.5034984], [84.028056, 23.5456019], [84.0300593, 23.5999954], [84.0077051, 23.6222959], [84.0165933, 23.6343789], [83.9806499, 23.6336518], [83.9804493, 23.6248854], [83.9319061, 23.6204135], [83.9376938, 23.5689921], [83.8152899, 23.5960194], [83.8072235, 23.5874711], [83.8006439, 23.6020163], [83.7724817, 23.6108983], [83.7751391, 23.6219435], [83.759449, 23.6260107], [83.7519193, 23.6386656], [83.7611238, 23.651463], [83.7228596, 23.6858647], [83.7421159, 23.7038294], [83.746068, 23.7194949], [83.737736, 23.7604897], [83.7215894, 23.771489], [83.7226227, 23.7865785], [83.705136, 23.803872], [83.705347, 23.8207573], [83.6914931, 23.8264152], [83.6828158, 23.8193808], [83.6644908, 23.8276555], [83.6684876, 23.8366649], [83.6594941, 23.8492635], [83.5711901, 23.8621354], [83.5694865, 23.8690801], [83.5857579, 23.8864027], [83.5534441, 23.8980682], [83.5473902, 23.9375448], [83.5153032, 23.9806894], [83.5138012, 23.9963519], [83.5239034, 24.0113779], [83.5159438, 24.0269605], [83.4778092, 24.0411945], [83.4528894, 24.0419904], [83.4377735, 24.0581674], [83.4322474, 24.0859808], [83.4066442, 24.0804442], [83.3882891, 24.0999615], [83.3460259, 24.0974426]]]}}, {"type": "Feature", "properties": {"state_name": "Maharashtra", "stname": "MAHARASHTRA", "state_lgd": 27, "id": 19}, "geometry": {"type": "MultiPolygon", "coordinates": [[[[73.2855428, 16.9893246], [73.2854824, 16.9895057], [73.2854262, 16.9893532], [73.2855428, 16.9893246]]], [[[73.1194752, 17.7655204], [73.1197641, 17.7661638], [73.1201689, 17.7665502], [73.1194752, 17.7655204]]], [[[73.1013622, 17.8040565], [73.1012721, 17.8047131], [73.1011168, 17.8046387], [73.1013622, 17.8040565]]], [[[74.4436858, 22.0224077], [74.4316399, 22.0302694], [74.388327, 22.020751], [74.3507019, 21.9781209], [74.3008949, 21.9671288], [74.2811757, 21.9331121], [74.1930803, 21.9259711], [74.1574329, 21.9508221], [74.1282236, 21.9497783], [74.047895, 21.9249999], [73.9209638, 21.8610261], [73.8867823, 21.8546609], [73.8716082, 21.8415075], [73.8194442, 21.8413723], [73.7959515, 21.8247274], [73.8078359, 21.8098084], [73.82743, 21.8099099], [73.8329451, 21.8009479], [73.8273389, 21.7924795], [73.8381607, 21.7887478], [73.8294538, 21.7859415], [73.834698, 21.7740531], [73.8248647, 21.7595553], [73.8676085, 21.7183448], [73.8807392, 21.7153692], [73.8918165, 21.6921484], [73.8880149, 21.6532461], [73.8599241, 21.6424074], [73.8516668, 21.6464808], [73.8385899, 21.6330804], [73.8303813, 21.6423673], [73.8142627, 21.6441732], [73.7805149, 21.6285921], [73.7813664, 21.6185947], [73.7966675, 21.6057417], [73.8141306, 21.6010932], [73.834896, 21.5205834], [73.8535566, 21.4974659], [73.8718346, 21.5047962], [73.8643015, 21.5125721], [73.877056, 21.5121569], [73.8798257, 21.5051979], [73.9053164, 21.515762], [73.9042276, 21.5245092], [73.9168224, 21.5195888], [73.9271319, 21.5250803], [73.9320552, 21.512264], [73.9517542, 21.512694], [73.9550755, 21.5408302], [73.9663001, 21.5220658], [73.9822701, 21.522598], [73.9741862, 21.5432763], [73.9974186, 21.5390113], [74.0058385, 21.5527558], [74.0309137, 21.5451532], [74.0374561, 21.5506323], [74.0436059, 21.5424794], [74.0535533, 21.5474812], [74.0540282, 21.5579051], [74.0731892, 21.5479202], [74.1044633, 21.5564318], [74.1133962, 21.5489436], [74.1201278, 21.5562501], [74.1369635, 21.5468634], [74.1389357, 21.5550309], [74.1539564, 21.5568196], [74.155859, 21.5683043], [74.1758646, 21.5689984], [74.1827166, 21.5423168], [74.1958449, 21.5320626], [74.2290077, 21.5544626], [74.2362174, 21.5397031], [74.2633308, 21.5398989], [74.2691176, 21.552557], [74.278528, 21.5536042], [74.2767209, 21.562254], [74.2955264, 21.5690738], [74.3038179, 21.5654732], [74.3032389, 21.5522327], [74.3311603, 21.5524246], [74.3308394, 21.5355258], [74.3214769, 21.5295739], [74.3207881, 21.4984969], [74.3038882, 21.4994468], [74.3041354, 21.4881124], [74.2559206, 21.4767805], [74.2535611, 21.4677418], [74.235708, 21.4677656], [74.2343519, 21.4822869], [74.2141574, 21.481682], [74.209281, 21.462188], [74.1978242, 21.4587485], [74.1877323, 21.4581893], [74.1823199, 21.4692472], [74.1612211, 21.4688954], [74.1358442, 21.4561199], [74.133734, 21.4658624], [74.1251787, 21.4666529], [74.1164976, 21.4524096], [74.1005998, 21.4477933], [74.0945903, 21.4557329], [74.0722997, 21.4570255], [74.0727634, 21.468772], [74.0629316, 21.4745494], [74.0614255, 21.4619666], [74.0457039, 21.4461759], [74.0446244, 21.4191939], [74.0026183, 21.4214135], [73.9822236, 21.4078965], [73.976917, 21.411928], [73.9704456, 21.3978154], [73.9594742, 21.3954279], [73.9389323, 21.4050198], [73.9491759, 21.351164], [73.9421717, 21.2992705], [73.8796131, 21.265957], [73.8497083, 21.2747164], [73.8228735, 21.2708583], [73.8284619, 21.2399827], [73.811809, 21.2312301], [73.8107352, 21.2076158], [73.8154346, 21.1973482], [73.826047, 21.2001289], [73.8258971, 21.1871545], [73.8157615, 21.1739603], [73.7847007, 21.1839857], [73.7723055, 21.1646369], [73.7400869, 21.1711166], [73.7285156, 21.1619387], [73.7371218, 21.153249], [73.7332097, 21.1423545], [73.7189739, 21.1397575], [73.7013403, 21.1463146], [73.7017774, 21.153689], [73.6681805, 21.1545592], [73.6649386, 21.1473029], [73.6346398, 21.1408814], [73.627429, 21.1433519], [73.6292683, 21.1549218], [73.6077923, 21.158981], [73.6064516, 21.1787563], [73.5774206, 21.1707531], [73.5832825, 21.1610137], [73.5785196, 21.1504813], [73.5987901, 21.1566316], [73.605127, 21.1440148], [73.6176332, 21.142697], [73.61191, 21.1380814], [73.6184619, 21.1184553], [73.646382, 21.1212492], [73.6518999, 21.1075965], [73.6772, 21.1085568], [73.6889488, 21.1007942], [73.7031452, 21.1186489], [73.7054882, 21.108428], [73.729675, 21.0998704], [73.7437586, 21.1151792], [73.7299321, 21.082434], [73.7803263, 21.0645266], [73.807741, 21.0848931], [73.8109034, 21.0594916], [73.7955256, 21.0445192], [73.8001272, 21.0387633], [73.8690226, 20.9852648], [73.9012976, 20.9823046], [73.9080484, 20.9600798], [73.8923119, 20.9557107], [73.8881992, 20.9335913], [73.9175382, 20.9077812], [73.925726, 20.8885042], [73.9237242, 20.8513778], [73.9403325, 20.839454], [73.9440434, 20.8237725], [73.931928, 20.8089008], [73.9321738, 20.7613636], [73.9413098, 20.7583254], [73.9426612, 20.7420837], [73.9173266, 20.7248492], [73.8744211, 20.7295335], [73.8551708, 20.6922513], [73.8354383, 20.7021024], [73.8123031, 20.6922459], [73.8172059, 20.6720375], [73.8306221, 20.6751033], [73.8390909, 20.6587745], [73.8327414, 20.6457167], [73.8383944, 20.6204631], [73.7984022, 20.5986775], [73.7912664, 20.6052724], [73.7753928, 20.6002241], [73.76074, 20.5737363], [73.7445614, 20.5649184], [73.7323256, 20.5744197], [73.695377, 20.5783727], [73.6691158, 20.5634779], [73.6526826, 20.5648725], [73.6296848, 20.5812599], [73.6222797, 20.6142378], [73.599515, 20.6369031], [73.5683637, 20.6514068], [73.5507994, 20.6485595], [73.5204895, 20.6788479], [73.5179012, 20.6674339], [73.5045155, 20.6706769], [73.4956244, 20.6536065], [73.4892349, 20.6557336], [73.4785637, 20.6766641], [73.4862648, 20.6751643], [73.490266, 20.6863845], [73.4746481, 20.7203879], [73.4491813, 20.7171809], [73.4407831, 20.6998376], [73.4484495, 20.6931234], [73.4442972, 20.681103], [73.4320392, 20.6772642], [73.4301244, 20.6641182], [73.412451, 20.6614675], [73.3925597, 20.645104], [73.4070999, 20.6353332], [73.4072077, 20.6239703], [73.4211202, 20.6258683], [73.4295761, 20.5952049], [73.4731531, 20.5846353], [73.4752983, 20.5433282], [73.4936242, 20.5380685], [73.4698659, 20.5203072], [73.4676652, 20.4964686], [73.4312488, 20.4539459], [73.4195741, 20.4130666], [73.4140178, 20.4162249], [73.4059187, 20.4029666], [73.379768, 20.3935032], [73.3841925, 20.3720367], [73.406049, 20.3847024], [73.4184674, 20.3305164], [73.4138074, 20.3257212], [73.4277005, 20.2801196], [73.4128456, 20.2709462], [73.4174111, 20.2427343], [73.4104353, 20.2385076], [73.4212113, 20.206586], [73.4165148, 20.198286], [73.3886723, 20.1927733], [73.3824971, 20.2117299], [73.366239, 20.2039103], [73.3647537, 20.1955848], [73.3536027, 20.2003579], [73.3612612, 20.2076456], [73.3564996, 20.2130029], [73.3438356, 20.1993829], [73.2980275, 20.2085906], [73.2830502, 20.1980523], [73.2792255, 20.1501442], [73.2538972, 20.137958], [73.2533567, 20.1256615], [73.2270421, 20.1229644], [73.2256841, 20.1401486], [73.2179267, 20.1366457], [73.2084264, 20.1200615], [73.2138988, 20.1189915], [73.2097028, 20.0853294], [73.188529, 20.0781032], [73.1909221, 20.0495925], [73.1782219, 20.0470181], [73.1363851, 20.0863671], [73.1119831, 20.0711748], [73.1022626, 20.091237], [73.0636929, 20.0995867], [73.0551903, 20.099871], [73.0506232, 20.0637436], [73.0402039, 20.0664332], [73.000738, 20.1123035], [72.9996099, 20.1230219], [73.0126198, 20.1289351], [73.0109364, 20.1346018], [72.9975454, 20.1425761], [72.9918183, 20.117697], [72.9773555, 20.11278], [72.963584, 20.1260372], [72.9768789, 20.17865], [72.9619371, 20.18346], [72.9619842, 20.2100464], [72.8994154, 20.2278408], [72.8896133, 20.2202374], [72.8705024, 20.2283237], [72.8587366, 20.2247425], [72.8611848, 20.2076106], [72.8390316, 20.2091265], [72.8308899, 20.1967671], [72.8369524, 20.1884569], [72.8160361, 20.1844444], [72.8163221, 20.1566851], [72.8244699, 20.1420217], [72.8058469, 20.1544697], [72.7886239, 20.1493238], [72.7941136, 20.1233406], [72.7376711, 20.1343358], [72.7462919, 20.1158687], [72.7387658, 20.1176752], [72.7260131, 20.0799046], [72.7104652, 20.0781864], [72.7078838, 20.0700255], [72.7219758, 19.9706238], [72.6894468, 19.9573561], [72.6815639, 19.9422403], [72.664216, 19.9334888], [72.6788026, 19.9207421], [72.6802717, 19.8648962], [72.6554862, 19.8619079], [72.6480558, 19.8700547], [72.6419906, 19.8439824], [72.6539806, 19.8109377], [72.6676832, 19.8013243], [72.6656959, 19.8138701], [72.6713167, 19.8136431], [72.6828478, 19.7934885], [72.6829361, 19.7605432], [72.6718548, 19.7614798], [72.6779201, 19.7500715], [72.6755236, 19.7157133], [72.6970744, 19.7192447], [72.7081437, 19.7038107], [72.699134, 19.6614788], [72.7073274, 19.6383285], [72.7190025, 19.6299869], [72.7103026, 19.6227094], [72.7253433, 19.6095714], [72.7182283, 19.5977622], [72.7089093, 19.5987642], [72.7147234, 19.5816126], [72.7101192, 19.5716802], [72.7175864, 19.5645731], [72.7110904, 19.5407835], [72.7218253, 19.5333286], [72.719732, 19.5007665], [72.7441317, 19.4993848], [72.7495477, 19.4892693], [72.7431377, 19.4583782], [72.7599269, 19.3927097], [72.7525574, 19.3787545], [72.7444386, 19.3788195], [72.7566064, 19.3640713], [72.7668881, 19.3650833], [72.8001907, 19.3238471], [72.8299515, 19.3346214], [72.8157195, 19.3144773], [72.7950266, 19.3150304], [72.786928, 19.3076842], [72.778655, 19.2789248], [72.7854771, 19.2667736], [72.7755759, 19.2271909], [72.7861974, 19.2044855], [72.7814101, 19.1954306], [72.7954842, 19.1946677], [72.7948625, 19.1746971], [72.7816423, 19.1678846], [72.789692, 19.1473317], [72.786073, 19.1335208], [72.7969948, 19.1344871], [72.8068457, 19.1514507], [72.8116306, 19.145231], [72.8040804, 19.1414509], [72.8286967, 19.1166199], [72.8210925, 19.1183205], [72.8258909, 19.084732], [72.8332233, 19.0848311], [72.8229924, 19.0800451], [72.8244487, 19.0558435], [72.8170134, 19.0414741], [72.8317805, 19.0532463], [72.8386314, 19.0465232], [72.8326025, 19.023681], [72.8230273, 19.0173989], [72.8174611, 19.0255638], [72.8137605, 18.9829557], [72.7924965, 18.9499065], [72.7933152, 18.9394083], [72.8121794, 18.955271], [72.8236058, 18.9412494], [72.8255949, 18.9194462], [72.8152161, 18.9080947], [72.8051037, 18.9101538], [72.8035602, 18.8988146], [72.8119512, 18.8951277], [72.8433723, 18.9302947], [72.8460378, 18.9648127], [72.8552049, 18.9759607], [72.8488461, 18.9777469], [72.8605368, 18.9814709], [72.8543206, 18.9972034], [72.8782429, 19.0219364], [72.8852344, 19.015238], [72.8797155, 18.9929551], [72.8853004, 18.9814782], [72.947109, 18.9868502], [72.9506464, 18.9595069], [72.9591713, 18.9571623], [72.9408106, 18.9444897], [72.9370608, 18.909332], [72.9210106, 18.9136385], [72.904073, 18.9044352], [72.9018173, 18.8837567], [72.9138439, 18.8758109], [72.9183479, 18.8554076], [72.9348397, 18.8440493], [72.9609941, 18.8410386], [72.9734094, 18.8628008], [72.9953866, 18.8715107], [72.9750876, 18.8395015], [72.9849293, 18.814985], [72.9992919, 18.8092005], [72.99783, 18.8026033], [72.9782722, 18.8075959], [72.9940019, 18.7871127], [72.9959432, 18.7730178], [72.9571325, 18.7992302], [72.9451516, 18.8263825], [72.9273886, 18.8208943], [72.9144893, 18.8003246], [72.8990359, 18.8059015], [72.8895548, 18.8005282], [72.869215, 18.8107913], [72.8586466, 18.7707006], [72.8622465, 18.7207791], [72.8510523, 18.6988324], [72.8591895, 18.6841902], [72.8612499, 18.6296994], [72.8781392, 18.6308143], [72.8779564, 18.617953], [72.8915106, 18.6062157], [72.921158, 18.5505529], [72.9053162, 18.538556], [72.9110922, 18.5025591], [72.9018899, 18.4926603], [72.9018891, 18.4757726], [72.8937325, 18.4717912], [72.9070989, 18.4372598], [72.9070355, 18.4029893], [72.9259459, 18.3834385], [72.9129787, 18.361628], [72.9188288, 18.3486112], [72.9335305, 18.3516342], [72.9538671, 18.3349637], [72.9559108, 18.3158593], [72.9793889, 18.2978845], [72.9864814, 18.2822788], [72.9730208, 18.2661642], [72.9643053, 18.2801674], [72.9380481, 18.2837221], [72.9424894, 18.2340942], [72.9317784, 18.2204203], [72.9563954, 18.2196364], [72.9809326, 18.196286], [72.9886589, 18.1579], [72.981343, 18.1370335], [72.9710284, 18.1328896], [72.9968332, 18.0842139], [72.9991601, 18.0695497], [72.9903756, 18.0557662], [73.0060631, 18.0520597], [73.021295, 18.0274533], [73.0051293, 18.0196655], [73.0193887, 17.9898382], [73.0306589, 17.9897976], [73.0402645, 17.9784378], [73.0303723, 17.9673628], [73.0307964, 17.9428736], [73.0508832, 17.9307466], [73.0512081, 17.9063413], [73.0749391, 17.8824246], [73.0957685, 17.8258741], [73.089358, 17.8123405], [73.0940404, 17.8117103], [73.1031495, 17.8029821], [73.1212201, 17.7666988], [73.1193361, 17.7596589], [73.1254131, 17.7527157], [73.135151, 17.7086456], [73.1143468, 17.6951718], [73.1142779, 17.685733], [73.1346449, 17.6478906], [73.12755, 17.6380288], [73.1375204, 17.6114721], [73.1527331, 17.5987093], [73.1501844, 17.5741285], [73.1399985, 17.5702023], [73.1371868, 17.555642], [73.1538349, 17.5281968], [73.1739256, 17.5169073], [73.192428, 17.4681003], [73.1845276, 17.4431382], [73.1982522, 17.4395749], [73.1860019, 17.4302116], [73.1861025, 17.4150114], [73.1676964, 17.4030527], [73.1833313, 17.3840767], [73.2020462, 17.3897421], [73.2077943, 17.3841284], [73.2191042, 17.3530726], [73.2148061, 17.3463143], [73.2293509, 17.3350665], [73.2189024, 17.3285502], [73.2387628, 17.3170415], [73.2355564, 17.288108], [73.2587707, 17.2860301], [73.2575971, 17.279765], [73.2292475, 17.2824777], [73.2226512, 17.3063251], [73.2054153, 17.2991569], [73.1969018, 17.306797], [73.1906385, 17.2993089], [73.2029883, 17.2892171], [73.2056114, 17.2695713], [73.2102212, 17.2780399], [73.2215027, 17.2677354], [73.2241007, 17.248419], [73.2446794, 17.2222314], [73.2465452, 17.2041385], [73.2316262, 17.1991438], [73.2534115, 17.1883631], [73.2723133, 17.1212171], [73.2676473, 17.1147436], [73.2820389, 17.108555], [73.2890519, 17.0744097], [73.2790458, 17.0377351], [73.2582125, 17.048775], [73.255368, 17.0277127], [73.2586399, 17.0198593], [73.2760408, 17.02345], [73.2840533, 17.0110962], [73.2818086, 16.9984951], [73.2678139, 16.997472], [73.271236, 16.9850922], [73.2792801, 16.9934001], [73.2997179, 16.981884], [73.2925007, 16.9550117], [73.2831835, 16.950368], [73.2875786, 16.9164086], [73.2785761, 16.8930367], [73.29387, 16.8984445], [73.3024876, 16.8918472], [73.2874301, 16.8808959], [73.2958018, 16.8603572], [73.2893858, 16.8583688], [73.2891386, 16.8442921], [73.2963546, 16.8163812], [73.3161919, 16.8061046], [73.3191381, 16.7953384], [73.304442, 16.7658718], [73.3053896, 16.7302771], [73.3297159, 16.6873949], [73.3330548, 16.6505738], [73.3230183, 16.6386167], [73.3330867, 16.6414161], [73.3406812, 16.6335513], [73.3304506, 16.6198589], [73.3521477, 16.6248895], [73.355157, 16.6189243], [73.3534536, 16.6077574], [73.3478012, 16.6125843], [73.3174207, 16.601667], [73.3233508, 16.5822771], [73.3402379, 16.5805742], [73.3452514, 16.572584], [73.3273606, 16.5658982], [73.3331479, 16.5573597], [73.3108706, 16.5414395], [73.3169464, 16.5141843], [73.3240099, 16.5149009], [73.3468971, 16.4503651], [73.3586697, 16.4416604], [73.3712827, 16.3895634], [73.3689201, 16.3629256], [73.3866804, 16.3584236], [73.3861251, 16.3364568], [73.4188467, 16.2580759], [73.4270567, 16.2036546], [73.4396435, 16.1913335], [73.4585966, 16.0909573], [73.4649206, 16.086937], [73.4581669, 16.086035], [73.4649036, 16.0669768], [73.4549855, 16.0620068], [73.45645, 16.05292], [73.4672163, 16.0537278], [73.4665384, 16.0460326], [73.4843609, 16.0337125], [73.4892803, 15.9884912], [73.5101088, 15.9404598], [73.5308011, 15.932322], [73.5356649, 15.9391646], [73.5692489, 15.9129505], [73.5887236, 15.9080311], [73.6135553, 15.8547688], [73.6282179, 15.8480408], [73.6360502, 15.8154432], [73.656258, 15.7957604], [73.6642033, 15.7533109], [73.649862, 15.7449], [73.6769938, 15.7259403], [73.6875542, 15.7298849], [73.6954923, 15.7240204], [73.706809, 15.7324239], [73.7208797, 15.7256653], [73.7428362, 15.7365749], [73.784974, 15.7261252], [73.7931579, 15.7372291], [73.8209549, 15.7398552], [73.8297483, 15.7643288], [73.8439091, 15.7811278], [73.8526213, 15.7811695], [73.8470654, 15.7857989], [73.8538205, 15.7986073], [73.8633959, 15.7987898], [73.8660663, 15.7853418], [73.8798516, 15.7743145], [73.8756951, 15.7512831], [73.938679, 15.7429824], [73.9523305, 15.7144019], [73.9436952, 15.6969365], [73.9592255, 15.7000571], [73.9637605, 15.6923218], [73.9678223, 15.6602507], [73.9611325, 15.6452987], [73.9678578, 15.6305772], [73.9933585, 15.6106381], [74.0207972, 15.6060852], [74.0311561, 15.6226113], [74.063169, 15.6263804], [74.1138855, 15.6461274], [74.1182645, 15.6520316], [74.0880965, 15.6724729], [74.1257709, 15.6809672], [74.1321299, 15.7024036], [74.1221656, 15.7207311], [74.1509749, 15.7358077], [74.1615566, 15.7512945], [74.2014334, 15.7586207], [74.2089672, 15.7812691], [74.2335013, 15.7869945], [74.2276305, 15.7565808], [74.2423095, 15.7431996], [74.2683188, 15.7547367], [74.2872852, 15.7419774], [74.3078988, 15.7484807], [74.3230697, 15.7726766], [74.3456844, 15.7645551], [74.3585336, 15.7750203], [74.3719739, 15.7982421], [74.3608011, 15.8176749], [74.381037, 15.8353841], [74.3830854, 15.8491049], [74.338209, 15.8549187], [74.3632565, 15.8749206], [74.3646951, 15.8938618], [74.3686149, 15.8943596], [74.3881403, 15.8542526], [74.4061707, 15.8553765], [74.3868653, 15.9049813], [74.4308304, 15.9565824], [74.463223, 16.0391917], [74.4564949, 16.0410588], [74.4630156, 16.0416194], [74.4622135, 16.0498376], [74.4296944, 16.0591515], [74.3734011, 16.0364435], [74.3773352, 16.0551205], [74.3613282, 16.0538359], [74.3722185, 16.0782103], [74.3908589, 16.0804849], [74.3900352, 16.0894625], [74.4069564, 16.0935082], [74.4276193, 16.1119651], [74.4843049, 16.0914682], [74.4908362, 16.1167174], [74.4798324, 16.1471251], [74.4937865, 16.1864486], [74.5062396, 16.1902437], [74.5079952, 16.2022583], [74.495926, 16.2143006], [74.5031019, 16.2254057], [74.4804795, 16.2501257], [74.4686205, 16.2401854], [74.456094, 16.2438646], [74.4548349, 16.253393], [74.4176107, 16.2580007], [74.4143948, 16.2826511], [74.3826079, 16.277358], [74.3806359, 16.261968], [74.3732028, 16.2616432], [74.3617309, 16.2877094], [74.3455969, 16.2937625], [74.3537103, 16.2828219], [74.3504603, 16.2753667], [74.3249338, 16.2717563], [74.3208257, 16.2844755], [74.3279606, 16.2932461], [74.342013, 16.2911772], [74.3425482, 16.2980273], [74.331917, 16.3052524], [74.3332181, 16.3134512], [74.3251565, 16.313682], [74.328745, 16.3237475], [74.3166066, 16.3265615], [74.3225048, 16.3343686], [74.3153203, 16.34008], [74.3270346, 16.3425095], [74.3176397, 16.3530528], [74.3247675, 16.3599361], [74.3171926, 16.3810037], [74.3248407, 16.3782882], [74.327493, 16.3914992], [74.3358694, 16.3937416], [74.3534099, 16.3664187], [74.3636943, 16.4050913], [74.3350543, 16.4014074], [74.3288533, 16.4190476], [74.3367361, 16.4288067], [74.3325916, 16.4547588], [74.3124563, 16.4532353], [74.2892752, 16.4629705], [74.290895, 16.5049021], [74.2796606, 16.5048253], [74.2743815, 16.4856265], [74.2607701, 16.4800966], [74.2473728, 16.4969132], [74.2782162, 16.5049145], [74.2644425, 16.5404441], [74.2771258, 16.5452489], [74.2831383, 16.5245893], [74.2915958, 16.5338824], [74.3013714, 16.5292695], [74.3061426, 16.5036929], [74.3151228, 16.5045975], [74.3157134, 16.5544547], [74.3396905, 16.5477574], [74.3562466, 16.5597473], [74.3579255, 16.538342], [74.3798326, 16.5285923], [74.3966259, 16.5832675], [74.4221453, 16.5845115], [74.4354381, 16.60106], [74.4667115, 16.6068224], [74.4547824, 16.6472955], [74.4687425, 16.663803], [74.4890338, 16.6301448], [74.544489, 16.6354687], [74.5434927, 16.5953186], [74.5587733, 16.5946532], [74.5668942, 16.5853886], [74.5548461, 16.5645119], [74.5685367, 16.5538687], [74.6095154, 16.5695913], [74.6187985, 16.584072], [74.6286333, 16.5777319], [74.6400137, 16.6104538], [74.6599871, 16.6028991], [74.6869818, 16.606788], [74.6875725, 16.6178854], [74.6535464, 16.6388754], [74.6651639, 16.6656715], [74.6795048, 16.6661705], [74.6790233, 16.6730954], [74.6895503, 16.6770257], [74.680825, 16.6858917], [74.6893987, 16.6864641], [74.6910195, 16.7155416], [74.7320917, 16.718324], [74.7719696, 16.7506823], [74.7957493, 16.7477469], [74.8445128, 16.7618155], [74.8498204, 16.7727556], [74.8656819, 16.7633603], [74.869359, 16.7740659], [74.9201436, 16.7724992], [74.9108167, 16.7895423], [74.9102931, 16.8351416], [74.9015157, 16.8625502], [74.9266916, 16.863829], [74.9255483, 16.8720298], [74.9352214, 16.8710651], [74.9442696, 16.8826906], [74.9603608, 16.8809472], [74.9635786, 16.9097113], [74.9553499, 16.9053431], [74.9217757, 16.9298617], [74.9317072, 16.9447552], [74.9645444, 16.9267763], [74.9643551, 16.9476332], [74.9929089, 16.9520704], [75.0265857, 16.9441363], [75.0252348, 16.9280023], [75.0445393, 16.9417296], [75.0893337, 16.9515822], [75.0963086, 16.9137433], [75.1173904, 16.9134437], [75.1203228, 16.9025305], [75.1344497, 16.8944966], [75.1364832, 16.8744879], [75.176576, 16.867707], [75.1889874, 16.8752803], [75.1818475, 16.8434023], [75.2142022, 16.8416992], [75.2276397, 16.8431755], [75.2376609, 16.8679409], [75.2647197, 16.8627998], [75.2820299, 16.8802905], [75.2899356, 16.9040258], [75.2793827, 16.9233283], [75.2800699, 16.9565195], [75.3500509, 16.9578165], [75.3921351, 16.9800907], [75.427878, 16.9664946], [75.4416035, 16.9822311], [75.4655522, 16.988365], [75.4661825, 16.9813117], [75.4832365, 16.9759946], [75.4890777, 16.9444227], [75.5096613, 16.9502502], [75.5293142, 16.9693998], [75.5676521, 16.9657459], [75.567219, 17.0090463], [75.5730972, 17.0096065], [75.6068535, 17.0045711], [75.607863, 16.9709971], [75.633932, 16.9702592], [75.6447571, 16.9540788], [75.670321, 16.962052], [75.6770822, 16.9690027], [75.6660752, 16.9797716], [75.669694, 17.0381603], [75.649994, 17.0322381], [75.6409985, 17.0375814], [75.6503072, 17.057255], [75.6767154, 17.0654159], [75.6722887, 17.1159958], [75.6503469, 17.1156923], [75.6495316, 17.1343765], [75.6253766, 17.1740003], [75.6284345, 17.1886579], [75.6399302, 17.1888651], [75.6619116, 17.2145889], [75.6577161, 17.2632077], [75.6541686, 17.2738152], [75.6278489, 17.2743396], [75.6224076, 17.2951032], [75.6037343, 17.3055034], [75.6120806, 17.3254209], [75.6100252, 17.3450403], [75.5808454, 17.351223], [75.5741668, 17.3832555], [75.6135163, 17.3919151], [75.6066011, 17.4203724], [75.6329797, 17.4772144], [75.6588376, 17.4580579], [75.6758759, 17.4559431], [75.6907294, 17.4094736], [75.7124407, 17.4079339], [75.7335948, 17.420093], [75.7658676, 17.4053042], [75.7720346, 17.3857447], [75.7929405, 17.3696974], [75.8136601, 17.37276], [75.8214407, 17.4212226], [75.8510841, 17.4105253], [75.8608781, 17.385595], [75.8752029, 17.398086], [75.8765061, 17.4161434], [75.8841884, 17.4179596], [75.8940641, 17.4011958], [75.8905819, 17.3565223], [75.9308194, 17.3225728], [75.9687071, 17.3364679], [75.9982723, 17.3379682], [76.0143324, 17.3535333], [76.0605352, 17.3553077], [76.07913, 17.3316024], [76.0997398, 17.3646507], [76.1189533, 17.3705043], [76.1626178, 17.3452201], [76.1650794, 17.303335], [76.176315, 17.3007875], [76.1832482, 17.3194347], [76.1703147, 17.3526242], [76.196392, 17.3636667], [76.2292843, 17.3652061], [76.2285304, 17.3758436], [76.2420871, 17.3788371], [76.2507275, 17.3604328], [76.2720091, 17.3605919], [76.2763604, 17.3345742], [76.3176634, 17.3323757], [76.3143441, 17.3483898], [76.3452992, 17.3544481], [76.3540117, 17.3143165], [76.3831599, 17.3145257], [76.3966078, 17.3471039], [76.4121887, 17.3510677], [76.4091205, 17.3713878], [76.3634265, 17.3776681], [76.3715104, 17.4364236], [76.3332625, 17.433901], [76.3306873, 17.4701936], [76.3755161, 17.4902199], [76.3746884, 17.4956497], [76.3457646, 17.4925298], [76.3465719, 17.5125794], [76.3672191, 17.5194529], [76.3627404, 17.5373726], [76.3406925, 17.5424746], [76.3312865, 17.5974186], [76.4196849, 17.6037101], [76.4291914, 17.6449534], [76.4450047, 17.6409513], [76.4419579, 17.6490871], [76.4544828, 17.6497863], [76.4528603, 17.6557902], [76.4897487, 17.6604992], [76.4872276, 17.7147636], [76.5239022, 17.7151521], [76.5232757, 17.7597973], [76.5727077, 17.7605395], [76.5639572, 17.7508334], [76.5702954, 17.7054057], [76.5822, 17.7052703], [76.6010768, 17.7258606], [76.6052959, 17.758645], [76.6153311, 17.7703965], [76.631885, 17.7546414], [76.6332595, 17.7282202], [76.655599, 17.7178542], [76.6641888, 17.6875602], [76.6908399, 17.6810048], [76.6925397, 17.7067236], [76.703655, 17.7159954], [76.6996459, 17.7272491], [76.7282708, 17.7375607], [76.7140914, 17.78094], [76.7209401, 17.7880576], [76.7406458, 17.7794643], [76.7620385, 17.787017], [76.7665099, 17.7984687], [76.7787276, 17.8004803], [76.7903937, 17.8263341], [76.7676299, 17.8520037], [76.7384821, 17.8566816], [76.7399719, 17.8997012], [76.7681608, 17.9011521], [76.7750496, 17.8777129], [76.8066694, 17.8705752], [76.8102157, 17.8870414], [76.8312016, 17.8856157], [76.838956, 17.8990624], [76.884268, 17.8942929], [76.9012647, 17.9172423], [76.9191001, 17.9162003], [76.9131397, 17.9968903], [76.9067074, 17.9965944], [76.9056438, 18.0097096], [76.9143153, 18.0353612], [76.9523052, 18.0402193], [76.944901, 18.0483611], [76.9516204, 18.0610531], [76.9452138, 18.0832008], [76.9629414, 18.0895718], [76.9663497, 18.0982012], [76.954274, 18.1105443], [76.9204996, 18.1181828], [76.9317953, 18.1335262], [76.9239631, 18.1466334], [76.9314765, 18.1596534], [76.9423631, 18.1564173], [76.9519345, 18.1880993], [76.9906091, 18.1899878], [77.0011141, 18.1608995], [77.023304, 18.1585095], [77.0230837, 18.1756529], [77.0331777, 18.1819928], [77.0519773, 18.1732294], [77.053202, 18.1594518], [77.063958, 18.1506521], [77.1115431, 18.1558335], [77.116338, 18.1710165], [77.0975987, 18.1967236], [77.1515219, 18.2170449], [77.1486325, 18.2390456], [77.1697493, 18.2608712], [77.1748119, 18.2848618], [77.1974734, 18.2766098], [77.2130133, 18.2803203], [77.1987125, 18.3154522], [77.2016679, 18.3221652], [77.211794, 18.3162807], [77.2190672, 18.3257305], [77.2295849, 18.3482086], [77.2200911, 18.3492735], [77.2258853, 18.3651614], [77.246391, 18.3707656], [77.2336851, 18.3882006], [77.241768, 18.4126071], [77.2593687, 18.4132612], [77.279038, 18.4297979], [77.3169323, 18.4424633], [77.3198851, 18.4580272], [77.3360318, 18.450155], [77.3452183, 18.4336111], [77.3534851, 18.4476666], [77.3656359, 18.4515641], [77.3621493, 18.4298884], [77.3728282, 18.4013132], [77.4001643, 18.4019981], [77.4140943, 18.3931075], [77.409836, 18.3774114], [77.3948698, 18.3684547], [77.4001486, 18.3474464], [77.3824278, 18.3422528], [77.38094, 18.331022], [77.3567244, 18.3202021], [77.3657897, 18.3071248], [77.4089952, 18.3014687], [77.4376648, 18.3103138], [77.4365116, 18.2932287], [77.447578, 18.2699952], [77.4650375, 18.262536], [77.4813795, 18.2723562], [77.4926671, 18.2672035], [77.5115575, 18.2820493], [77.5125365, 18.3095583], [77.5512623, 18.2916932], [77.5713961, 18.3088291], [77.5580236, 18.3314164], [77.5223412, 18.3464671], [77.5254719, 18.3727051], [77.551602, 18.3888977], [77.5567561, 18.4171433], [77.5281666, 18.428913], [77.527516, 18.4421112], [77.5641809, 18.4373026], [77.5852973, 18.4467923], [77.5836043, 18.4562058], [77.5507619, 18.4604095], [77.5485634, 18.4685813], [77.572861, 18.4698149], [77.5763693, 18.4867846], [77.6031261, 18.4768475], [77.6047069, 18.4963668], [77.5859069, 18.5039961], [77.6002815, 18.5222965], [77.596567, 18.5302], [77.5906911, 18.5266657], [77.5963694, 18.5489414], [77.6124963, 18.5444793], [77.6292523, 18.5536753], [77.6340001, 18.5439178], [77.6396194, 18.554941], [77.6479131, 18.5549314], [77.6458969, 18.5388368], [77.6558604, 18.530899], [77.7015614, 18.5551711], [77.7384996, 18.5567887], [77.750343, 18.5892121], [77.7456566, 18.6212884], [77.7305043, 18.6451454], [77.7357088, 18.660987], [77.7299742, 18.6669369], [77.7492486, 18.6826666], [77.7535038, 18.700992], [77.768152, 18.7058594], [77.7719051, 18.689055], [77.7872883, 18.68264], [77.8399548, 18.8048215], [77.9066722, 18.8266974], [77.934498, 18.8222654], [77.9485361, 18.8298365], [77.9489009, 18.8432892], [77.9347756, 18.8451448], [77.9300608, 18.8587263], [77.903232, 18.8666255], [77.9039063, 18.8812459], [77.8915841, 18.881414], [77.8853844, 18.9042002], [77.8432542, 18.9086934], [77.8586536, 18.9486633], [77.8419425, 18.9498726], [77.8324535, 18.9416286], [77.8162398, 18.9472702], [77.8208082, 18.9788528], [77.7911405, 18.9828175], [77.7876263, 18.9726465], [77.7714972, 18.9791591], [77.7753511, 19.0006266], [77.7619963, 19.0318526], [77.764812, 19.0626553], [77.8003494, 19.0511216], [77.7967978, 19.0725891], [77.8099343, 19.104734], [77.8181405, 19.1049809], [77.83127, 19.0860806], [77.850395, 19.0885569], [77.8476647, 19.1160049], [77.8340629, 19.1343082], [77.8525311, 19.1546779], [77.8604942, 19.1803543], [77.847721, 19.189595], [77.8713581, 19.2542747], [77.8821532, 19.2604706], [77.902847, 19.2564628], [77.9074813, 19.2679881], [77.9034585, 19.2779596], [77.8655755, 19.2838215], [77.8634588, 19.3041963], [77.8943199, 19.32047], [77.9115459, 19.316257], [77.9451219, 19.342453], [78.0134969, 19.2947177], [78.0148197, 19.2790374], [78.0425063, 19.2706038], [78.0359407, 19.2506334], [78.0416136, 19.2434281], [78.0556753, 19.2371217], [78.0790969, 19.2548343], [78.0891496, 19.2393682], [78.117038, 19.2486373], [78.1445469, 19.2294007], [78.175321, 19.2375786], [78.1817714, 19.2476184], [78.1766665, 19.2785486], [78.1937389, 19.3148861], [78.1721482, 19.3492989], [78.187673, 19.394593], [78.17619, 19.4122625], [78.1950652, 19.4067537], [78.2115869, 19.4284785], [78.2445089, 19.4288025], [78.2704394, 19.4561551], [78.2869701, 19.4485286], [78.304341, 19.456137], [78.3092235, 19.4810839], [78.2903962, 19.5276239], [78.2932297, 19.5422336], [78.283935, 19.5414116], [78.2743108, 19.5539746], [78.2752515, 19.5624617], [78.2935629, 19.5589842], [78.3036889, 19.5693206], [78.3055669, 19.6070665], [78.2938994, 19.6194418], [78.2904625, 19.646001], [78.262649, 19.6650642], [78.2761859, 19.6924153], [78.3118213, 19.6910505], [78.3186538, 19.7055259], [78.3431341, 19.71325], [78.3412346, 19.7357562], [78.3492887, 19.7379757], [78.3646746, 19.7812315], [78.3574417, 19.8054341], [78.3340246, 19.8145917], [78.3364145, 19.8379232], [78.2860751, 19.8479371], [78.3070279, 19.9142976], [78.3317789, 19.9133738], [78.3340922, 19.9052966], [78.3243635, 19.8948345], [78.3320882, 19.8849004], [78.3806713, 19.8804362], [78.3864583, 19.8453594], [78.4229519, 19.8176267], [78.472459, 19.8173383], [78.4902381, 19.7926845], [78.5072229, 19.7975484], [78.5150183, 19.8189334], [78.5520065, 19.8240846], [78.5722874, 19.8158457], [78.6073115, 19.8176081], [78.6925625, 19.7910267], [78.7191607, 19.7666482], [78.740057, 19.7831332], [78.756371, 19.7725054], [78.782366, 19.7784097], [78.8021609, 19.7565338], [78.8409635, 19.7618901], [78.8599231, 19.6894913], [78.8519203, 19.6583608], [78.8867268, 19.6550714], [78.8864462, 19.6624532], [78.9035357, 19.6700091], [78.9555584, 19.655791], [78.9618498, 19.6374436], [78.9556202, 19.6001712], [78.9728349, 19.5823877], [78.9376727, 19.5618737], [78.9404436, 19.5518683], [78.9742231, 19.5493832], [78.9812519, 19.5608394], [78.9977477, 19.5490651], [78.9980314, 19.5400843], [79.0460115, 19.5483257], [79.076621, 19.5325586], [79.0980345, 19.5320268], [79.1903119, 19.4589847], [79.2235893, 19.4690749], [79.2038511, 19.4940835], [79.2211627, 19.5209915], [79.2337282, 19.5200092], [79.2400231, 19.5352402], [79.2371238, 19.5571383], [79.2531243, 19.5932872], [79.2386432, 19.6061707], [79.2435571, 19.6166889], [79.2729492, 19.5988396], [79.3068405, 19.596556], [79.3139306, 19.5664208], [79.3184441, 19.5767234], [79.36573, 19.5763314], [79.3727529, 19.5609898], [79.3856773, 19.5583305], [79.4053187, 19.5356675], [79.420473, 19.5297582], [79.4225599, 19.5380427], [79.4333341, 19.5372566], [79.4689616, 19.5095738], [79.4714249, 19.5001917], [79.4981162, 19.5056304], [79.5185886, 19.5201828], [79.5186108, 19.5431092], [79.5399272, 19.5546613], [79.5529324, 19.5241686], [79.596154, 19.5072773], [79.6141378, 19.5596773], [79.6279195, 19.5731708], [79.7089997, 19.5844783], [79.74308, 19.6086263], [79.7786066, 19.5996665], [79.8144638, 19.5756985], [79.8284189, 19.5434056], [79.8645839, 19.5105137], [79.9145034, 19.4960383], [79.9448195, 19.4698144], [79.9476087, 19.4496789], [79.972394, 19.4162124], [79.979615, 19.3903255], [79.9590805, 19.3359402], [79.9658724, 19.3030387], [79.9363552, 19.2641269], [79.9247423, 19.2272993], [79.9456685, 19.1689366], [79.8737516, 19.1240518], [79.8584296, 19.1024162], [79.8711028, 19.0410169], [79.9289171, 19.0491943], [79.9403787, 19.0320131], [79.941623, 18.9920892], [79.9570465, 18.9428753], [79.9536137, 18.9045045], [79.961605, 18.8666266], [79.9140306, 18.8238067], [79.9641541, 18.773825], [80.0185443, 18.770383], [80.024984, 18.7549396], [80.0386831, 18.7529728], [80.052797, 18.7250588], [80.0885066, 18.7072776], [80.1181219, 18.6805168], [80.157708, 18.7009798], [80.1686228, 18.6997094], [80.1787045, 18.6832677], [80.196569, 18.6807955], [80.2127717, 18.7057177], [80.2522325, 18.7068067], [80.272418, 18.7235052], [80.2447505, 18.7566074], [80.2476967, 18.7641968], [80.2567073, 18.7699825], [80.2759205, 18.7661088], [80.2999365, 18.7944472], [80.3514136, 18.8162922], [80.3492601, 18.8477991], [80.2702506, 18.9398759], [80.2734085, 18.9931794], [80.3031268, 19.0221633], [80.2973392, 19.0490059], [80.3296677, 19.0701067], [80.3279219, 19.0950494], [80.339619, 19.100111], [80.3274307, 19.1351108], [80.3330789, 19.1455238], [80.3938449, 19.1877976], [80.3839341, 19.2150222], [80.3890286, 19.2379681], [80.4484097, 19.2666317], [80.4841692, 19.3397067], [80.5203309, 19.3477696], [80.5441734, 19.3838761], [80.5759251, 19.402357], [80.5917965, 19.3759141], [80.5900311, 19.351771], [80.6125435, 19.309518], [80.631512, 19.3071695], [80.6798969, 19.3303321], [80.6931536, 19.3155464], [80.6896992, 19.2869752], [80.7107596, 19.2817564], [80.7591375, 19.2910275], [80.7742124, 19.3135782], [80.8060941, 19.3275114], [80.8528527, 19.3638999], [80.8173306, 19.3839068], [80.7958498, 19.4322648], [80.8424112, 19.4468885], [80.8753694, 19.4459848], [80.894879, 19.4696443], [80.8949649, 19.5196248], [80.8836868, 19.5261709], [80.873139, 19.5187007], [80.8562074, 19.5230028], [80.8347775, 19.5667436], [80.8161538, 19.5711969], [80.7894424, 19.5604177], [80.7751089, 19.5625119], [80.768362, 19.5879485], [80.7194475, 19.6153756], [80.6653321, 19.6118792], [80.6722163, 19.7007159], [80.6401314, 19.7253056], [80.5864669, 19.741136], [80.5714584, 19.7592265], [80.552607, 19.7655605], [80.5426119, 19.7799232], [80.5462037, 19.8183215], [80.5202064, 19.8317181], [80.4805813, 19.8275058], [80.4688777, 19.8104467], [80.4849679, 19.8024772], [80.489029, 19.7704104], [80.4642583, 19.7957751], [80.4492968, 19.7897712], [80.4241623, 19.7991611], [80.4016982, 19.7962007], [80.4076883, 19.8060044], [80.4016243, 19.817038], [80.4296752, 19.8071442], [80.4407211, 19.8103338], [80.4690793, 19.8270217], [80.4862872, 19.8635936], [80.5058245, 19.8706498], [80.4914266, 19.9020133], [80.4686237, 19.9075644], [80.4504639, 19.8964233], [80.4138831, 19.9074511], [80.4079537, 19.9127142], [80.4112528, 19.9384939], [80.4304487, 19.9408248], [80.4521556, 19.957604], [80.4731643, 19.9509451], [80.4887472, 19.9306074], [80.5047441, 19.9285459], [80.5298944, 19.9394673], [80.5389018, 19.9518919], [80.5376393, 19.9737937], [80.5496005, 19.9859715], [80.5425649, 20.0107707], [80.5568117, 20.0718767], [80.544003, 20.0956374], [80.5520725, 20.1179615], [80.5055945, 20.1444392], [80.4601467, 20.1509382], [80.4554484, 20.1379283], [80.4333785, 20.1353303], [80.4018177, 20.1472443], [80.3885383, 20.165199], [80.4006865, 20.1897176], [80.4210051, 20.196172], [80.4220513, 20.206799], [80.4048349, 20.2187308], [80.3952595, 20.245009], [80.479132, 20.2782966], [80.518817, 20.2661669], [80.5495759, 20.3089579], [80.6105238, 20.3184037], [80.6263521, 20.3326264], [80.6107485, 20.375062], [80.5914815, 20.3930708], [80.613642, 20.434981], [80.6021742, 20.4499606], [80.6125954, 20.46193], [80.619295, 20.505854], [80.615269, 20.5498974], [80.626585, 20.5638124], [80.6173483, 20.5857524], [80.6318663, 20.5983889], [80.5807674, 20.6083645], [80.521542, 20.5804469], [80.5044138, 20.5833534], [80.4967497, 20.6023961], [80.4984544, 20.639423], [80.5212936, 20.6572773], [80.5801252, 20.6729196], [80.5876515, 20.6846997], [80.5651527, 20.7107882], [80.5627599, 20.7473246], [80.5516635, 20.7640345], [80.5491748, 20.7960622], [80.5618132, 20.8243655], [80.5561158, 20.889197], [80.5417761, 20.9239151], [80.5461301, 20.934846], [80.4636334, 20.9292483], [80.4453532, 20.9706287], [80.4437725, 20.9940407], [80.4241859, 21.008864], [80.4526443, 21.0388308], [80.4391472, 21.0965603], [80.4478026, 21.1124215], [80.4581941, 21.1138708], [80.4447698, 21.1210664], [80.4642613, 21.1750276], [80.4786111, 21.1706841], [80.502586, 21.1853191], [80.5149865, 21.1830289], [80.5296292, 21.2053331], [80.5594688, 21.2021047], [80.5875823, 21.2220963], [80.6137825, 21.2265662], [80.6438353, 21.2514729], [80.6506717, 21.2770915], [80.6795678, 21.298837], [80.6815637, 21.3135672], [80.662427, 21.3346256], [80.6213379, 21.3203687], [80.5991961, 21.3271226], [80.5893441, 21.3335985], [80.5894709, 21.3437166], [80.5666993, 21.3456521], [80.5701897, 21.3575165], [80.5431624, 21.3707053], [80.5276224, 21.3948705], [80.5084152, 21.390821], [80.5009688, 21.3985061], [80.4841912, 21.3953371], [80.4810891, 21.4009427], [80.4764653, 21.3948975], [80.4575559, 21.4026801], [80.4486317, 21.3720539], [80.412236, 21.3767175], [80.3960352, 21.4081072], [80.4221551, 21.4405395], [80.4090627, 21.4673678], [80.3839734, 21.4900991], [80.3771949, 21.5222466], [80.331312, 21.5475422], [80.3393078, 21.5550773], [80.3277544, 21.5714018], [80.2980617, 21.5758101], [80.2940697, 21.5933248], [80.2812954, 21.5960482], [80.2701387, 21.6160607], [80.2534472, 21.6247545], [80.2214786, 21.6209699], [80.2174569, 21.6334327], [80.1927783, 21.6354505], [80.154617, 21.606471], [80.1197089, 21.609879], [80.1160624, 21.5932531], [80.1012362, 21.5899905], [80.0666863, 21.5542024], [80.0328654, 21.556214], [79.9968058, 21.5336187], [79.9714828, 21.5577177], [79.9359005, 21.5562444], [79.9221865, 21.5418029], [79.9184649, 21.5245445], [79.8912446, 21.5181866], [79.8312491, 21.5469248], [79.7920707, 21.5865897], [79.7376286, 21.6038563], [79.7181569, 21.5930578], [79.6990697, 21.5929001], [79.6895477, 21.5809554], [79.660936, 21.5768954], [79.6520534, 21.5559847], [79.6185043, 21.5572602], [79.5813779, 21.5412959], [79.5658139, 21.5476358], [79.5406107, 21.5426801], [79.5425088, 21.5682248], [79.5120284, 21.5839734], [79.503713, 21.6145932], [79.517231, 21.6257472], [79.5042656, 21.6411009], [79.4962061, 21.674225], [79.4607346, 21.6875533], [79.4352488, 21.6828279], [79.4221978, 21.6918223], [79.3924871, 21.6741197], [79.3523681, 21.6780574], [79.3542704, 21.6848344], [79.2905883, 21.6925442], [79.268069, 21.7154138], [79.2311858, 21.722284], [79.2373684, 21.713406], [79.2208593, 21.6928692], [79.2218186, 21.6770375], [79.2311805, 21.670351], [79.2240204, 21.6488038], [79.1483129, 21.6611749], [79.1433004, 21.6369641], [79.1005273, 21.6176034], [79.1072064, 21.6050267], [79.0939582, 21.5981122], [79.0764653, 21.6053959], [79.012369, 21.5994462], [78.9980123, 21.6185735], [78.9755219, 21.6176379], [78.9439318, 21.5921466], [78.9143521, 21.5889862], [78.9137507, 21.5709854], [78.9318633, 21.5617601], [78.9067975, 21.5532591], [78.9298712, 21.5403606], [78.9274272, 21.5222487], [78.9443927, 21.5158752], [78.9366924, 21.4857667], [78.8992586, 21.5004616], [78.8908366, 21.4852625], [78.8680339, 21.4940779], [78.8410484, 21.4870028], [78.8002569, 21.4901552], [78.7801486, 21.4788736], [78.7761629, 21.4652922], [78.7668733, 21.4890351], [78.7508485, 21.4929839], [78.7455883, 21.4701869], [78.7284659, 21.462293], [78.6889102, 21.4819708], [78.6671221, 21.4770857], [78.6434278, 21.4855173], [78.628684, 21.4756802], [78.6087732, 21.4890602], [78.5853352, 21.4867217], [78.5678514, 21.5057921], [78.5701452, 21.5142554], [78.5116449, 21.5286901], [78.486852, 21.5055327], [78.4496546, 21.4955182], [78.4365007, 21.4995042], [78.4320506, 21.51444], [78.4384607, 21.5178471], [78.4297922, 21.527672], [78.4346404, 21.5340872], [78.424238, 21.5444363], [78.4278877, 21.5594274], [78.4190599, 21.5798502], [78.4271875, 21.5992068], [78.3868987, 21.6147939], [78.3726373, 21.6134451], [78.3816154, 21.5920375], [78.3630617, 21.5752038], [78.3554197, 21.5733217], [78.3427498, 21.5890555], [78.3068845, 21.5696397], [78.3029716, 21.5837419], [78.2664754, 21.5917326], [78.2602963, 21.5796586], [78.2738559, 21.5692548], [78.223279, 21.5531573], [78.1818867, 21.5573431], [78.1712507, 21.5255846], [78.1826289, 21.5117504], [78.1744742, 21.5079798], [78.1762142, 21.499755], [78.0660555, 21.4379667], [77.9847308, 21.4031921], [77.9425938, 21.3966086], [77.9411888, 21.3857716], [77.883274, 21.3760383], [77.8838461, 21.3841714], [77.8021451, 21.4094909], [77.7967675, 21.3890106], [77.7500412, 21.3828275], [77.7371076, 21.3622023], [77.7099885, 21.3574472], [77.6919915, 21.397565], [77.6699085, 21.3689235], [77.6664836, 21.3840482], [77.6531271, 21.3914565], [77.6049656, 21.3907346], [77.6078482, 21.3649373], [77.5871111, 21.3628396], [77.5634965, 21.3693096], [77.5567758, 21.3836376], [77.5614613, 21.3964566], [77.5317192, 21.4191461], [77.5145238, 21.3759396], [77.4880575, 21.3743587], [77.4875094, 21.4062179], [77.4716533, 21.4361254], [77.4735981, 21.4544465], [77.4421873, 21.4699108], [77.4433216, 21.4872524], [77.4223058, 21.5174799], [77.4255574, 21.5377404], [77.450091, 21.5416767], [77.4548862, 21.5538426], [77.5051888, 21.5516725], [77.5752276, 21.5264585], [77.5967684, 21.527113], [77.6114816, 21.5388206], [77.5952923, 21.5594315], [77.5771148, 21.5551706], [77.575517, 21.6206392], [77.5421033, 21.7061388], [77.5240213, 21.7126178], [77.5255515, 21.7243148], [77.5025862, 21.7459281], [77.4794672, 21.7541467], [77.4790941, 21.7699869], [77.4041741, 21.7524234], [77.3456841, 21.7577785], [77.3244255, 21.7527429], [77.2898879, 21.7603449], [77.2797307, 21.7542159], [77.2911365, 21.7328486], [77.287217, 21.7219218], [77.2718764, 21.728143], [77.2618824, 21.7122929], [77.2269109, 21.7167926], [77.2277492, 21.6995283], [77.2104244, 21.6896451], [77.1881318, 21.7017108], [77.1914526, 21.7207516], [77.1760337, 21.7257547], [77.1651228, 21.7107378], [77.1295735, 21.7222429], [77.0865384, 21.7144229], [77.0732187, 21.719454], [76.9532329, 21.6421343], [76.901617, 21.5968439], [76.8544866, 21.613315], [76.8329054, 21.5889541], [76.7952621, 21.5939108], [76.7814125, 21.5647209], [76.7893265, 21.5363785], [76.7634437, 21.5207674], [76.7956092, 21.4895828], [76.7840199, 21.4623735], [76.7444281, 21.4398653], [76.7395088, 21.4105572], [76.6217473, 21.3322914], [76.6628991, 21.2759649], [76.6616426, 21.2407073], [76.6496821, 21.2446818], [76.6418303, 21.2371338], [76.6372181, 21.2027139], [76.6234887, 21.1850389], [76.6138773, 21.1932168], [76.5672624, 21.1993944], [76.5302567, 21.1819324], [76.4933731, 21.1939444], [76.480657, 21.1821637], [76.4787261, 21.1473919], [76.4665537, 21.1426572], [76.4743914, 21.1369763], [76.4581439, 21.1332773], [76.4517648, 21.1212498], [76.45556, 21.1080703], [76.4378272, 21.1004683], [76.4106957, 21.1024363], [76.4131944, 21.0884224], [76.3903328, 21.0857664], [76.3747665, 21.0725531], [76.2801316, 21.0706885], [76.2726327, 21.0887393], [76.260385, 21.090583], [76.1674008, 21.0794844], [76.1708871, 21.1039331], [76.1379281, 21.1198531], [76.1316291, 21.1328011], [76.1410094, 21.1297068], [76.1424684, 21.1351528], [76.128375, 21.1526485], [76.1136488, 21.1553036], [76.1115825, 21.1667695], [76.1292607, 21.1758218], [76.133864, 21.1694116], [76.1716862, 21.1665604], [76.176396, 21.1839952], [76.1652075, 21.1904695], [76.1719247, 21.2053027], [76.1586352, 21.2135881], [76.1656591, 21.2216159], [76.1420362, 21.2281635], [76.1415607, 21.2409887], [76.1593611, 21.255975], [76.1466307, 21.267872], [76.1429279, 21.2862342], [76.1297404, 21.2867046], [76.1214661, 21.3233693], [76.0965993, 21.3717695], [76.0489762, 21.3497204], [76.0304991, 21.3653313], [75.9866156, 21.3687728], [75.9630597, 21.3897099], [75.9106581, 21.3825745], [75.8900303, 21.3947088], [75.8703524, 21.3912279], [75.8624601, 21.3799242], [75.8413943, 21.384541], [75.8333637, 21.3766365], [75.8027349, 21.3845694], [75.755136, 21.3793806], [75.7284709, 21.3886836], [75.7032387, 21.3880741], [75.6700903, 21.3745793], [75.6230255, 21.3750235], [75.6069396, 21.3918441], [75.5712404, 21.3814636], [75.5789539, 21.3764849], [75.557168, 21.3732216], [75.5559261, 21.3790329], [75.5437243, 21.368528], [75.5200544, 21.3870164], [75.5120107, 21.3820934], [75.4493313, 21.3904091], [75.4401527, 21.3844612], [75.4261291, 21.3910051], [75.3824384, 21.3795424], [75.3571619, 21.4008653], [75.3516034, 21.3908261], [75.3078547, 21.3927877], [75.2987402, 21.3855673], [75.3011004, 21.409936], [75.2953257, 21.4135732], [75.2548405, 21.4018892], [75.2346507, 21.4145797], [75.2189154, 21.4083395], [75.1258301, 21.4492612], [75.1071648, 21.4626949], [75.0885293, 21.5009293], [75.0892083, 21.5167619], [75.0533154, 21.5648245], [75.0150212, 21.5696774], [74.9792285, 21.5952376], [74.9103349, 21.6145743], [74.9016833, 21.629238], [74.8653773, 21.6285576], [74.8627638, 21.634455], [74.8313253, 21.6182932], [74.8288583, 21.6097933], [74.8021747, 21.6153987], [74.7828739, 21.6106903], [74.6874614, 21.6315891], [74.66413, 21.6525267], [74.5820816, 21.6649891], [74.5798685, 21.6833268], [74.554203, 21.6813997], [74.5573903, 21.7040258], [74.5473673, 21.7196027], [74.5138583, 21.7186082], [74.5055882, 21.7263061], [74.5139522, 21.7656878], [74.4982107, 21.7900887], [74.5100051, 21.829274], [74.5136385, 21.889966], [74.5242104, 21.910582], [74.5092255, 21.9206372], [74.5083891, 21.9373395], [74.4846709, 21.9458135], [74.4887304, 21.9561694], [74.4690991, 21.9596362], [74.469719, 21.9670957], [74.4533777, 21.9619384], [74.4393896, 21.976724], [74.4414631, 21.9900393], [74.4323306, 21.9994035], [74.4521904, 22.0042285], [74.4387364, 22.0208424], [74.4436858, 22.0224077]], [[77.2750281, 18.4777221], [77.2962899, 18.4771016], [77.2995287, 18.4648796], [77.2887957, 18.4552521], [77.2674736, 18.4546127], [77.2750281, 18.4777221]], [[74.2616613, 15.829591], [74.2911674, 15.8321379], [74.3129061, 15.7982009], [74.3094356, 15.7911849], [74.3017661, 15.7875174], [74.2932985, 15.7952734], [74.2855959, 15.788097], [74.2664748, 15.7977955], [74.2689936, 15.8165678], [74.2616613, 15.829591]]]]}}, {"type": "Feature", "properties": {"state_name": "Dadra,nagar Haveli,daman and Diu", "stname": "DADRA,NAGAR HAVELI,DAMAN & DIU", "state_lgd": 38, "id": 8}, "geometry": {"type": "MultiPolygon", "coordinates": [[[[71.1497172, 20.7619011], [71.1463915, 20.7713434], [71.1480177, 20.7582546], [71.1497172, 20.7619011]]], [[[71.1499138, 20.7594256], [71.155262, 20.7610521], [71.1513205, 20.763875], [71.1499138, 20.7594256]]], [[[70.9604123, 20.7367207], [70.9194928, 20.7430953], [70.880475, 20.7301038], [70.8709271, 20.7076177], [70.9133218, 20.6995065], [70.9182155, 20.7096667], [70.930125, 20.7122826], [70.9769568, 20.7028036], [70.997313, 20.7140528], [70.9930781, 20.7265668], [71.007381, 20.7375226], [70.999486, 20.7422287], [70.981276, 20.7226861], [70.9604123, 20.7367207]]], [[[72.8666018, 20.4633921], [72.8462686, 20.47803], [72.8211981, 20.4368228], [72.8046039, 20.3722741], [72.826161, 20.366417], [72.8442342, 20.3749379], [72.8766728, 20.3697721], [72.8961527, 20.3790689], [72.8827583, 20.3978498], [72.9025867, 20.4057956], [72.9040454, 20.414977], [72.8931956, 20.421731], [72.8717513, 20.4138882], [72.8572546, 20.418924], [72.8748433, 20.4455749], [72.8877077, 20.4382482], [72.8953224, 20.4443079], [72.8865467, 20.462334], [72.8666018, 20.4633921]]], [[[73.0969862, 20.3599348], [73.0890607, 20.3586851], [73.0902714, 20.3439329], [73.0771728, 20.3234806], [73.0666466, 20.3300342], [73.0417409, 20.3259881], [73.0342924, 20.2916304], [73.015321, 20.2940157], [73.0166943, 20.3103692], [73.0061524, 20.3127971], [73.010046, 20.2912089], [72.9811724, 20.2892652], [72.981928, 20.2755032], [72.9711925, 20.2690605], [72.9357002, 20.2946233], [72.9116961, 20.2711505], [72.9306443, 20.2444099], [72.9539779, 20.2382555], [72.9659536, 20.2248747], [72.9608508, 20.186055], [72.9768789, 20.17865], [72.9608239, 20.1332782], [72.9705812, 20.115555], [72.9918183, 20.117697], [72.9992216, 20.1425661], [73.0132045, 20.12956], [72.9996099, 20.1230219], [73.000738, 20.1123035], [73.0402039, 20.0664332], [73.0506232, 20.0637436], [73.0551903, 20.099871], [73.0636929, 20.0995867], [73.1022626, 20.091237], [73.1119831, 20.0711748], [73.1363851, 20.0863671], [73.1370707, 20.0791268], [73.1546437, 20.0757605], [73.1651273, 20.0552417], [73.177983, 20.0470321], [73.1909221, 20.0495925], [73.188529, 20.0781032], [73.2095236, 20.0849995], [73.2138988, 20.1189915], [73.1869911, 20.1294495], [73.1853826, 20.1558367], [73.1896716, 20.1642618], [73.2141599, 20.171708], [73.2177218, 20.1859274], [73.1917222, 20.1974297], [73.1779475, 20.1926418], [73.1682908, 20.2082311], [73.157181, 20.1983479], [73.1375346, 20.2075853], [73.1326062, 20.1919597], [73.1418708, 20.1773635], [73.119178, 20.1682111], [73.1156591, 20.1521732], [73.0902984, 20.1603171], [73.0792822, 20.1732391], [73.07358, 20.1556212], [73.0602362, 20.1618943], [73.0595329, 20.1939348], [73.0488049, 20.2008592], [73.0636465, 20.2277588], [73.0977447, 20.2292976], [73.0978433, 20.2393494], [73.113989, 20.2583131], [73.1270194, 20.2617894], [73.1312339, 20.2750278], [73.1399737, 20.2737928], [73.1458476, 20.2885811], [73.1517338, 20.292033], [73.1582277, 20.2813077], [73.1663042, 20.2878742], [73.1657304, 20.3104318], [73.1507811, 20.3183394], [73.1294404, 20.3183182], [73.1269548, 20.3055109], [73.1028066, 20.3017765], [73.1112549, 20.3377728], [73.0969862, 20.3599348]], [[73.0011294, 20.2144388], [72.9747753, 20.2192688], [72.9792254, 20.2340346], [72.989512, 20.2387996], [73.0083169, 20.2289596], [73.0011294, 20.2144388]]], [[[72.9790977, 20.3322357], [72.9611183, 20.3324226], [72.9527718, 20.3140136], [72.9708381, 20.2968594], [72.9825602, 20.3203598], [72.9790977, 20.3322357]]]]}}, {"type": "Feature", "properties": {"state_name": "Goa", "stname": "GOA", "state_lgd": 30, "id": 10}, "geometry": {"type": "MultiPolygon", "coordinates": [[[[74.0855503, 14.8984404], [74.0865367, 14.8996122], [74.0851108, 14.8995593], [74.0855503, 14.8984404]]], [[[73.6960197, 15.7218065], [73.6787312, 15.7289826], [73.6769938, 15.7259403], [73.6960197, 15.7218065]]], [[[73.8676761, 15.7843784], [73.8675035, 15.7970295], [73.8557081, 15.8010166], [73.8470654, 15.7857989], [73.8526213, 15.7811695], [73.8439091, 15.7811278], [73.8297483, 15.7643288], [73.8266153, 15.7433611], [73.7931579, 15.7372291], [73.784974, 15.7261252], [73.7428362, 15.7365749], [73.7263073, 15.7170455], [73.7166956, 15.7244033], [73.6894829, 15.719118], [73.7228208, 15.6267466], [73.7446697, 15.6056905], [73.7320704, 15.6069457], [73.7321917, 15.5889522], [73.7418527, 15.5624444], [73.7499009, 15.562602], [73.7655757, 15.4954819], [73.7897117, 15.4638041], [73.7917716, 15.4174697], [73.7833944, 15.4089492], [73.7905899, 15.3938585], [73.8059627, 15.3918244], [73.8091973, 15.3753865], [73.842669, 15.3583871], [73.8712698, 15.3692245], [73.8841545, 15.3532624], [73.9565002, 15.1354962], [73.9463552, 15.1406017], [73.9367881, 15.1321618], [73.941092, 15.1169395], [73.9184787, 15.1062102], [73.927668, 15.095322], [73.9128384, 15.0836511], [73.9549901, 15.0719285], [73.9750465, 15.0489415], [73.9802944, 15.0546827], [73.988009, 15.0550633], [73.9807405, 15.0540319], [73.9894823, 15.0189151], [74.0136855, 15.0090025], [74.0187848, 15.017244], [74.0210399, 15.0171684], [74.017292, 15.0111015], [74.0279339, 14.9967942], [74.0410419, 14.9954346], [74.0353563, 14.9820099], [74.0500569, 14.9572582], [74.0435294, 14.9464277], [74.0445448, 14.9160669], [74.0670903, 14.9058283], [74.0811072, 14.9090763], [74.0853668, 14.9003174], [74.1242254, 14.925324], [74.1621185, 14.91214], [74.1659477, 14.9181038], [74.1541592, 14.9434258], [74.1636083, 14.9584809], [74.1794581, 14.95705], [74.2015448, 14.9257237], [74.2136646, 14.9476904], [74.2298034, 14.9504991], [74.2366998, 14.9668451], [74.2525959, 14.9590938], [74.2643205, 14.9785247], [74.2536052, 14.9981455], [74.2680701, 15.0020095], [74.2832601, 15.0315681], [74.296495, 15.0412077], [74.2726451, 15.0974976], [74.2848838, 15.1139138], [74.2851344, 15.1490287], [74.2956659, 15.1512428], [74.3169611, 15.1862608], [74.3016124, 15.2243407], [74.2914986, 15.2338154], [74.2595473, 15.241024], [74.2511142, 15.25885], [74.2610254, 15.2601886], [74.2763267, 15.2835323], [74.2943296, 15.289187], [74.3263664, 15.2837375], [74.3364371, 15.2949429], [74.3170232, 15.3291167], [74.3218422, 15.343595], [74.3162587, 15.3630007], [74.3232021, 15.3676796], [74.2758717, 15.3915868], [74.278297, 15.4056913], [74.2687818, 15.4190978], [74.2754512, 15.4491879], [74.2509101, 15.4915931], [74.2551707, 15.5030748], [74.2764723, 15.5148912], [74.2826525, 15.5314177], [74.2631534, 15.5639367], [74.245193, 15.5666026], [74.264298, 15.6155091], [74.2537237, 15.6267389], [74.2441596, 15.6261084], [74.2519765, 15.6543114], [74.236356, 15.6685848], [74.2237793, 15.6689826], [74.215149, 15.6628741], [74.222162, 15.6556389], [74.2051275, 15.6510322], [74.2040608, 15.6636803], [74.1868415, 15.6674495], [74.190843, 15.6789519], [74.1809704, 15.682149], [74.167369, 15.6720913], [74.164416, 15.6534985], [74.1175752, 15.6521475], [74.0634196, 15.626452], [74.0311561, 15.6226113], [74.0207972, 15.6060852], [73.9933585, 15.6106381], [73.9617652, 15.6416846], [73.9678223, 15.6602507], [73.9637605, 15.6923218], [73.9592255, 15.7000571], [73.9436952, 15.6969365], [73.9523305, 15.7144019], [73.938679, 15.7429824], [73.8756951, 15.7512831], [73.8798516, 15.7743145], [73.8676761, 15.7843784]]]]}}, {"type": "Feature", "properties": {"state_name": "Gujarat", "stname": "GUJARAT", "state_lgd": 24, "id": 11}, "geometry": {"type": "MultiPolygon", "coordinates": [[[[73.0012819, 20.2152176], [73.0054775, 20.2319684], [72.989512, 20.2387996], [72.9792254, 20.2340346], [72.9758607, 20.2182688], [73.0012819, 20.2152176]]], [[[71.2542275, 20.812352], [71.2570646, 20.8133445], [71.2545616, 20.8139785], [71.2542275, 20.812352]]], [[[71.2607872, 20.8159603], [71.2631532, 20.8163354], [71.2627744, 20.8169121], [71.2607872, 20.8159603]]], [[[71.27104, 20.8203615], [71.2688949, 20.8200144], [71.2708942, 20.8193827], [71.27104, 20.8203615]]], [[[71.3031365, 20.8309786], [71.3049036, 20.8325419], [71.3024976, 20.8310822], [71.3031365, 20.8309786]]], [[[71.3079877, 20.8322767], [71.3090636, 20.8328912], [71.3076082, 20.8323352], [71.3079877, 20.8322767]]], [[[71.3031738, 20.8337154], [71.3039949, 20.8343751], [71.3027701, 20.833941], [71.3031738, 20.8337154]]], [[[71.45913, 20.8778129], [71.4561945, 20.8785054], [71.4560929, 20.8773041], [71.45913, 20.8778129]]], [[[71.5346817, 20.9029415], [71.5359492, 20.9028729], [71.5361413, 20.9032389], [71.5346817, 20.9029415]]], [[[71.5459096, 20.9118142], [71.5471943, 20.9131683], [71.5457642, 20.9124626], [71.5459096, 20.9118142]]], [[[71.5180967, 20.9126024], [71.5070022, 20.9028721], [71.5324325, 20.9029363], [71.5215621, 20.9051371], [71.5180967, 20.9126024]]], [[[71.5202103, 20.9132744], [71.5212541, 20.9131013], [71.5212643, 20.9134691], [71.5202103, 20.9132744]]], [[[71.544757, 20.9136121], [71.5456668, 20.9139338], [71.5454211, 20.9142818], [71.544757, 20.9136121]]], [[[72.3543826, 21.5936389], [72.3611581, 21.5956946], [72.3503118, 21.6084321], [72.3543826, 21.5936389]]], [[[72.7694218, 21.6571148], [72.7400187, 21.6447588], [72.6718999, 21.6453248], [72.6266039, 21.628827], [72.606955, 21.587579], [72.6072537, 21.5606837], [72.6174231, 21.5469739], [72.5988023, 21.5486682], [72.6004747, 21.5779326], [72.5801654, 21.5857127], [72.5751947, 21.5323254], [72.6113339, 21.5304986], [72.6256995, 21.5393764], [72.6422066, 21.5322453], [72.6705466, 21.5730834], [72.6951237, 21.5884749], [72.7188113, 21.5916531], [72.7220808, 21.584514], [72.7644743, 21.6069602], [72.7939489, 21.60886], [72.8255556, 21.6344401], [72.8158984, 21.6528476], [72.7694218, 21.6571148]]], [[[69.3326959, 22.3728171], [69.3351256, 22.3866241], [69.3233596, 22.3812913], [69.3326959, 22.3728171]]], [[[69.6289283, 22.4588518], [69.5954932, 22.4444474], [69.5903469, 22.4307239], [69.6364979, 22.4057158], [69.6568069, 22.426942], [69.6289283, 22.4588518]]], [[[69.1424928, 22.4764492], [69.0939729, 22.4609107], [69.0964594, 22.4411692], [69.0844471, 22.422157], [69.1083389, 22.4369692], [69.1073106, 22.4592537], [69.1154219, 22.4667881], [69.1420593, 22.4630717], [69.1415712, 22.4548031], [69.1447364, 22.4504492], [69.1502362, 22.4688411], [69.1424928, 22.4764492]]], [[[70.059373, 22.5374344], [70.0401615, 22.552844], [70.0349107, 22.5355868], [70.0461081, 22.5236166], [70.0543018, 22.5319231], [70.0489363, 22.5393585], [70.059373, 22.5374344]]], [[[70.2566199, 23.170621], [70.257648, 23.1738043], [70.256464, 23.1737747], [70.2566199, 23.170621]]], [[[70.2559886, 23.175383], [70.2495696, 23.1769774], [70.2526089, 23.170875], [70.2559886, 23.175383]]], [[[68.5298092, 23.6756851], [68.5253186, 23.6896864], [68.5220424, 23.6534775], [68.5339115, 23.6620761], [68.5286978, 23.6739959], [68.5474265, 23.6749544], [68.5385671, 23.6856447], [68.5298092, 23.6756851]]], [[[72.0597628, 24.7120584], [72.0125014, 24.6905806], [71.9938349, 24.6950618], [71.9838462, 24.6859468], [71.9882478, 24.6575303], [71.9398731, 24.6338046], [71.925503, 24.6360402], [71.9154428, 24.649513], [71.9116425, 24.658569], [71.9203181, 24.6641639], [71.9186119, 24.6721136], [71.9074984, 24.6775604], [71.8882312, 24.6721421], [71.8717513, 24.6817667], [71.8577673, 24.6661656], [71.8653916, 24.6307132], [71.8521673, 24.6093626], [71.8378341, 24.621302], [71.8058996, 24.6267509], [71.8103856, 24.6560643], [71.7915288, 24.6773386], [71.7355588, 24.6600458], [71.7063575, 24.6612971], [71.655366, 24.6391889], [71.643919, 24.643926], [71.6387548, 24.659536], [71.6075995, 24.6765536], [71.5893143, 24.6674054], [71.572996, 24.6834162], [71.5418321, 24.6757558], [71.528902, 24.6847039], [71.4791703, 24.679647], [71.3778045, 24.6259676], [71.358639, 24.6307517], [71.3481685, 24.6609354], [71.3135045, 24.6476499], [71.3045457, 24.6286602], [71.2878234, 24.616229], [71.1133974, 24.6752571], [71.0964895, 24.6887247], [71.0747317, 24.6619197], [71.0094598, 24.6354233], [70.9988224, 24.6218426], [70.9862612, 24.5954636], [70.9924618, 24.5638471], [70.9873547, 24.5434205], [71.0052098, 24.5230207], [70.9960364, 24.4750159], [70.9985652, 24.4444268], [71.0375359, 24.4319355], [71.1030673, 24.4356964], [71.1255265, 24.4200789], [71.1218439, 24.4056608], [71.0818892, 24.3929116], [71.0421337, 24.3512524], [71.0035473, 24.3509559], [70.9865425, 24.3647089], [70.9476798, 24.3480517], [70.8745051, 24.2944903], [70.8757487, 24.2802316], [70.9072578, 24.2587792], [70.8766086, 24.2457473], [70.8522332, 24.2450732], [70.8054597, 24.2208541], [70.6669432, 24.2195828], [70.5712298, 24.2517349], [70.5845313, 24.2903625], [70.562042, 24.3544565], [70.5804533, 24.3632745], [70.6024685, 24.4081227], [70.5731217, 24.4223623], [70.411675, 24.3756147], [70.3684592, 24.350769], [70.3255854, 24.3518764], [70.2506506, 24.3244196], [70.1098684, 24.2949747], [70.0668101, 24.1991592], [70.0250573, 24.1712849], [69.731214, 24.1710566], [69.594446, 24.2923985], [69.4940061, 24.2677801], [69.4459924, 24.2803285], [69.3762783, 24.2694935], [69.3127396, 24.2816019], [69.1937535, 24.2361144], [69.0947535, 24.2744943], [69.0053284, 24.2231197], [68.9847413, 24.2276097], [68.9673425, 24.2717255], [68.9452838, 24.3024928], [68.9067503, 24.279786], [68.8802918, 24.2165676], [68.8648215, 24.2127801], [68.8574037, 24.2143097], [68.8476676, 24.2392496], [68.8307076, 24.3118614], [68.8263117, 24.3173629], [68.8082298, 24.3136004], [68.7647043, 24.2958437], [68.769345, 24.2643874], [68.753026, 23.9713104], [68.3896602, 23.9665938], [68.3786024, 23.9844624], [68.3689329, 23.9847739], [68.3390348, 23.9669518], [68.3383161, 23.9363981], [68.328655, 23.9223468], [68.2757437, 23.9287687], [68.2521652, 23.8968981], [68.20865, 23.8754631], [68.1995317, 23.8470945], [68.2026391, 23.7666719], [68.1816545, 23.7216332], [68.1968203, 23.7029772], [68.2066594, 23.6688888], [68.2017703, 23.6586689], [68.182571, 23.6550386], [68.2084698, 23.6506701], [68.1863205, 23.6452811], [68.1776553, 23.6191946], [68.1951207, 23.5887366], [68.2076691, 23.5861569], [68.19221, 23.5866972], [68.1853709, 23.5955532], [68.1840003, 23.5870031], [68.2780812, 23.5597286], [68.2909787, 23.5713657], [68.3889292, 23.5956214], [68.3981852, 23.6076111], [68.4209768, 23.7332088], [68.4639566, 23.7422426], [68.4884243, 23.7316217], [68.5087593, 23.7504878], [68.5270027, 23.7458212], [68.5808331, 23.820987], [68.69271, 23.8444166], [68.7112431, 23.8301685], [68.6938541, 23.8181735], [68.6814878, 23.794956], [68.6725324, 23.8040423], [68.6517904, 23.7943819], [68.6352878, 23.7610173], [68.6488457, 23.7389016], [68.6184795, 23.7380187], [68.6156801, 23.72587], [68.6286896, 23.7345109], [68.6321563, 23.7278202], [68.6127679, 23.7179513], [68.5968211, 23.724053], [68.5923515, 23.7136913], [68.6004621, 23.7087944], [68.5872357, 23.7026251], [68.5712155, 23.7096044], [68.5733046, 23.7214423], [68.5571893, 23.7166327], [68.5482894, 23.6918121], [68.5525454, 23.6993444], [68.5679556, 23.6849448], [68.561537, 23.688694], [68.5429107, 23.653237], [68.520732, 23.6495896], [68.5218111, 23.6421187], [68.527158, 23.6481085], [68.5333714, 23.6492363], [68.5290193, 23.6357983], [68.5169405, 23.6354293], [68.5138314, 23.644059], [68.5106402, 23.639479], [68.507931, 23.6219785], [68.5157122, 23.6214016], [68.5022116, 23.612841], [68.5105512, 23.6118316], [68.5088827, 23.6094015], [68.4929051, 23.6058336], [68.4948122, 23.5591962], [68.4835933, 23.548708], [68.494334, 23.5181179], [68.5045599, 23.5133405], [68.5024211, 23.5019304], [68.5129419, 23.5010398], [68.5127745, 23.4845942], [68.5287804, 23.4499139], [68.5292206, 23.45707], [68.5462654, 23.4650613], [68.5306286, 23.4452017], [68.5483784, 23.4232868], [68.5434882, 23.4202109], [68.5658726, 23.4172144], [68.5703429, 23.4037862], [68.5831994, 23.4029078], [68.6085649, 23.3828579], [68.6095883, 23.3720046], [68.6203767, 23.3740052], [68.6119409, 23.3691334], [68.6258149, 23.3649035], [68.6359647, 23.3388935], [68.6526218, 23.3355549], [68.6400258, 23.3231862], [68.6523362, 23.3031434], [68.6605065, 23.3474542], [68.6702794, 23.3431716], [68.668261, 23.331488], [68.6849852, 23.3288547], [68.6813992, 23.3118489], [68.692807, 23.308833], [68.7135146, 23.3179559], [68.7076358, 23.3136114], [68.7139863, 23.2956319], [68.699309, 23.2841928], [68.7118661, 23.286719], [68.7055467, 23.270722], [68.7241723, 23.2667923], [68.7245203, 23.2551349], [68.7147393, 23.2641208], [68.7019957, 23.2400561], [68.6771817, 23.2290639], [68.6535178, 23.231147], [68.6429292, 23.2180151], [68.6220121, 23.2126887], [68.6209866, 23.2057268], [68.6407748, 23.2160558], [68.6547004, 23.2115931], [68.669171, 23.2181993], [68.6737177, 23.2018903], [68.659552, 23.1976999], [68.6826005, 23.1758456], [68.6823193, 23.1579127], [68.6764959, 23.1621181], [68.682776, 23.1526933], [68.7122461, 23.1514289], [68.7130548, 23.1413648], [68.7241349, 23.1317505], [68.7318891, 23.1341788], [68.7332295, 23.1195316], [68.7458635, 23.1100185], [68.7544322, 23.1230307], [68.7836449, 23.1200115], [68.7694199, 23.1146526], [68.7651346, 23.0960349], [68.7601094, 23.0997697], [68.7723368, 23.0783096], [68.7740382, 23.0805502], [68.7773456, 23.0822769], [68.7815368, 23.0832772], [68.7732495, 23.0780754], [68.7772018, 23.0787372], [68.7784811, 23.0775504], [68.7700343, 23.077342], [68.7651385, 23.0790228], [68.7635602, 23.0875548], [68.7498575, 23.0880102], [68.7585885, 23.0803455], [68.8117993, 23.0587805], [68.8114666, 23.0608391], [68.8096418, 23.0605946], [68.8038875, 23.0637526], [68.803243, 23.0648721], [68.8117395, 23.0613991], [68.8151531, 23.077031], [68.8212116, 23.0572352], [68.8245763, 23.0624015], [68.8347677, 23.0505525], [68.8417864, 23.0585772], [68.8371189, 23.0520972], [68.8470189, 23.0484376], [68.8367204, 23.0463677], [68.871691, 23.0329943], [68.8702813, 23.0272196], [68.8670568, 23.0317074], [68.8621737, 23.0314542], [68.832417, 23.0474322], [68.8200215, 23.0564808], [68.812956, 23.0579276], [68.9405551, 22.9803674], [69.0437671, 22.9299436], [69.1312418, 22.8722933], [69.1749349, 22.8514348], [69.167596, 22.8596949], [69.1941832, 22.8518563], [69.1958323, 22.838026], [69.2679095, 22.8251962], [69.3139738, 22.833266], [69.3477617, 22.8207458], [69.3812178, 22.8187746], [69.443692, 22.7800879], [69.4342298, 22.7880202], [69.4717582, 22.7737475], [69.4910863, 22.7775497], [69.4947011, 22.7798677], [69.4699781, 22.7764485], [69.4168336, 22.8108676], [69.4520198, 22.8083167], [69.4573368, 22.8142784], [69.4773447, 22.7955201], [69.4828459, 22.8056889], [69.4942828, 22.7969079], [69.5046725, 22.7989572], [69.5053409, 22.8088954], [69.530823, 22.799882], [69.5343918, 22.8085846], [69.5568731, 22.8073224], [69.5693714, 22.8158651], [69.575963, 22.8103859], [69.5756195, 22.8177274], [69.605911, 22.8029512], [69.6182755, 22.8122532], [69.64023, 22.8044414], [69.6459385, 22.8100032], [69.651254, 22.7957619], [69.7131645, 22.8060019], [69.7293884, 22.8206614], [69.768607, 22.8264032], [69.8006632, 22.8510597], [69.8776463, 22.8741617], [69.8987438, 22.8712612], [69.9270476, 22.8960281], [69.9622409, 22.8935878], [69.959033, 22.8992785], [69.9821163, 22.9028539], [69.9847577, 22.9145782], [70.0167517, 22.9202425], [70.0272958, 22.9269571], [70.0262521, 22.9397046], [70.0365458, 22.9526901], [70.083716, 22.9680118], [70.080531, 22.9757106], [70.097184, 22.9758034], [70.1180997, 22.9912699], [70.1482065, 23.0348156], [70.1581429, 23.0323034], [70.1337888, 23.0015692], [70.1334069, 22.981111], [70.1211188, 22.9626315], [70.1643929, 22.9382816], [70.2264058, 22.951821], [70.2302541, 22.9726596], [70.2192183, 23.0608127], [70.2108155, 23.0746331], [70.1886167, 23.0728142], [70.1699519, 23.0574125], [70.1696004, 23.0428429], [70.1492948, 23.0369961], [70.1647253, 23.0538426], [70.1649441, 23.0674099], [70.1795299, 23.0709184], [70.1836344, 23.0796815], [70.1738821, 23.0774033], [70.2072995, 23.1256172], [70.2087664, 23.1603538], [70.2385358, 23.1648814], [70.2361868, 23.1703009], [70.2496812, 23.1778937], [70.2675742, 23.1784621], [70.2915296, 23.1991002], [70.3019296, 23.2236886], [70.3663595, 23.2198581], [70.3780105, 23.2316374], [70.4247609, 23.2372546], [70.4363086, 23.2333767], [70.4280312, 23.2175463], [70.4757136, 23.19968], [70.5012426, 23.1781191], [70.5789629, 23.1777088], [70.6490233, 23.1920387], [70.6446351, 23.208216], [70.6508027, 23.2238951], [70.6653222, 23.2271064], [70.6672445, 23.2195661], [70.6877495, 23.2154552], [70.6869114, 23.2093153], [70.7118464, 23.2156466], [70.7262734, 23.2056376], [70.7239135, 23.2176576], [70.7445208, 23.2208757], [70.7496313, 23.2350707], [70.7676789, 23.2461046], [70.7828084, 23.2495137], [70.8122458, 23.2300736], [70.8331003, 23.2498915], [70.8931267, 23.2247028], [70.8601975, 23.2084681], [70.8732882, 23.2039945], [70.8629196, 23.1923593], [70.8905664, 23.1826699], [70.9189016, 23.198376], [70.959228, 23.1948151], [70.9015717, 23.1707582], [70.8486383, 23.1693094], [70.8466004, 23.152401], [70.8275619, 23.1574216], [70.8276429, 23.1489201], [70.8480721, 23.1420034], [70.8582185, 23.1297107], [70.8422584, 23.1172428], [70.8424311, 23.109116], [70.8357629, 23.1118732], [70.8384429, 23.0919767], [70.8316725, 23.0963454], [70.8285594, 23.0799148], [70.8219024, 23.0947848], [70.8297516, 23.1053657], [70.8231509, 23.1103662], [70.8344793, 23.1284108], [70.8153054, 23.1368522], [70.8205037, 23.139423], [70.8129961, 23.1480122], [70.8160747, 23.1645693], [70.7871765, 23.150691], [70.7918256, 23.1651004], [70.7814392, 23.1584217], [70.768371, 23.16724], [70.7599632, 23.1604483], [70.7654392, 23.1453816], [70.7483693, 23.1462017], [70.6936692, 23.120144], [70.6385545, 23.0811682], [70.6293257, 23.062468], [70.597118, 23.0609399], [70.6021576, 23.0342529], [70.5875287, 23.0305706], [70.5722141, 23.0371449], [70.5617046, 23.0290004], [70.5472203, 22.9968694], [70.5416588, 22.9595776], [70.5378526, 22.9647498], [70.5123951, 22.9601421], [70.4792059, 22.974862], [70.4625872, 22.9659957], [70.4326601, 22.9670617], [70.4803027, 22.937098], [70.5138573, 22.9365073], [70.5396537, 22.9254983], [70.5351491, 22.9120567], [70.5223316, 22.9147643], [70.4910929, 22.8898867], [70.4943622, 22.8800599], [70.4855025, 22.8815484], [70.4623227, 22.8313072], [70.4133086, 22.8183905], [70.3232844, 22.7489096], [70.2786882, 22.7252719], [70.2681335, 22.7052526], [70.2729992, 22.6720937], [70.2639961, 22.6699028], [70.2635089, 22.6534588], [70.2109284, 22.6110431], [70.211044, 22.5986295], [70.1992768, 22.5970504], [70.204085, 22.5820046], [70.194568, 22.5827462], [70.1791822, 22.567522], [70.1760518, 22.5443782], [70.1850796, 22.5430599], [70.184725, 22.522165], [70.1719782, 22.5293095], [70.1491658, 22.5119661], [70.1241459, 22.5126163], [70.1202114, 22.4863509], [70.116291, 22.5010357], [70.0858296, 22.4940584], [70.0812646, 22.499532], [70.0912166, 22.5081615], [70.0731235, 22.5178259], [70.0570492, 22.5066734], [70.0206968, 22.5071513], [70.0102961, 22.4999235], [69.9876616, 22.510466], [69.9787061, 22.4914577], [69.9866759, 22.4772054], [69.9792555, 22.4681663], [69.9617238, 22.4782986], [69.9505148, 22.472345], [69.9398489, 22.482788], [69.9374064, 22.463269], [69.9149304, 22.4654556], [69.919097, 22.4564572], [69.9071586, 22.4488438], [69.8968843, 22.4575607], [69.8877998, 22.4546354], [69.8709966, 22.422967], [69.863634, 22.4356487], [69.8328227, 22.4470732], [69.8093578, 22.4014815], [69.8092892, 22.3861725], [69.7965303, 22.3777387], [69.7912378, 22.3835718], [69.7975819, 22.4045756], [69.7897194, 22.4137738], [69.7791361, 22.4167488], [69.7590762, 22.4433029], [69.7547158, 22.4301648], [69.7460388, 22.4280463], [69.7396166, 22.4321734], [69.7476558, 22.4331293], [69.7430006, 22.4419104], [69.7328302, 22.4428297], [69.7416346, 22.4463861], [69.734783, 22.449222], [69.7419134, 22.4486661], [69.7436709, 22.4589415], [69.7344597, 22.4702091], [69.7366332, 22.4844758], [69.730691, 22.4845521], [69.7128821, 22.4746881], [69.6958463, 22.451601], [69.6946224, 22.4426885], [69.7054004, 22.4337206], [69.6955931, 22.4128963], [69.7021606, 22.3986926], [69.6609052, 22.3962421], [69.6553662, 22.3595655], [69.6354534, 22.3581819], [69.6211326, 22.3718276], [69.617352, 22.3454174], [69.6094005, 22.3525466], [69.5976594, 22.3461605], [69.5795815, 22.367356], [69.5613233, 22.3558405], [69.560255, 22.3671599], [69.540442, 22.3772065], [69.4994816, 22.3663253], [69.482902, 22.3339129], [69.4433973, 22.3303134], [69.4231876, 22.3160118], [69.3634287, 22.3171434], [69.3517461, 22.3268456], [69.3327258, 22.3278308], [69.3400724, 22.3130312], [69.3360516, 22.3050743], [69.3242413, 22.3028406], [69.312481, 22.2870464], [69.2928017, 22.2867939], [69.2938068, 22.277091], [69.2798585, 22.269886], [69.2807086, 22.2682023], [69.2801469, 22.2593248], [69.2818068, 22.257935], [69.2838286, 22.2545809], [69.2799528, 22.2593518], [69.279514, 22.2699354], [69.2528153, 22.2664364], [69.2336004, 22.2499189], [69.2375876, 22.2227065], [69.2128151, 22.2103491], [69.2114985, 22.2194621], [69.1951934, 22.2253336], [69.1902974, 22.2436417], [69.1785322, 22.2128395], [69.1691111, 22.215237], [69.167161, 22.2039945], [69.1481593, 22.1950157], [69.1364012, 22.1955472], [69.1337897, 22.2226446], [69.1539407, 22.2487334], [69.1484774, 22.2575596], [69.160733, 22.2842475], [69.1567959, 22.3159868], [69.1692638, 22.3334897], [69.1633566, 22.3486131], [69.1753943, 22.3478827], [69.1774022, 22.3561496], [69.1690667, 22.3541609], [69.1809323, 22.3706561], [69.1694841, 22.3686775], [69.1678689, 22.373252], [69.1975255, 22.3878346], [69.200922, 22.4013564], [69.1876805, 22.4025226], [69.1917681, 22.4100434], [69.193995, 22.405938], [69.1966307, 22.4037243], [69.1909978, 22.4139585], [69.1876031, 22.4136256], [69.1947702, 22.4216598], [69.1758252, 22.4229584], [69.1824677, 22.4196149], [69.1688509, 22.4074822], [69.1568996, 22.4056022], [69.1603734, 22.412117], [69.1505225, 22.3992413], [69.130298, 22.3950894], [69.1273792, 22.3787396], [69.1211696, 22.3756376], [69.1279769, 22.3951075], [69.1104903, 22.4099443], [69.0995885, 22.4082362], [69.1033728, 22.3989263], [69.0818454, 22.3882028], [69.0608285, 22.383333], [69.0627187, 22.3909194], [69.0533197, 22.3886083], [69.049008, 22.3978944], [69.0354895, 22.3902702], [69.0468235, 22.4231969], [69.0394668, 22.4457109], [69.0516588, 22.4458117], [69.0457536, 22.4433572], [69.0497104, 22.4377646], [69.0740923, 22.4541102], [69.083622, 22.4745895], [69.0681161, 22.4813849], [69.0551315, 22.4664389], [69.0072471, 22.440399], [68.9844774, 22.4134351], [68.980647, 22.402312], [69.0, 22.4040985], [68.9963742, 22.4015999], [68.9817748, 22.4015974], [68.9771323, 22.4035515], [68.9573814, 22.3682668], [68.9556935, 22.3376539], [68.9423189, 22.3321378], [68.9357578, 22.311826], [68.9582202, 22.2380982], [68.9649314, 22.2345864], [68.9701905, 22.2381939], [68.9737568, 22.2365395], [68.9658582, 22.2340814], [68.9811978, 22.2122974], [69.2164072, 21.9578019], [69.2836579, 21.8936357], [69.3197228, 21.8712677], [69.3292724, 21.8558633], [69.3719998, 21.8309116], [69.3998559, 21.7968572], [69.5650738, 21.6524939], [69.6159637, 21.6245518], [69.7063616, 21.5353629], [70.0507978, 21.1539728], [70.1813527, 21.0360568], [70.2875098, 20.9507405], [70.3632165, 20.9009358], [70.373354, 20.8964785], [70.3736384, 20.9034451], [70.3957378, 20.8915108], [70.4377195, 20.8528989], [70.5856656, 20.7815864], [70.657274, 20.7556737], [70.6668236, 20.7609704], [70.7335502, 20.7225285], [70.7662198, 20.7202432], [70.8221738, 20.6915704], [70.8389883, 20.6900959], [70.8327521, 20.6974333], [70.8441396, 20.7064681], [70.8730054, 20.7044789], [70.8780651, 20.7285367], [70.9194928, 20.7430953], [70.9385096, 20.732431], [70.9604123, 20.7367207], [70.9810072, 20.7226863], [70.999486, 20.7422287], [71.0461559, 20.7304302], [71.0718214, 20.7345855], [71.0810058, 20.7386305], [71.0730117, 20.7433234], [71.08605, 20.7552618], [71.1458486, 20.7577963], [71.1463915, 20.7713434], [71.202973, 20.7892739], [71.2100489, 20.80113], [71.2939533, 20.8282332], [71.3217264, 20.8466472], [71.3840665, 20.8567573], [71.3743444, 20.8673962], [71.379921, 20.874262], [71.3923134, 20.8749385], [71.3973139, 20.8652462], [71.4399825, 20.8695208], [71.4496557, 20.8808613], [71.4771095, 20.8894274], [71.4885651, 20.9135136], [71.506668, 20.918769], [71.5031145, 20.9266787], [71.5166544, 20.9481165], [71.5274981, 20.9509591], [71.5331133, 20.9433121], [71.5500785, 20.9522304], [71.5655833, 20.9489519], [71.6123547, 20.9673792], [71.6074926, 20.9779599], [71.618826, 20.9771432], [71.6171483, 20.9669865], [71.6477116, 20.9746509], [71.6367712, 20.9807104], [71.6470826, 20.9942033], [71.6757488, 20.9949014], [71.6770064, 21.0017474], [71.6819123, 20.9965483], [71.6828474, 21.0038426], [71.7166792, 21.0207519], [71.7609737, 21.0205603], [71.7843916, 21.0300308], [71.7805428, 21.0391918], [71.8058553, 21.0380612], [71.7976306, 21.0552186], [71.8130782, 21.0674677], [71.8789692, 21.0887533], [71.8983342, 21.1099415], [71.9739035, 21.122232], [71.9762537, 21.1332389], [71.9965979, 21.1419071], [72.0102295, 21.1346701], [72.0083491, 21.1449352], [72.0177922, 21.1539115], [72.1120534, 21.1986307], [72.0826665, 21.2451351], [72.1114752, 21.2929433], [72.1078419, 21.3024746], [72.1716872, 21.3874144], [72.2106083, 21.4210361], [72.2353545, 21.4560083], [72.256062, 21.5024932], [72.2699573, 21.5726421], [72.3061267, 21.6260092], [72.3053006, 21.6490709], [72.2828436, 21.6969582], [72.2550891, 21.7325918], [72.2282788, 21.7929536], [72.2028237, 21.8190554], [72.2048466, 21.8238181], [72.23548, 21.8120389], [72.2424595, 21.8298114], [72.2041954, 21.8910693], [72.2116686, 21.962067], [72.2417198, 21.9757744], [72.2688689, 21.970603], [72.3000325, 22.0333692], [72.4334502, 22.1402512], [72.499408, 22.1792269], [72.5437345, 22.2230721], [72.5747596, 22.2326931], [72.6241767, 22.2339105], [72.6619996, 22.2233038], [72.6989563, 22.1999057], [72.7751639, 22.2291926], [72.8335013, 22.2715087], [72.8492191, 22.2749479], [72.8537997, 22.2388522], [72.8224705, 22.2281622], [72.8227101, 22.2092157], [72.7827561, 22.1928604], [72.7826846, 22.1575693], [72.7602095, 22.1714083], [72.7046897, 22.1824262], [72.6684292, 22.2045859], [72.6706377, 22.1968459], [72.6595298, 22.199427], [72.6644488, 22.2074136], [72.6499611, 22.215463], [72.6156949, 22.216052], [72.5938303, 22.2079849], [72.5979973, 22.1996547], [72.5886182, 22.205085], [72.5809584, 22.1991545], [72.5754626, 22.1907949], [72.5831334, 22.1880997], [72.5725297, 22.1893175], [72.5639525, 22.178297], [72.5431639, 22.1263426], [72.5464274, 22.1113159], [72.5385043, 22.0895438], [72.5472411, 22.0788375], [72.537166, 22.0755361], [72.5368842, 22.0607569], [72.5485435, 21.9910512], [72.528135, 21.9822619], [72.5385616, 21.9775218], [72.5311038, 21.9659039], [72.5397618, 21.9617542], [72.5258942, 21.9598726], [72.5305445, 21.9550753], [72.5478593, 21.9643887], [72.5450046, 21.9493234], [72.5362934, 21.9497953], [72.5406919, 21.9439138], [72.5279668, 21.9370162], [72.5453613, 21.9109887], [72.5880294, 21.9224067], [72.6399897, 21.9568258], [72.7078062, 21.9533979], [72.715225, 21.9663677], [72.7096457, 21.9792436], [72.7252234, 21.996466], [72.7482885, 21.9674629], [72.7194125, 21.9392241], [72.6919031, 21.9418749], [72.6977454, 21.8889094], [72.6912652, 21.8825813], [72.6709157, 21.8957198], [72.6591568, 21.8914104], [72.6481699, 21.8973098], [72.6330239, 21.8804411], [72.6233526, 21.8837513], [72.6103323, 21.8396831], [72.6204315, 21.8299254], [72.5930245, 21.8049151], [72.5996258, 21.7922657], [72.610045, 21.7901798], [72.6010162, 21.784072], [72.6071742, 21.7530506], [72.558562, 21.7320423], [72.5458909, 21.7350097], [72.5324715, 21.7181015], [72.5337037, 21.6744487], [72.5435521, 21.6605073], [72.5575977, 21.6595189], [72.6080917, 21.6880551], [72.6558577, 21.6808272], [72.6713368, 21.6890442], [72.7129103, 21.6795834], [72.7380808, 21.6909701], [72.7622144, 21.6700161], [72.8012946, 21.6576852], [72.8177705, 21.6582964], [72.8619066, 21.6875912], [72.9227751, 21.6759813], [72.9611412, 21.6818947], [72.9629783, 21.6740347], [72.9068309, 21.664903], [72.8949827, 21.6750547], [72.8772378, 21.6725586], [72.8679065, 21.6422172], [72.8416839, 21.6558167], [72.8284575, 21.6509148], [72.8301457, 21.628449], [72.8203286, 21.6111103], [72.7977225, 21.5955998], [72.8022403, 21.5872133], [72.7850912, 21.5873516], [72.773384, 21.5713141], [72.7544538, 21.5662756], [72.7702232, 21.5625155], [72.7500735, 21.5417073], [72.75, 21.527519], [72.7387452, 21.5340269], [72.7119712, 21.5272452], [72.7148899, 21.5220097], [72.7028303, 21.5256688], [72.6869792, 21.5014174], [72.6757902, 21.5021], [72.6558245, 21.4691709], [72.6022022, 21.4385049], [72.5795771, 21.4138564], [72.5852432, 21.402319], [72.6152531, 21.4056764], [72.6131213, 21.4001097], [72.6456771, 21.4194839], [72.6611042, 21.4439019], [72.6873021, 21.4524445], [72.6793339, 21.4399554], [72.6011676, 21.3886242], [72.600341, 21.28987], [72.6104564, 21.2807563], [72.6222569, 21.2425934], [72.645235, 21.2251647], [72.6573544, 21.2246519], [72.6520955, 21.214693], [72.6380583, 21.2111079], [72.6198983, 21.1007484], [72.6311959, 21.0861869], [72.6415389, 21.0851531], [72.6698235, 21.1150384], [72.6698656, 21.1058574], [72.686333, 21.0939225], [72.6847879, 21.0829737], [72.7024715, 21.0961591], [72.7099094, 21.0798349], [72.7411884, 21.0744571], [72.7489336, 21.0572241], [72.7361112, 21.0509309], [72.7261784, 21.0610302], [72.722157, 21.0377333], [72.7546218, 20.9387358], [72.7740342, 20.9367874], [72.8203662, 20.9522998], [72.8127313, 20.937113], [72.8199764, 20.9275037], [72.7801743, 20.9211509], [72.8274079, 20.8129004], [72.8392362, 20.8052484], [72.8202152, 20.7937957], [72.8377098, 20.7652259], [72.8529369, 20.756801], [72.8542002, 20.7149579], [72.8978861, 20.5866347], [72.8859909, 20.5424256], [72.8859374, 20.4976772], [72.8725558, 20.4932007], [72.8581243, 20.4656366], [72.8865467, 20.462334], [72.8953224, 20.4443079], [72.8877077, 20.4382482], [72.8748433, 20.4455749], [72.8572497, 20.4197821], [72.8704866, 20.413807], [72.8931956, 20.421731], [72.9040454, 20.414977], [72.9025867, 20.4057956], [72.8827583, 20.3978498], [72.8965887, 20.3798682], [72.8766728, 20.3697721], [72.835944, 20.3733154], [72.7788113, 20.3349991], [72.7741646, 20.3018272], [72.7574443, 20.2920252], [72.753666, 20.2603722], [72.7424178, 20.2412004], [72.7504713, 20.2037181], [72.7400024, 20.1348132], [72.7941136, 20.1233406], [72.7886239, 20.1493238], [72.8058469, 20.1544697], [72.8244699, 20.1420217], [72.8163221, 20.1566851], [72.8160361, 20.1844444], [72.8369524, 20.1884569], [72.8308899, 20.1967671], [72.8390316, 20.2091265], [72.8611848, 20.2076106], [72.8587366, 20.2247425], [72.8705024, 20.2283237], [72.8896133, 20.2202374], [72.8994154, 20.2278408], [72.9624965, 20.2096537], [72.964906, 20.2267434], [72.9539779, 20.2382555], [72.9306443, 20.2444099], [72.9123914, 20.2753505], [72.9379499, 20.2943876], [72.9711925, 20.2690605], [72.981928, 20.2755032], [72.9811724, 20.2892652], [73.010046, 20.2912089], [73.0061524, 20.3127971], [73.0166943, 20.3103692], [73.015321, 20.2940157], [73.0342924, 20.2916304], [73.0417409, 20.3259881], [73.0666466, 20.3300342], [73.0771728, 20.3234806], [73.0958043, 20.3613279], [73.1112549, 20.3377728], [73.1028066, 20.3017765], [73.1269548, 20.3055109], [73.1294404, 20.3183182], [73.1507811, 20.3183394], [73.1657304, 20.3104318], [73.1663042, 20.2878742], [73.1582277, 20.2813077], [73.1517338, 20.292033], [73.1458476, 20.2885811], [73.1399737, 20.2737928], [73.1312339, 20.2750278], [73.1270194, 20.2617894], [73.113989, 20.2583131], [73.0978433, 20.2393494], [73.0977447, 20.2292976], [73.0636465, 20.2277588], [73.0488049, 20.2008592], [73.0595329, 20.1939348], [73.0602362, 20.1618943], [73.07358, 20.1556212], [73.0792822, 20.1732391], [73.0902984, 20.1603171], [73.115062, 20.1518905], [73.119178, 20.1682111], [73.1418708, 20.1773635], [73.132991, 20.2057676], [73.157181, 20.1983479], [73.1682908, 20.2082311], [73.1779475, 20.1926418], [73.1917222, 20.1974297], [73.2177218, 20.1859274], [73.2055378, 20.1641745], [73.1896716, 20.1642618], [73.1877603, 20.1286006], [73.2105729, 20.1204882], [73.2256841, 20.1401486], [73.2249523, 20.1238026], [73.2432265, 20.1281191], [73.2492522, 20.1223311], [73.2538972, 20.137958], [73.2792255, 20.1501442], [73.2830502, 20.1980523], [73.2990643, 20.2091699], [73.3438356, 20.1993829], [73.3564996, 20.2130029], [73.3612612, 20.2076456], [73.3536027, 20.2003579], [73.3647537, 20.1955848], [73.366239, 20.2039103], [73.3824971, 20.2117299], [73.3893025, 20.1926217], [73.4165148, 20.198286], [73.4212113, 20.206586], [73.4104353, 20.2385076], [73.4174111, 20.2427343], [73.4121502, 20.2655131], [73.4277005, 20.2801196], [73.4091973, 20.3492165], [73.4126672, 20.3608816], [73.4045069, 20.3860982], [73.382727, 20.373062], [73.379768, 20.3935032], [73.4059187, 20.4029666], [73.4140178, 20.4162249], [73.4195741, 20.4130666], [73.4312488, 20.4539459], [73.4676652, 20.4964686], [73.4698659, 20.5203072], [73.4936242, 20.5380685], [73.4752983, 20.5433282], [73.4731531, 20.5846353], [73.4295761, 20.5952049], [73.4211202, 20.6258683], [73.4072077, 20.6239703], [73.4070999, 20.6353332], [73.3925597, 20.645104], [73.412451, 20.6614675], [73.4301244, 20.6641182], [73.4320392, 20.6772642], [73.4442972, 20.681103], [73.4484495, 20.6931234], [73.4407831, 20.6998376], [73.4491813, 20.7171809], [73.4746481, 20.7203879], [73.490266, 20.6863845], [73.4862648, 20.6751643], [73.4785637, 20.6766641], [73.4892349, 20.6557336], [73.4956244, 20.6536065], [73.5045155, 20.6706769], [73.5179012, 20.6674339], [73.5204895, 20.6788479], [73.5507994, 20.6485595], [73.5683637, 20.6514068], [73.599515, 20.6369031], [73.6222797, 20.6142378], [73.6296848, 20.5812599], [73.6526826, 20.5648725], [73.6691158, 20.5634779], [73.695377, 20.5783727], [73.7323256, 20.5744197], [73.7445614, 20.5649184], [73.76074, 20.5737363], [73.7753928, 20.6002241], [73.7912664, 20.6052724], [73.7984022, 20.5986775], [73.8383944, 20.6204631], [73.8327414, 20.6457167], [73.8390909, 20.6587745], [73.8306221, 20.6751033], [73.8172059, 20.6720375], [73.8123031, 20.6922459], [73.8354383, 20.7021024], [73.8551708, 20.6922513], [73.8744211, 20.7295335], [73.9173266, 20.7248492], [73.9426612, 20.7420837], [73.9413098, 20.7583254], [73.9321738, 20.7613636], [73.931928, 20.8089008], [73.9440434, 20.8237725], [73.9403325, 20.839454], [73.9237242, 20.8513778], [73.925726, 20.8885042], [73.9175382, 20.9077812], [73.8881992, 20.9335913], [73.8923119, 20.9557107], [73.9080484, 20.9600798], [73.9012976, 20.9823046], [73.8690226, 20.9852648], [73.8001272, 21.0387633], [73.7955256, 21.0445192], [73.8109034, 21.0594916], [73.807741, 21.0848931], [73.7803263, 21.0645266], [73.7299321, 21.082434], [73.7437586, 21.1151792], [73.729675, 21.0998704], [73.7054882, 21.108428], [73.7031452, 21.1186489], [73.6889488, 21.1007942], [73.6772, 21.1085568], [73.6518999, 21.1075965], [73.646382, 21.1212492], [73.6184619, 21.1184553], [73.61191, 21.1380814], [73.6176332, 21.142697], [73.605127, 21.1440148], [73.5987901, 21.1566316], [73.5785196, 21.1504813], [73.5832825, 21.1610137], [73.5774206, 21.1707531], [73.6064516, 21.1787563], [73.6077923, 21.158981], [73.6292683, 21.1549218], [73.627429, 21.1433519], [73.6346398, 21.1408814], [73.6649386, 21.1473029], [73.6681805, 21.1545592], [73.7017774, 21.153689], [73.7013403, 21.1463146], [73.7189739, 21.1397575], [73.7332097, 21.1423545], [73.7371218, 21.153249], [73.7285156, 21.1619387], [73.7400869, 21.1711166], [73.7723055, 21.1646369], [73.7847007, 21.1839857], [73.8157615, 21.1739603], [73.8258971, 21.1871545], [73.826047, 21.2001289], [73.8154346, 21.1973482], [73.8107352, 21.2076158], [73.811809, 21.2312301], [73.8284619, 21.2399827], [73.8228735, 21.2708583], [73.8497083, 21.2747164], [73.8796131, 21.265957], [73.9421717, 21.2992705], [73.9491759, 21.351164], [73.9389323, 21.4050198], [73.9594742, 21.3954279], [73.9704456, 21.3978154], [73.976917, 21.411928], [73.9822236, 21.4078965], [74.0026183, 21.4214135], [74.0446244, 21.4191939], [74.0457039, 21.4461759], [74.0614255, 21.4619666], [74.0629316, 21.4745494], [74.0727634, 21.468772], [74.0722997, 21.4570255], [74.0945903, 21.4557329], [74.1005998, 21.4477933], [74.1164976, 21.4524096], [74.1251787, 21.4666529], [74.133734, 21.4658624], [74.1358442, 21.4561199], [74.1612211, 21.4688954], [74.1823199, 21.4692472], [74.1877323, 21.4581893], [74.1978242, 21.4587485], [74.209281, 21.462188], [74.2141574, 21.481682], [74.2343519, 21.4822869], [74.235708, 21.4677656], [74.2535611, 21.4677418], [74.2559206, 21.4767805], [74.3041354, 21.4881124], [74.3038882, 21.4994468], [74.3207881, 21.4984969], [74.3214769, 21.5295739], [74.3308394, 21.5355258], [74.3311603, 21.5524246], [74.3032389, 21.5522327], [74.3024585, 21.5663588], [74.2767209, 21.562254], [74.278528, 21.5536042], [74.2691176, 21.552557], [74.2631771, 21.5398472], [74.2362174, 21.5397031], [74.2290077, 21.5544626], [74.1958449, 21.5320626], [74.1827166, 21.5423168], [74.1758646, 21.5689984], [74.1667414, 21.5690427], [74.155859, 21.5683043], [74.1539564, 21.5568196], [74.1389357, 21.5550309], [74.1369635, 21.5468634], [74.1201278, 21.5562501], [74.1133962, 21.5489436], [74.1044633, 21.5564318], [74.0731892, 21.5479202], [74.0540282, 21.5579051], [74.0535533, 21.5474812], [74.0436059, 21.5424794], [74.0374561, 21.5506323], [74.0309137, 21.5451532], [74.0058385, 21.5527558], [73.9974186, 21.5390113], [73.9741862, 21.5432763], [73.9822701, 21.522598], [73.9663001, 21.5220658], [73.9550755, 21.5408302], [73.9517542, 21.512694], [73.9320552, 21.512264], [73.9271319, 21.5250803], [73.9168224, 21.5195888], [73.9042276, 21.5245092], [73.9053164, 21.515762], [73.8798257, 21.5051979], [73.877056, 21.5121569], [73.8643015, 21.5125721], [73.8718346, 21.5047962], [73.8535566, 21.4974659], [73.834896, 21.5205834], [73.8141306, 21.6010932], [73.7966675, 21.6057417], [73.7813664, 21.6185947], [73.7805149, 21.6285921], [73.8142627, 21.6441732], [73.8303813, 21.6423673], [73.8385899, 21.6330804], [73.8516668, 21.6464808], [73.8599241, 21.6424074], [73.8880149, 21.6532461], [73.8918165, 21.6921484], [73.8807392, 21.7153692], [73.8676085, 21.7183448], [73.8248647, 21.7595553], [73.834698, 21.7740531], [73.8294538, 21.7859415], [73.8381607, 21.7887478], [73.8273389, 21.7924795], [73.8329451, 21.8009479], [73.82743, 21.8099099], [73.8078359, 21.8098084], [73.7959515, 21.8247274], [73.8138632, 21.8397899], [73.8697558, 21.841074], [73.8880013, 21.8552117], [73.9209638, 21.8610261], [74.047895, 21.9249999], [74.1282236, 21.9497783], [74.1464722, 21.9467217], [74.1403438, 21.9726706], [74.149886, 21.9751666], [74.150595, 21.9865907], [74.097928, 21.9987057], [74.0921419, 22.0148337], [74.1401494, 22.0403213], [74.1314073, 22.0478312], [74.1600753, 22.058818], [74.1647229, 22.0828483], [74.178653, 22.0854767], [74.1692926, 22.1005973], [74.1525573, 22.1060062], [74.1244618, 22.097908], [74.1288478, 22.1210361], [74.1227802, 22.1356843], [74.1338568, 22.1605414], [74.1214421, 22.1674007], [74.1223289, 22.2123968], [74.1062136, 22.2202481], [74.0721745, 22.2191572], [74.0693275, 22.232716], [74.0871828, 22.2427948], [74.0750357, 22.2475644], [74.0744764, 22.265644], [74.0587982, 22.274615], [74.0523795, 22.2940916], [74.0715689, 22.3359877], [74.064766, 22.3546066], [74.1050734, 22.371815], [74.1136723, 22.3571455], [74.1251188, 22.3560982], [74.1278609, 22.3327359], [74.1903338, 22.3202599], [74.1922005, 22.3463261], [74.2027736, 22.3485247], [74.2040414, 22.3667073], [74.2238798, 22.3563651], [74.2237073, 22.3799442], [74.2432926, 22.3760709], [74.256735, 22.3996523], [74.2911784, 22.3940124], [74.2674639, 22.4055519], [74.2705901, 22.413148], [74.2527857, 22.4329477], [74.2152414, 22.4412984], [74.2133796, 22.4315103], [74.2016227, 22.43451], [74.2030744, 22.4675385], [74.1907435, 22.4757753], [74.1799327, 22.4622157], [74.1841259, 22.4415388], [74.1604488, 22.4312105], [74.1492096, 22.4556583], [74.1338389, 22.4457309], [74.1253429, 22.4176598], [74.1191121, 22.4187615], [74.0997461, 22.4380401], [74.1041527, 22.4645271], [74.0856566, 22.4699061], [74.075325, 22.4642954], [74.0764553, 22.4835848], [74.0860143, 22.4768054], [74.0875384, 22.4822151], [74.082517, 22.5067846], [74.0543692, 22.5095564], [74.0407933, 22.4866526], [74.0333931, 22.4898969], [74.029382, 22.5079544], [74.0385132, 22.5158431], [74.0378942, 22.5345132], [74.0541987, 22.5492812], [74.0746385, 22.5514019], [74.1012999, 22.5344241], [74.1118402, 22.5396717], [74.1330942, 22.5202509], [74.1506681, 22.5212677], [74.1706876, 22.5471491], [74.1895122, 22.5535992], [74.1832955, 22.566488], [74.2100331, 22.5642589], [74.2313686, 22.6118044], [74.2533951, 22.6214752], [74.253578, 22.6346619], [74.2635566, 22.6439724], [74.2661536, 22.6383528], [74.2773651, 22.6460041], [74.3147961, 22.6338705], [74.3293477, 22.6417329], [74.3790603, 22.6344334], [74.4016977, 22.7309737], [74.4355447, 22.7826008], [74.4337834, 22.8078993], [74.464773, 22.816391], [74.4764325, 22.8548159], [74.4607639, 22.9068428], [74.4468328, 22.9210811], [74.4336346, 22.9124901], [74.4332275, 22.9179489], [74.4184784, 22.9170417], [74.4105176, 22.9118425], [74.4135962, 22.9060941], [74.3934082, 22.8966029], [74.3394952, 22.9528889], [74.3393557, 22.9647181], [74.3654648, 22.9758962], [74.3463847, 23.02531], [74.3219267, 23.0412226], [74.3113349, 23.0741922], [74.2788903, 23.0921854], [74.2871216, 23.1171218], [74.2743674, 23.1307528], [74.2674735, 23.1583477], [74.2407986, 23.1846916], [74.2316357, 23.1772668], [74.2012141, 23.1893033], [74.1885986, 23.1781482], [74.1788777, 23.1472794], [74.1667917, 23.1557214], [74.1527339, 23.1523882], [74.141204, 23.1731538], [74.1214756, 23.1761932], [74.1192089, 23.2040001], [74.1344692, 23.2230253], [74.1326402, 23.2661912], [74.1092176, 23.2743626], [74.1005791, 23.2938113], [74.0717643, 23.298861], [74.0381639, 23.2934466], [74.0448558, 23.3088094], [74.0330674, 23.3059903], [74.0248051, 23.3210601], [74.0286547, 23.3316722], [73.9813954, 23.3381391], [73.9755343, 23.371516], [73.9574983, 23.3795449], [73.9380077, 23.3679377], [73.935657, 23.3397305], [73.8919259, 23.3341118], [73.8926564, 23.348279], [73.8742865, 23.3639397], [73.8729657, 23.3794546], [73.8617801, 23.3836257], [73.8302343, 23.4262346], [73.8287055, 23.4476926], [73.7862774, 23.4302253], [73.7722883, 23.4378241], [73.7672314, 23.453121], [73.7557307, 23.4543227], [73.7208056, 23.4101346], [73.7080796, 23.4223227], [73.7116353, 23.4355036], [73.6973992, 23.4566713], [73.6739136, 23.4541119], [73.647456, 23.4364522], [73.6272095, 23.4485713], [73.6407164, 23.4964081], [73.6563648, 23.5074575], [73.6330678, 23.5286858], [73.6366174, 23.5646031], [73.6496758, 23.5681027], [73.6433568, 23.5943706], [73.6556554, 23.6212885], [73.6154805, 23.6521162], [73.5726559, 23.6537663], [73.5230817, 23.6069003], [73.4937655, 23.6323383], [73.5087737, 23.6443873], [73.4966053, 23.649157], [73.5038844, 23.6567163], [73.5073942, 23.7030427], [73.4735184, 23.7052326], [73.4714188, 23.7197315], [73.4492116, 23.7348104], [73.4477318, 23.7528689], [73.4243348, 23.7616384], [73.4180157, 23.7768071], [73.4002479, 23.7850566], [73.3707715, 23.7652583], [73.351844, 23.7913963], [73.3679121, 23.8142344], [73.3677122, 23.8394624], [73.353844, 23.8528514], [73.3611233, 23.8726998], [73.3874602, 23.9159062], [73.4065179, 23.9165061], [73.4208262, 23.9308248], [73.4132372, 23.9391642], [73.4149572, 23.9857805], [73.3978793, 23.9895103], [73.4079948, 24.0080926], [73.4042677, 24.0413281], [73.3862498, 24.0647285], [73.3608695, 24.0812825], [73.3619934, 24.1046623], [73.3477802, 24.106376], [73.3390332, 24.0984065], [73.3270055, 24.1092241], [73.3173855, 24.0532072], [73.2973635, 24.0435287], [73.2831058, 24.0188726], [73.2653283, 24.0203192], [73.2427915, 24.0022819], [73.2293728, 24.0221053], [73.1931412, 24.0409961], [73.2132257, 24.0780405], [73.1589203, 24.0983262], [73.1535339, 24.1127822], [73.1252195, 24.1248609], [73.0674433, 24.194691], [73.0792707, 24.2051047], [73.0784536, 24.219374], [73.0971217, 24.2310839], [73.0879104, 24.2338221], [73.0953552, 24.2493481], [73.125448, 24.2734297], [73.135438, 24.3084324], [73.1692209, 24.3003049], [73.1763488, 24.3378787], [73.1816625, 24.3433209], [73.1985657, 24.3319333], [73.219262, 24.3638954], [73.1991882, 24.3765104], [73.1713743, 24.3554179], [73.1525702, 24.3538428], [73.1118621, 24.3734139], [73.0991577, 24.3907843], [73.0874978, 24.3866275], [73.0765029, 24.3966007], [73.1028287, 24.4330085], [73.1027986, 24.4661015], [73.0911274, 24.4751006], [73.0959628, 24.489357], [73.089869, 24.4963797], [73.0352284, 24.4638472], [73.0040423, 24.4662588], [73.0042499, 24.4814715], [72.9933026, 24.4796532], [72.9679631, 24.4509073], [72.9812143, 24.4343814], [72.9493005, 24.3981843], [72.9743641, 24.3827535], [72.9751169, 24.3687997], [72.9115399, 24.3372885], [72.8911502, 24.356974], [72.8497601, 24.3720414], [72.8147803, 24.3702262], [72.8058248, 24.3629366], [72.7308608, 24.364301], [72.6891457, 24.4117323], [72.6797732, 24.4429286], [72.6875, 24.4526038], [72.683358, 24.4638772], [72.6563313, 24.4622153], [72.5759428, 24.4788547], [72.5382438, 24.5196821], [72.5352462, 24.5056722], [72.5201861, 24.5], [72.5044376, 24.4583665], [72.4931928, 24.4590839], [72.5004239, 24.4170546], [72.457243, 24.4147987], [72.4514568, 24.4421079], [72.4337791, 24.4601067], [72.4302176, 24.4801744], [72.4429345, 24.5039813], [72.4410806, 24.5153261], [72.4163298, 24.5211717], [72.3885791, 24.5076799], [72.3796891, 24.5123933], [72.3698602, 24.5437029], [72.3537298, 24.5637619], [72.330935, 24.569305], [72.3289911, 24.5524084], [72.295435, 24.5466258], [72.2854976, 24.5653581], [72.2647324, 24.5602753], [72.2463957, 24.5856071], [72.2763437, 24.6075269], [72.297394, 24.6089682], [72.3135684, 24.594018], [72.3355855, 24.5985843], [72.3473344, 24.628456], [72.3354466, 24.6333015], [72.3202231, 24.6177822], [72.3049851, 24.6175458], [72.273656, 24.6283664], [72.2708436, 24.637573], [72.2546866, 24.6248813], [72.2303676, 24.6406095], [72.216692, 24.6269005], [72.1947495, 24.6230215], [72.1965718, 24.6147194], [72.1648097, 24.6212767], [72.1502573, 24.6436695], [72.1245705, 24.6386026], [72.0898168, 24.6586951], [72.0861412, 24.6775897], [72.0927549, 24.6819472], [72.0851986, 24.7064111], [72.0597628, 24.7120584]], [[74.1573698, 22.411642], [74.1752334, 22.4180625], [74.1791552, 22.3879938], [74.1573698, 22.411642]], [[72.9611183, 20.3324226], [72.9790977, 20.3322357], [72.9825602, 20.3203598], [72.9708381, 20.2968594], [72.9527718, 20.3140136], [72.9611183, 20.3324226]]]]}}, {"type": "Feature", "properties": {"state_name": "Rajasthan", "stname": "RAJASTHAN", "state_lgd": 8, "id": 27}, "geometry": {"type": "MultiPolygon", "coordinates": [[[[75.2216255, 24.8737807], [75.2084736, 24.8943004], [75.2007325, 24.8678406], [75.2226366, 24.8440936], [75.2467222, 24.8619854], [75.2506706, 24.8805084], [75.23894, 24.8865963], [75.2216255, 24.8737807]]], [[[76.5879557, 25.4310986], [76.5551895, 25.453492], [76.5549819, 25.4833602], [76.5164209, 25.5271547], [76.5199831, 25.5472738], [76.5033074, 25.5826884], [76.5123006, 25.6055459], [76.5098764, 25.6309226], [76.4965831, 25.6470712], [76.5038383, 25.6732014], [76.4803911, 25.683264], [76.4719918, 25.7039382], [76.5013972, 25.7299693], [76.5237672, 25.7298318], [76.515483, 25.776445], [76.52081, 25.7930554], [76.5347342, 25.8191717], [76.5561063, 25.8349015], [76.5820528, 25.8704213], [76.6232224, 25.8705533], [76.6306202, 25.8991379], [76.6429666, 25.9084776], [76.6745895, 25.9102598], [76.7117034, 25.9006498], [76.7527276, 25.9173432], [76.7581319, 25.9256776], [76.7474811, 25.9392888], [76.7909634, 25.9426664], [76.8074548, 25.9653724], [76.8067798, 25.9898081], [76.8407773, 26.0264855], [76.8848473, 26.0480392], [76.8997754, 26.0925049], [76.9476632, 26.1027378], [76.9774785, 26.1248607], [76.9976137, 26.1290667], [77.0063098, 26.1510219], [77.031622, 26.1726106], [77.0967513, 26.1832379], [77.1164256, 26.220584], [77.1347183, 26.2329477], [77.1661928, 26.232261], [77.1763553, 26.2388939], [77.2038889, 26.2298668], [77.2697555, 26.2668188], [77.3113014, 26.3047376], [77.3213914, 26.3340009], [77.3421233, 26.3518126], [77.3745194, 26.365721], [77.3904034, 26.3565188], [77.4432659, 26.3611178], [77.4485601, 26.3675294], [77.4373492, 26.4032769], [77.5383808, 26.4112965], [77.5586654, 26.435182], [77.6134829, 26.4527242], [77.6333214, 26.4786902], [77.6737165, 26.5028343], [77.7270113, 26.5023168], [77.7459096, 26.5387542], [77.7825449, 26.5518661], [77.823873, 26.5506303], [77.8357775, 26.5771617], [77.8273261, 26.596047], [77.8506625, 26.6125387], [77.8942791, 26.6147115], [77.9011056, 26.6574409], [77.9531763, 26.6589388], [77.9801188, 26.6712092], [78.0004319, 26.6948568], [78.0560143, 26.6836329], [78.0740886, 26.6706002], [78.0926737, 26.6762554], [78.0959301, 26.7278017], [78.123527, 26.7468822], [78.1034541, 26.7633219], [78.1059613, 26.7888829], [78.1246755, 26.7964188], [78.1561873, 26.7839734], [78.1840016, 26.7838212], [78.1872172, 26.7948699], [78.1687225, 26.8203949], [78.2021091, 26.8213797], [78.22228, 26.8313224], [78.1969802, 26.882176], [78.2086213, 26.8688624], [78.2326447, 26.8742759], [78.2370753, 26.8889725], [78.2591343, 26.8967447], [78.271594, 26.9212245], [78.2541092, 26.9354603], [78.254615, 26.9258064], [78.2386204, 26.9266446], [78.224203, 26.9464615], [78.210136, 26.9312256], [78.1719916, 26.9481727], [78.1564575, 26.9432094], [78.1245104, 26.9492849], [78.1117745, 26.9397586], [78.1227779, 26.934516], [78.1218171, 26.9225788], [78.1051661, 26.9268174], [78.1017599, 26.9178285], [78.1111975, 26.8958771], [78.1002077, 26.9048983], [78.0960442, 26.8937798], [78.066954, 26.911392], [78.0488066, 26.9101327], [78.0559739, 26.8683916], [78.0446615, 26.8699786], [78.0264741, 26.8495342], [78.0209576, 26.8575064], [78.0354761, 26.8707951], [78.0242282, 26.8725659], [78.0301919, 26.88603], [78.0145864, 26.9029112], [78.0022377, 26.9029036], [77.9872113, 26.8893477], [77.9723185, 26.8960665], [77.9713395, 26.9058706], [77.9483834, 26.8935924], [77.9396881, 26.9067797], [77.9156211, 26.9073879], [77.9063601, 26.9177788], [77.9088761, 26.8906233], [77.8964891, 26.8839976], [77.8775613, 26.9023684], [77.8502425, 26.912829], [77.8102112, 26.9241866], [77.7929889, 26.9170539], [77.7804686, 26.9298536], [77.7598527, 26.9324589], [77.7531757, 26.9168748], [77.7323784, 26.9201474], [77.7249183, 26.9103818], [77.7176441, 26.8972593], [77.7269759, 26.8902177], [77.72261, 26.8743183], [77.7065104, 26.8768445], [77.6976012, 26.8673754], [77.6866513, 26.8752495], [77.6747442, 26.8575454], [77.6203983, 26.8428013], [77.6103388, 26.8285772], [77.6083705, 26.8391208], [77.5744802, 26.8208631], [77.5257665, 26.8189141], [77.5169834, 26.8257787], [77.5206116, 26.8413812], [77.5011724, 26.8444542], [77.5006866, 26.8170124], [77.4874661, 26.7881541], [77.5025628, 26.768734], [77.485226, 26.7480143], [77.4545635, 26.7418732], [77.4703696, 26.7646567], [77.4669082, 26.773734], [77.4534525, 26.7778765], [77.4326857, 26.767838], [77.4370843, 26.7842876], [77.4290877, 26.80157], [77.397872, 26.8303677], [77.4296834, 26.8470785], [77.4272838, 26.8640867], [77.4380745, 26.8631168], [77.4484219, 26.8753317], [77.4589642, 26.8728397], [77.4603151, 26.8858444], [77.4902564, 26.9004914], [77.5831968, 26.924161], [77.5922424, 26.9402762], [77.6021382, 26.9332737], [77.660883, 26.9712184], [77.6721673, 26.9599699], [77.6762469, 26.97322], [77.6994877, 26.9751215], [77.7224003, 26.9878465], [77.7434743, 26.9831661], [77.7457224, 26.9950454], [77.7585786, 26.9969607], [77.7502945, 27.0018691], [77.7622426, 27.0009592], [77.7595181, 27.0179845], [77.7495385, 27.021212], [77.7486091, 27.0308617], [77.7376867, 27.029751], [77.7300591, 26.9938883], [77.711941, 26.9971047], [77.7057324, 27.0144588], [77.6896226, 27.0266689], [77.6930617, 27.0408545], [77.6797665, 27.0470835], [77.6655835, 27.0172521], [77.6422149, 27.025666], [77.6300281, 27.0102075], [77.6234574, 27.0219929], [77.6018173, 27.0225279], [77.5968119, 27.0327024], [77.5791916, 27.0382069], [77.5632078, 27.0293707], [77.5753094, 27.0564141], [77.5716898, 27.0718683], [77.5535947, 27.0760277], [77.5416435, 27.0626095], [77.5193459, 27.0666195], [77.5263589, 27.0846192], [77.5054432, 27.0922979], [77.5177411, 27.1024596], [77.5375672, 27.0983313], [77.5502842, 27.1112825], [77.5978451, 27.1179998], [77.6044603, 27.1242513], [77.598967, 27.1434491], [77.6136879, 27.150603], [77.6100444, 27.1627017], [77.6199568, 27.1735504], [77.6378708, 27.1638417], [77.6584025, 27.1701059], [77.6811304, 27.1944038], [77.6656438, 27.2090073], [77.6467143, 27.2102183], [77.6528212, 27.2348427], [77.6429362, 27.234895], [77.6455432, 27.243275], [77.6331767, 27.258129], [77.6165086, 27.2577615], [77.6131859, 27.2658225], [77.6217765, 27.2750457], [77.6168288, 27.28645], [77.5986674, 27.2972042], [77.6218984, 27.3130483], [77.6227095, 27.3361856], [77.6163641, 27.3404257], [77.6125369, 27.3319204], [77.6012964, 27.3342897], [77.5787834, 27.3226639], [77.5479449, 27.3368935], [77.5455621, 27.3495695], [77.530284, 27.3512776], [77.5071884, 27.37709], [77.484623, 27.3835322], [77.472697, 27.377082], [77.4702541, 27.3834824], [77.4399767, 27.3903304], [77.438058, 27.4089491], [77.421102, 27.422018], [77.4266588, 27.4451102], [77.4362034, 27.4464645], [77.437814, 27.4563184], [77.4015487, 27.4765045], [77.4009983, 27.4972735], [77.387391, 27.5128928], [77.3402278, 27.5264652], [77.3400552, 27.5388912], [77.3491638, 27.5431524], [77.3380807, 27.5497415], [77.3377915, 27.5714159], [77.3582181, 27.5889608], [77.3441087, 27.5970777], [77.3345286, 27.5912997], [77.3170593, 27.6067516], [77.352583, 27.6512374], [77.3409642, 27.676759], [77.3411506, 27.7033673], [77.3039324, 27.7107891], [77.3029915, 27.7259094], [77.3194515, 27.7366692], [77.308399, 27.7509748], [77.3127476, 27.7739565], [77.3028628, 27.7940526], [77.2857884, 27.7962131], [77.2687571, 27.8149377], [77.2523728, 27.7906859], [77.2366998, 27.7845161], [77.2325974, 27.7965032], [77.2106519, 27.8010983], [77.2020726, 27.8237581], [77.1913501, 27.8090817], [77.1985691, 27.7988222], [77.177024, 27.7854676], [77.1690967, 27.7908984], [77.189436, 27.8090197], [77.1798507, 27.8171452], [77.1595108, 27.8163352], [77.1585527, 27.787346], [77.143576, 27.7855937], [77.1352192, 27.7750861], [77.1345151, 27.7860368], [77.1228515, 27.7926247], [77.108479, 27.7854768], [77.0746174, 27.8135604], [77.0447988, 27.8209822], [77.0265766, 27.7792392], [77.0561369, 27.7711984], [77.0595517, 27.7609127], [77.0763533, 27.7663159], [77.085661, 27.738089], [77.0596279, 27.7264879], [77.0364732, 27.7486112], [77.0198158, 27.7457705], [77.011524, 27.7310819], [77.000098, 27.7369693], [76.9793729, 27.653599], [76.9437702, 27.6737228], [76.9333573, 27.656031], [76.9269167, 27.6612558], [76.9108282, 27.6546739], [76.9108931, 27.6680208], [76.8985897, 27.6775352], [76.9062283, 27.6862927], [76.889876, 27.7007491], [76.9088747, 27.69418], [76.9247262, 27.6999214], [76.9123678, 27.7142481], [76.894516, 27.7178329], [76.8926817, 27.7334574], [76.9016934, 27.743974], [76.9061715, 27.7877834], [76.9133406, 27.7885892], [76.9190038, 27.8041403], [76.9099854, 27.8149039], [76.9135844, 27.831701], [76.935577, 27.8288657], [76.942318, 27.8426178], [76.937659, 27.8962218], [76.9505731, 27.8956423], [76.9516199, 27.9180253], [76.9315381, 27.9223485], [76.9379388, 27.9828205], [76.9309912, 27.993853], [76.9705488, 28.138428], [76.9481613, 28.1422138], [76.9509459, 28.1498822], [76.931986, 28.1530452], [76.9065392, 28.1718856], [76.8916243, 28.1902916], [76.9067667, 28.2003095], [76.8709952, 28.206589], [76.8749016, 28.2177691], [76.8469302, 28.2214644], [76.8312124, 28.2091675], [76.8083992, 28.2108638], [76.8047765, 28.1972954], [76.812251, 28.1909103], [76.7975235, 28.1918142], [76.7924879, 28.1841909], [76.8006297, 28.1623408], [76.7948108, 28.1483826], [76.7624478, 28.1426391], [76.7433198, 28.1212288], [76.7157582, 28.1277379], [76.7030203, 28.1075962], [76.6981894, 28.1119799], [76.6873569, 28.0876532], [76.6571585, 28.0891707], [76.654391, 28.0346821], [76.6681576, 28.0138292], [76.6406772, 28.002321], [76.5898853, 27.9978574], [76.5803926, 27.9789049], [76.5644194, 27.9781047], [76.561687, 27.966129], [76.5481357, 27.9638437], [76.5380863, 27.9676954], [76.5359525, 27.9795151], [76.5427478, 27.9994843], [76.5363937, 28.0000007], [76.5454616, 28.0072895], [76.5392725, 28.023199], [76.5438199, 28.0342061], [76.5303702, 28.0402435], [76.5100712, 28.0296614], [76.4974171, 28.04331], [76.4546743, 28.0423265], [76.4625396, 28.0591056], [76.4894331, 28.0527827], [76.5012437, 28.0596873], [76.4789093, 28.0776692], [76.4478409, 28.0889598], [76.4636949, 28.1091587], [76.4990472, 28.1001984], [76.5026762, 28.1187112], [76.4870768, 28.1194057], [76.4919277, 28.1298509], [76.4720482, 28.1350777], [76.4757356, 28.1485832], [76.4374008, 28.1487145], [76.4326219, 28.1409158], [76.4008312, 28.1450177], [76.3817272, 28.1332354], [76.3565678, 28.1437333], [76.357853, 28.1610586], [76.3452508, 28.1693987], [76.2922659, 28.1792164], [76.2807061, 28.1655326], [76.3045632, 28.1593222], [76.2975829, 28.1491153], [76.320969, 28.1485565], [76.3331459, 28.1335597], [76.3598612, 28.1249187], [76.3365944, 28.1026078], [76.3092653, 28.1081883], [76.3014418, 28.0978693], [76.3288785, 28.0876803], [76.343489, 28.0702043], [76.3556697, 28.0707324], [76.3423634, 28.0305757], [76.3189543, 28.0155308], [76.2989775, 28.0227068], [76.2924081, 28.0257859], [76.293556, 28.0492018], [76.2609621, 28.0675288], [76.2429375, 28.0643397], [76.2380426, 28.0497156], [76.2011336, 28.058423], [76.1804048, 28.054519], [76.1779449, 28.0455982], [76.1895363, 28.0344536], [76.2018117, 28.0293485], [76.2037221, 28.0377506], [76.2166989, 28.0354801], [76.2148026, 28.0265827], [76.2033449, 28.0280261], [76.1968655, 28.0154831], [76.1768898, 28.0215494], [76.1578667, 27.9892965], [76.1669266, 27.9829858], [76.1634542, 27.973424], [76.1866407, 27.9654785], [76.1682069, 27.9033801], [76.2014647, 27.8925416], [76.1938058, 27.8595117], [76.2121637, 27.8464396], [76.208855, 27.8400133], [76.2251789, 27.8332565], [76.2173266, 27.8168105], [76.1995982, 27.8215579], [76.1749606, 27.7980735], [76.1536447, 27.8197486], [76.1322864, 27.8244738], [76.1353954, 27.8392863], [76.123335, 27.8510143], [76.0888834, 27.8605424], [76.0856709, 27.8447077], [76.060639, 27.8482758], [76.0480772, 27.8349836], [76.0408721, 27.8412798], [76.0095524, 27.8415232], [76.0046422, 27.8344457], [75.9713731, 27.8519663], [75.9844155, 27.8825916], [75.9753142, 27.8936589], [75.9874869, 27.904163], [75.9731746, 27.9020905], [75.9748036, 27.9117868], [75.9680738, 27.9143717], [75.9382766, 27.9140789], [75.9323559, 27.9301384], [75.9516789, 27.9477268], [75.9579149, 27.9359088], [75.9727151, 27.9326664], [75.9819595, 27.9653315], [75.9999352, 27.9775785], [75.9657994, 27.9836118], [75.966718, 28.0000279], [75.9899315, 27.9946936], [75.9955319, 28.0068844], [75.9711151, 28.016075], [75.9727343, 28.0236376], [75.994622, 28.0385177], [76.0163922, 28.0305092], [76.0170698, 28.0525633], [76.0082767, 28.0583939], [76.0253595, 28.0542411], [76.0407931, 28.0740436], [76.0232112, 28.0859333], [76.0076636, 28.0589301], [75.9844104, 28.0470852], [75.9748389, 28.0509933], [75.9883319, 28.0663037], [75.9834335, 28.0813505], [75.9386033, 28.0879421], [75.9455642, 28.1071646], [75.9766727, 28.1247513], [75.9996925, 28.1234859], [76.0049251, 28.149448], [76.0168492, 28.150087], [76.0317854, 28.1678598], [76.0706856, 28.1651452], [76.0653735, 28.1415259], [76.0746996, 28.137138], [76.0929434, 28.1400299], [76.0954533, 28.150862], [76.076178, 28.168549], [76.0719162, 28.1943223], [76.0473364, 28.1981424], [76.0558802, 28.2200222], [76.0162698, 28.2367998], [76.0129614, 28.2460443], [76.0263195, 28.275032], [75.9864397, 28.2929585], [75.9724562, 28.3185697], [75.9578387, 28.3138292], [75.9550156, 28.333772], [75.9329727, 28.336604], [75.9295494, 28.3591441], [75.9182428, 28.3719995], [75.9006383, 28.3717769], [75.8960374, 28.3898846], [75.8903974, 28.3830842], [75.8639509, 28.3852199], [75.8186695, 28.4099133], [75.7767944, 28.4003728], [75.7667165, 28.4142278], [75.7885241, 28.4335594], [75.7882945, 28.4535494], [75.7356696, 28.4688413], [75.7394731, 28.484761], [75.7019799, 28.4917746], [75.6709302, 28.5171176], [75.6657991, 28.5359909], [75.6334766, 28.5444379], [75.6217087, 28.6020678], [75.5615188, 28.6132146], [75.560728, 28.6359159], [75.5497966, 28.6410352], [75.5412104, 28.6604881], [75.5400237, 28.7244769], [75.5304562, 28.7382528], [75.5360962, 28.745168], [75.5169673, 28.7746793], [75.5032613, 28.782531], [75.5193716, 28.8127387], [75.5202469, 28.8339876], [75.5078274, 28.8392151], [75.505293, 28.8512715], [75.4984681, 28.8489562], [75.4965993, 28.8961616], [75.4733962, 28.9233798], [75.4772183, 28.9346983], [75.5008395, 28.9339273], [75.5115642, 28.9420615], [75.510028, 28.9538796], [75.5274204, 28.9710042], [75.5219959, 29.0037454], [75.4726094, 29.0143104], [75.4457189, 29.0083206], [75.4429523, 29.0230868], [75.4519268, 29.0391684], [75.4418192, 29.0575381], [75.391257, 29.0627313], [75.3921093, 29.1019863], [75.4057756, 29.119803], [75.4021633, 29.1279009], [75.3715002, 29.1381027], [75.3787426, 29.1422342], [75.3812521, 29.1689521], [75.406774, 29.169748], [75.4143807, 29.1843145], [75.4085766, 29.2133135], [75.3968234, 29.2175367], [75.4119917, 29.2427489], [75.4106984, 29.2554751], [75.3926641, 29.2613521], [75.378023, 29.2568334], [75.362354, 29.2444269], [75.3599782, 29.227199], [75.3498418, 29.2237736], [75.3281223, 29.2353137], [75.3387384, 29.2519748], [75.3406115, 29.2811345], [75.3220477, 29.2894919], [75.3057917, 29.2746027], [75.2874145, 29.2733245], [75.2837681, 29.2497884], [75.2446868, 29.2500007], [75.2383945, 29.2302381], [75.210142, 29.23465], [75.1880064, 29.2681908], [75.1686426, 29.2587481], [75.1743851, 29.2512488], [75.1628326, 29.2440162], [75.1243899, 29.2398696], [75.1196107, 29.2228652], [75.0758078, 29.2296546], [75.0604115, 29.2760083], [75.0500008, 29.286076], [75.019878, 29.2862047], [74.9992281, 29.2703065], [74.9832605, 29.2805733], [74.9611677, 29.2805822], [74.9484122, 29.3014721], [74.9608953, 29.320254], [74.9398946, 29.3400166], [74.9382847, 29.3620336], [74.9003113, 29.3847638], [74.8776616, 29.3835445], [74.8714024, 29.3948746], [74.850576, 29.4035783], [74.8203768, 29.3972073], [74.7875525, 29.3614274], [74.762203, 29.3543764], [74.7392142, 29.3541439], [74.7195193, 29.3700067], [74.6582259, 29.3719667], [74.6545091, 29.3329402], [74.5992864, 29.3274564], [74.6073436, 29.3562307], [74.6029108, 29.364909], [74.57789, 29.3885011], [74.566413, 29.4204815], [74.5366228, 29.4245464], [74.5346564, 29.4477163], [74.5437688, 29.4679688], [74.5846647, 29.4584908], [74.6010138, 29.501036], [74.6218939, 29.5222475], [74.6230893, 29.531055], [74.5899147, 29.5479059], [74.5749724, 29.5643207], [74.5815627, 29.6271559], [74.5913777, 29.6395372], [74.5854795, 29.6544688], [74.6159403, 29.7522663], [74.6000878, 29.7664865], [74.5874882, 29.7669076], [74.5781143, 29.7479886], [74.5773144, 29.7541437], [74.5485974, 29.7554926], [74.5346961, 29.7405871], [74.5067091, 29.7423133], [74.4778668, 29.7468073], [74.4736211, 29.7672148], [74.4835201, 29.8135992], [74.5079684, 29.8332852], [74.5441894, 29.8443947], [74.5610562, 29.8697761], [74.5438277, 29.9016836], [74.5097916, 29.9084242], [74.5271591, 29.9429394], [73.8951214, 29.9740779], [73.886536, 30.0124181], [73.9040532, 30.0501223], [73.9756484, 30.1209909], [73.9681426, 30.144843], [73.9725607, 30.1981481], [73.8278157, 30.0923339], [73.8065604, 30.068029], [73.5970019, 30.0189773], [73.3969252, 29.9459977], [73.2820972, 29.5720319], [73.0844285, 29.2362656], [73.0043576, 29.1529541], [72.9458405, 29.0279476], [72.7330853, 28.9480879], [72.4793951, 28.8120845], [72.4037701, 28.782996], [72.3907026, 28.7703573], [72.2992376, 28.6697541], [72.2061307, 28.3942688], [72.1322435, 28.3130984], [72.0042903, 28.2186566], [71.9273613, 28.1217401], [71.8983443, 27.9612104], [71.6664499, 27.8777834], [71.3830632, 27.8726301], [71.2055354, 27.8354175], [70.9631993, 27.7293775], [70.8718394, 27.7055979], [70.7593161, 27.7212658], [70.7397679, 27.7419218], [70.6843719, 27.8281858], [70.6773992, 27.9218462], [70.5985403, 27.99315], [70.58946, 28.0104397], [70.5058206, 28.037038], [70.3721923, 28.0118321], [70.2961849, 27.9360155], [70.2270116, 27.9013706], [70.1323962, 27.8059556], [70.0258997, 27.5629199], [69.9338909, 27.4978308], [69.8624847, 27.4018075], [69.7027113, 27.284316], [69.6426666, 27.2233619], [69.586841, 27.1833228], [69.5133129, 27.0099835], [69.4844257, 26.8048353], [69.5103097, 26.7435038], [69.7197056, 26.6546953], [69.791727, 26.5984543], [69.823119, 26.589029], [69.8869396, 26.5788814], [70.0562333, 26.6005685], [70.1171964, 26.5868806], [70.1741764, 26.5514434], [70.1846205, 26.4816445], [70.1769011, 26.4240094], [70.1853627, 26.3743345], [70.1635094, 26.2949309], [70.1750473, 26.2515285], [70.1412491, 26.1557943], [70.0833872, 26.083289], [70.0997632, 25.938263], [70.1744548, 25.8283658], [70.222408, 25.7931082], [70.2472414, 25.7616053], [70.268652, 25.7136002], [70.3870022, 25.6738315], [70.5301549, 25.6834804], [70.6088518, 25.7149732], [70.6472602, 25.7126067], [70.6600743, 25.7021526], [70.6739337, 25.6758419], [70.6671361, 25.5313386], [70.6784083, 25.5247011], [70.6648139, 25.3968827], [70.7367953, 25.3325573], [70.751581, 25.2778155], [70.8886706, 25.1481735], [70.9376278, 24.9385584], [71.0264801, 24.8088494], [71.0652991, 24.7174609], [71.0962097, 24.6886768], [71.1133974, 24.6752571], [71.2878234, 24.616229], [71.3045457, 24.6286602], [71.3135045, 24.6476499], [71.3481685, 24.6609354], [71.358639, 24.6307517], [71.3778045, 24.6259676], [71.4791703, 24.679647], [71.528902, 24.6847039], [71.5418321, 24.6757558], [71.572996, 24.6834162], [71.5893143, 24.6674054], [71.6075995, 24.6765536], [71.6387548, 24.659536], [71.643919, 24.643926], [71.655366, 24.6391889], [71.7063575, 24.6612971], [71.7355588, 24.6600458], [71.7915288, 24.6773386], [71.8103856, 24.6560643], [71.8058996, 24.6267509], [71.8378341, 24.621302], [71.8521673, 24.6093626], [71.8653916, 24.6307132], [71.8577673, 24.6661656], [71.8717513, 24.6817667], [71.8882312, 24.6721421], [71.9074984, 24.6775604], [71.9186119, 24.6721136], [71.9203181, 24.6641639], [71.9116425, 24.658569], [71.9154428, 24.649513], [71.925503, 24.6360402], [71.9398731, 24.6338046], [71.9882478, 24.6575303], [71.9838462, 24.6859468], [71.9938349, 24.6950618], [72.0125014, 24.6905806], [72.0613293, 24.7121088], [72.0851986, 24.7064111], [72.0927549, 24.6819472], [72.0861412, 24.6775897], [72.0898168, 24.6586951], [72.1245705, 24.6386026], [72.1502573, 24.6436695], [72.1648097, 24.6212767], [72.1965718, 24.6147194], [72.1947495, 24.6230215], [72.216692, 24.6269005], [72.2303676, 24.6406095], [72.2546866, 24.6248813], [72.2708436, 24.637573], [72.273656, 24.6283664], [72.3049851, 24.6175458], [72.3202231, 24.6177822], [72.3354466, 24.6333015], [72.3473344, 24.628456], [72.3355855, 24.5985843], [72.3135684, 24.594018], [72.297394, 24.6089682], [72.2763437, 24.6075269], [72.2463957, 24.5856071], [72.2647324, 24.5602753], [72.2854976, 24.5653581], [72.295435, 24.5466258], [72.3289911, 24.5524084], [72.330935, 24.569305], [72.3537298, 24.5637619], [72.3698602, 24.5437029], [72.3796891, 24.5123933], [72.3885791, 24.5076799], [72.4163298, 24.5211717], [72.4410806, 24.5153261], [72.4429345, 24.5039813], [72.4302176, 24.4801744], [72.4337791, 24.4601067], [72.4514568, 24.4421079], [72.457243, 24.4147987], [72.5004239, 24.4170546], [72.4931928, 24.4590839], [72.5044376, 24.4583665], [72.5201861, 24.5], [72.5352462, 24.5056722], [72.5382438, 24.5196821], [72.5759428, 24.4788547], [72.6563313, 24.4622153], [72.683358, 24.4638772], [72.6875, 24.4526038], [72.6797732, 24.4429286], [72.6891457, 24.4117323], [72.7308608, 24.364301], [72.8058248, 24.3629366], [72.8147803, 24.3702262], [72.8497601, 24.3720414], [72.8911502, 24.356974], [72.9107269, 24.3372119], [72.9751169, 24.3687997], [72.9743641, 24.3827535], [72.9493005, 24.3981843], [72.9812143, 24.4343814], [72.9679631, 24.4509073], [72.9910072, 24.4776011], [73.0009826, 24.4835452], [73.0038154, 24.466376], [73.0352284, 24.4638472], [73.0878806, 24.4976522], [73.0958887, 24.4901198], [73.0911274, 24.4751006], [73.1018213, 24.4708096], [73.1028287, 24.4330085], [73.0765029, 24.3966007], [73.0874978, 24.3866275], [73.0991577, 24.3907843], [73.1118621, 24.3734139], [73.1525702, 24.3538428], [73.1713743, 24.3554179], [73.1991882, 24.3765104], [73.219262, 24.3638954], [73.1985657, 24.3319333], [73.1816625, 24.3433209], [73.1763488, 24.3378787], [73.1692209, 24.3003049], [73.135438, 24.3084324], [73.125448, 24.2734297], [73.0953552, 24.2493481], [73.0879104, 24.2338221], [73.0971217, 24.2310839], [73.0784536, 24.219374], [73.0792707, 24.2051047], [73.0674433, 24.194691], [73.1252195, 24.1248609], [73.1535339, 24.1127822], [73.1589203, 24.0983262], [73.2132257, 24.0780405], [73.1931412, 24.0409961], [73.2293728, 24.0221053], [73.2427915, 24.0022819], [73.2653283, 24.0203192], [73.2831058, 24.0188726], [73.2973635, 24.0435287], [73.3173855, 24.0532072], [73.3270055, 24.1092241], [73.3390332, 24.0984065], [73.3477802, 24.106376], [73.3619934, 24.1046623], [73.3608695, 24.0812825], [73.3862498, 24.0647285], [73.4042677, 24.0413281], [73.4079948, 24.0080926], [73.3978793, 23.9895103], [73.4149572, 23.9857805], [73.4132372, 23.9391642], [73.4208262, 23.9308248], [73.4065179, 23.9165061], [73.3874602, 23.9159062], [73.3611233, 23.8726998], [73.353844, 23.8528514], [73.3677122, 23.8394624], [73.3679121, 23.8142344], [73.351844, 23.7913963], [73.3707715, 23.7652583], [73.4002479, 23.7850566], [73.4180157, 23.7768071], [73.4243348, 23.7616384], [73.4477318, 23.7528689], [73.4492116, 23.7348104], [73.4714188, 23.7197315], [73.4735184, 23.7052326], [73.5073942, 23.7030427], [73.5038844, 23.6567163], [73.4966053, 23.649157], [73.5087737, 23.6443873], [73.4937655, 23.6323383], [73.5230817, 23.6069003], [73.5726559, 23.6537663], [73.6154805, 23.6521162], [73.6556554, 23.6212885], [73.6433568, 23.5943706], [73.6496758, 23.5681027], [73.6366174, 23.5646031], [73.6330678, 23.5286858], [73.6563648, 23.5074575], [73.6407164, 23.4964081], [73.6272095, 23.4485713], [73.647456, 23.4364522], [73.6739136, 23.4541119], [73.6973992, 23.4566713], [73.7116353, 23.4355036], [73.7080796, 23.4223227], [73.7208056, 23.4101346], [73.7557307, 23.4543227], [73.7672314, 23.453121], [73.7722883, 23.4378241], [73.7862774, 23.4302253], [73.8287055, 23.4476926], [73.8302343, 23.4262346], [73.8617801, 23.3836257], [73.8729657, 23.3794546], [73.8742865, 23.3639397], [73.8926564, 23.348279], [73.8919259, 23.3341118], [73.9337007, 23.3385891], [73.9380077, 23.3679377], [73.9574983, 23.3795449], [73.9742147, 23.3727448], [73.9813954, 23.3381391], [74.0286547, 23.3316722], [74.0248051, 23.3210601], [74.0330674, 23.3059903], [74.0448558, 23.3088094], [74.0381639, 23.2934466], [74.0859296, 23.2980388], [74.1005791, 23.2938113], [74.1092176, 23.2743626], [74.1326402, 23.2661912], [74.1344692, 23.2230253], [74.1192089, 23.2040001], [74.1214756, 23.1761932], [74.141204, 23.1731538], [74.1527339, 23.1523882], [74.1667917, 23.1557214], [74.1788777, 23.1472794], [74.1885986, 23.1781482], [74.2012141, 23.1893033], [74.2316357, 23.1772668], [74.2407986, 23.1846916], [74.2674735, 23.1583477], [74.2743674, 23.1307528], [74.2871216, 23.1171218], [74.2788903, 23.0921854], [74.3073383, 23.0777698], [74.3189011, 23.0586612], [74.3416008, 23.0678988], [74.386202, 23.1115179], [74.4273793, 23.1066955], [74.4407165, 23.0906826], [74.4638438, 23.081793], [74.5058633, 23.0851413], [74.510277, 23.0944637], [74.5455139, 23.109844], [74.5393733, 23.1293016], [74.6066146, 23.1425592], [74.6715441, 23.1999599], [74.7150989, 23.1907136], [74.7421361, 23.2089123], [74.7475219, 23.2266531], [74.726365, 23.2150056], [74.6920658, 23.2191516], [74.7151139, 23.2366832], [74.7127675, 23.2505311], [74.6987826, 23.2573068], [74.6999554, 23.2683656], [74.6768244, 23.2736943], [74.6385555, 23.2554093], [74.626765, 23.2590627], [74.6168913, 23.2793812], [74.5849935, 23.276938], [74.5743658, 23.2951696], [74.5466691, 23.277121], [74.527919, 23.3107539], [74.5297326, 23.320673], [74.5150338, 23.3160982], [74.5140368, 23.3280456], [74.5352675, 23.3308198], [74.5398166, 23.3618656], [74.5577014, 23.3619081], [74.5689407, 23.3763017], [74.5723502, 23.4206667], [74.5990674, 23.4287497], [74.6099148, 23.4516256], [74.6038866, 23.457265], [74.6318725, 23.4613937], [74.6327705, 23.4695073], [74.6518837, 23.4622797], [74.6660597, 23.4825035], [74.6813105, 23.4852272], [74.6803375, 23.4947774], [74.7034917, 23.5050077], [74.7292392, 23.4966179], [74.7391218, 23.5137926], [74.7352881, 23.5205652], [74.7615104, 23.5211409], [74.7736837, 23.5443725], [74.7941094, 23.5508809], [74.8032961, 23.5330842], [74.8292315, 23.5505521], [74.8468314, 23.5518609], [74.8538034, 23.5711413], [74.8733637, 23.5769014], [74.8699051, 23.5919349], [74.9029436, 23.625101], [74.9149853, 23.6181054], [74.9365387, 23.6287707], [74.9216806, 23.666486], [74.8994607, 23.6822018], [74.9215928, 23.6946522], [74.9202285, 23.71918], [74.9363753, 23.7295804], [74.924521, 23.7563857], [74.9403631, 23.7647336], [74.92434, 23.796621], [74.9037077, 23.7943062], [74.9138361, 23.8416831], [74.9036695, 23.8527374], [74.9026183, 23.8729513], [74.9208987, 23.9190903], [74.9165084, 23.9317468], [74.928237, 23.9394031], [74.9307532, 23.9569858], [74.959143, 23.9721612], [74.9648219, 24.0059427], [74.9822982, 24.0254107], [74.9738212, 24.0397902], [74.9605685, 24.0388411], [74.9596603, 24.0460393], [74.9393414, 24.0539203], [74.940677, 24.0699185], [74.9209033, 24.0776684], [74.9181733, 24.0980642], [74.9035212, 24.1093037], [74.9082408, 24.121243], [74.9013521, 24.1260336], [74.896108, 24.1579509], [74.8797546, 24.1736077], [74.9103215, 24.2100832], [74.8980238, 24.214488], [74.897104, 24.2272893], [74.8675773, 24.2430861], [74.8517848, 24.2367376], [74.8108169, 24.2441789], [74.7748271, 24.2387108], [74.7543242, 24.2421675], [74.7471103, 24.2534685], [74.781323, 24.2891746], [74.7811796, 24.3383379], [74.8019931, 24.3585505], [74.8072589, 24.3808302], [74.8225921, 24.3795859], [74.8251913, 24.4000176], [74.8550986, 24.4241387], [74.8538726, 24.4445288], [74.8137526, 24.4367402], [74.8217582, 24.4531067], [74.8153452, 24.4684748], [74.7868846, 24.4722111], [74.7771385, 24.4605011], [74.7501168, 24.4666972], [74.7279467, 24.4890841], [74.708727, 24.4864735], [74.71814, 24.5089763], [74.7446258, 24.5134577], [74.7442224, 24.5323122], [74.7555349, 24.5348826], [74.7435129, 24.5714588], [74.7864299, 24.5859308], [74.7794001, 24.6154403], [74.7917371, 24.6197659], [74.7912824, 24.6317817], [74.8029426, 24.6341998], [74.8063148, 24.6483971], [74.8141386, 24.6501818], [74.814585, 24.6657525], [74.7719368, 24.6614807], [74.7876128, 24.7041772], [74.7796046, 24.732452], [74.8039673, 24.733967], [74.7997778, 24.7790681], [74.8087998, 24.7810496], [74.8358297, 24.7067394], [74.8545028, 24.6876481], [74.8501772, 24.6842029], [74.8514997, 24.6776654], [74.8593814, 24.6828435], [74.8732269, 24.646468], [74.8890785, 24.6338319], [74.8949789, 24.6439379], [74.9018206, 24.6328067], [74.905258, 24.640874], [74.9430899, 24.6378043], [74.9421964, 24.6471426], [74.9512975, 24.6472406], [74.9585511, 24.6609346], [74.9622783, 24.6564243], [74.9601863, 24.6777652], [75.00172, 24.6864587], [74.9919335, 24.6932231], [74.992387, 24.7317458], [75.016033, 24.7321203], [75.0014888, 24.7745241], [74.9756191, 24.7636875], [74.9308919, 24.7790988], [74.9145334, 24.7692006], [74.9067107, 24.7818278], [74.8804224, 24.7894146], [74.8793201, 24.797377], [74.860435, 24.7984868], [74.860171, 24.7794173], [74.8493729, 24.7761345], [74.8386955, 24.7980368], [74.8615188, 24.8041365], [74.8587604, 24.8385074], [74.8403749, 24.8848155], [74.8307398, 24.88693], [74.8252862, 24.9001492], [74.8263819, 24.9335201], [74.8426344, 24.9688493], [74.8590353, 24.9622348], [74.8694795, 24.9249741], [74.8806966, 24.93736], [74.9029422, 24.929508], [74.9163019, 24.9071648], [74.9104117, 24.8943708], [74.9238957, 24.8783023], [74.952606, 24.8806824], [74.9482075, 24.8645748], [74.9586622, 24.8581867], [75.0083146, 24.8564244], [75.0330476, 24.8444094], [75.0513067, 24.8526723], [75.0598961, 24.8635772], [75.0553054, 24.8718945], [75.0654443, 24.86802], [75.0765344, 24.880681], [75.0882054, 24.8787057], [75.0871949, 24.8707904], [75.1169303, 24.8782616], [75.1135612, 24.9668083], [75.127571, 24.9678782], [75.1411818, 24.9783465], [75.1321946, 24.9836108], [75.1517707, 24.989074], [75.1685695, 25.0059305], [75.1513603, 25.0261831], [75.167081, 25.0484142], [75.1839075, 25.0371191], [75.1968456, 25.0444854], [75.1988025, 25.0377095], [75.2251195, 25.0340957], [75.268376, 25.0424407], [75.3321598, 25.0414945], [75.3471765, 25.0321403], [75.3503515, 25.0175342], [75.3329848, 25.0166485], [75.3117661, 24.9953724], [75.3134563, 24.9800116], [75.3368848, 24.9548177], [75.3184473, 24.894156], [75.3143323, 24.8859509], [75.3127363, 24.885137], [75.3048731, 24.9286561], [75.2900877, 24.9376581], [75.2884017, 24.9516144], [75.2818721, 24.9530854], [75.2853067, 24.9647831], [75.2738923, 24.9640414], [75.2670845, 24.9471476], [75.2940673, 24.9075451], [75.2673085, 24.8994358], [75.2634343, 24.8748553], [75.3080504, 24.8560438], [75.3266394, 24.8748749], [75.3736317, 24.8677431], [75.4161258, 24.8860812], [75.4257974, 24.8842928], [75.4257551, 24.8690666], [75.4039289, 24.8451586], [75.3284273, 24.8190312], [75.3115953, 24.8011763], [75.2979362, 24.8071377], [75.2899587, 24.8336555], [75.272937, 24.8428362], [75.2240912, 24.8439243], [75.2251965, 24.8339838], [75.2490883, 24.8298232], [75.2523203, 24.8131054], [75.2441306, 24.8047109], [75.2152004, 24.8021181], [75.2047202, 24.785583], [75.2015768, 24.7717422], [75.2074373, 24.7707411], [75.2046248, 24.7695796], [75.1929096, 24.7735734], [75.1844004, 24.7485538], [75.1976443, 24.7432491], [75.2194432, 24.7025549], [75.2283831, 24.7176196], [75.2649016, 24.7175098], [75.4564552, 24.68045], [75.4894136, 24.6866455], [75.5334345, 24.7120494], [75.5482196, 24.7029378], [75.5829721, 24.7132649], [75.6107862, 24.6804074], [75.6459621, 24.6849157], [75.6834207, 24.7251186], [75.7568331, 24.7615534], [75.8021671, 24.7564634], [75.8336056, 24.7318455], [75.8378043, 24.718005], [75.82494, 24.6674539], [75.8477638, 24.6630191], [75.8487566, 24.6474008], [75.8409663, 24.6381067], [75.8447032, 24.6272176], [75.8248471, 24.613454], [75.836386, 24.606152], [75.8354622, 24.5949498], [75.8492394, 24.6108755], [75.8711548, 24.6066637], [75.8783661, 24.5833853], [75.9144166, 24.5722389], [75.9036683, 24.5489274], [75.9233388, 24.5351761], [75.9205501, 24.5216603], [75.9077736, 24.5129597], [75.8905268, 24.5188287], [75.8878551, 24.5080705], [75.902818, 24.5045951], [75.911639, 24.4919123], [75.9090597, 24.4550093], [75.8750858, 24.4263645], [75.8387902, 24.4141793], [75.8098608, 24.4340429], [75.8134733, 24.4620246], [75.7894036, 24.4715311], [75.7860635, 24.4532604], [75.7476001, 24.4241834], [75.7558905, 24.4206573], [75.7553071, 24.4065278], [75.7279086, 24.3964111], [75.727751, 24.3905156], [75.7294853, 24.3777485], [75.738978, 24.3782382], [75.7398381, 24.3321479], [75.7573436, 24.3192514], [75.7664655, 24.298018], [75.8018278, 24.3021344], [75.8107272, 24.2960904], [75.8184376, 24.2806912], [75.8117133, 24.2752814], [75.8116128, 24.2579101], [75.8192215, 24.2569662], [75.8140191, 24.2451909], [75.8302317, 24.2337591], [75.8156834, 24.2258088], [75.8093558, 24.2297035], [75.807365, 24.2177655], [75.7927985, 24.2103459], [75.7774445, 24.2099825], [75.7739428, 24.1812711], [75.7637572, 24.1744992], [75.7509592, 24.143327], [75.7700308, 24.1157895], [75.7826367, 24.1159467], [75.7928597, 24.0918474], [75.8057025, 24.09957], [75.8169037, 24.0855794], [75.8356965, 24.092116], [75.8367234, 24.0570634], [75.7816945, 24.0425289], [75.7830904, 24.0221373], [75.7733934, 24.0078667], [75.7626592, 24.0098849], [75.7653398, 23.9926751], [75.7422819, 23.9927226], [75.7411303, 23.9769387], [75.7175181, 23.9668585], [75.7017317, 23.9665928], [75.698824, 23.9878445], [75.6869931, 23.988774], [75.6877208, 24.0054617], [75.6781839, 24.0073104], [75.6743385, 24.017676], [75.6400535, 23.9978871], [75.5955248, 23.9899999], [75.5758019, 23.9941314], [75.5655074, 24.0076843], [75.5396301, 24.0090563], [75.5210511, 24.0250208], [75.4746801, 23.9828401], [75.460036, 23.9324176], [75.4620564, 23.9147626], [75.4916488, 23.9067813], [75.505671, 23.8872534], [75.5214914, 23.884929], [75.5632229, 23.8575771], [75.5664974, 23.8438678], [75.5793271, 23.8351131], [75.5746143, 23.8284831], [75.5606209, 23.8314249], [75.5593024, 23.8181795], [75.5667854, 23.809576], [75.5890121, 23.8097818], [75.5834477, 23.794823], [75.6545032, 23.7984038], [75.6599777, 23.7842317], [75.6756304, 23.7818879], [75.6867187, 23.7559393], [75.7018356, 23.7863864], [75.6901159, 23.8132464], [75.7215914, 23.8117927], [75.7264731, 23.8202057], [75.7189527, 23.8406668], [75.7364059, 23.8562458], [75.7352157, 23.8619913], [75.7108477, 23.8624083], [75.701574, 23.8728331], [75.7060872, 23.8990955], [75.7154748, 23.8930549], [75.7354095, 23.8976904], [75.7399997, 23.8890009], [75.7527008, 23.8873452], [75.7645415, 23.8755544], [75.7645419, 23.8517398], [75.7812495, 23.8487271], [75.7938466, 23.8670065], [75.8173586, 23.8678589], [75.8326486, 23.8799247], [75.840565, 23.87458], [75.8530247, 23.8874811], [75.8706316, 23.8904216], [75.8764159, 23.8800249], [75.8871008, 23.8791147], [75.8948375, 23.8894021], [75.9375149, 23.8966894], [75.955315, 23.9208431], [75.9813631, 23.9289699], [75.9876109, 23.9417365], [75.9848542, 23.974028], [75.9674382, 23.9912308], [75.9634552, 24.0187069], [75.9970195, 24.0176884], [76.0212975, 24.0341913], [76.0222267, 24.0472398], [76.0368089, 24.0628967], [76.0727489, 24.0766562], [76.0758432, 24.070841], [76.1006212, 24.0871149], [76.1267923, 24.0887305], [76.1206365, 24.1082104], [76.1311443, 24.1154933], [76.1224433, 24.1377014], [76.1244198, 24.1594514], [76.1137788, 24.1638689], [76.1173827, 24.1939877], [76.1484263, 24.2320251], [76.1367167, 24.2708055], [76.1432923, 24.2829025], [76.1625451, 24.2847252], [76.1688798, 24.2970667], [76.1646067, 24.3065862], [76.1741116, 24.3072129], [76.1855157, 24.3292765], [76.2047272, 24.3009046], [76.1945899, 24.2731929], [76.2021441, 24.2688302], [76.2033297, 24.2205158], [76.2125548, 24.2099399], [76.2399452, 24.2188855], [76.2823209, 24.2073077], [76.2873604, 24.2298605], [76.3229145, 24.2455449], [76.3572097, 24.2397448], [76.4015828, 24.2152736], [76.4116826, 24.2005062], [76.4205694, 24.2086416], [76.4162164, 24.2206344], [76.4522663, 24.2093635], [76.4705099, 24.2261504], [76.4805398, 24.2080813], [76.504535, 24.203087], [76.5129305, 24.1665905], [76.5274239, 24.1567343], [76.5777275, 24.1791743], [76.5642735, 24.1909452], [76.5702511, 24.2089885], [76.5952318, 24.2233208], [76.5835448, 24.2428658], [76.6111985, 24.2386521], [76.6176458, 24.2588295], [76.6372033, 24.2583351], [76.6434725, 24.2693907], [76.6651316, 24.2619343], [76.6927736, 24.2864819], [76.7027304, 24.2431993], [76.6904363, 24.2305689], [76.6758852, 24.1908467], [76.6983126, 24.1684673], [76.719115, 24.1586901], [76.7261906, 24.1685741], [76.7579205, 24.1682567], [76.8012869, 24.1166729], [76.8330837, 24.1220234], [76.8545887, 24.1358255], [76.9006002, 24.1274324], [76.9162928, 24.1878551], [76.9357677, 24.1837266], [76.9473974, 24.2013105], [76.9223026, 24.2116964], [76.9228538, 24.225309], [76.9126503, 24.2379501], [76.8882016, 24.2448928], [76.862615, 24.2733194], [76.8568849, 24.3029227], [76.8410542, 24.3224145], [76.8318849, 24.3579681], [76.8513852, 24.3705249], [76.8373785, 24.4097086], [76.8504461, 24.4241262], [76.8410299, 24.4435535], [76.8515899, 24.4501192], [76.8530832, 24.465892], [76.8163891, 24.5335833], [76.8619215, 24.5492986], [76.8766558, 24.538786], [76.8730661, 24.5270169], [76.8843076, 24.5214508], [76.9018661, 24.5458508], [76.9178965, 24.5434751], [76.9184204, 24.4806911], [76.9509501, 24.4617981], [76.9776095, 24.4613838], [76.9835786, 24.4727987], [77.0036036, 24.4737439], [77.0137408, 24.4832493], [77.0118293, 24.4916622], [77.0289728, 24.4960796], [77.0368941, 24.5278995], [77.0547096, 24.5262766], [77.0713312, 24.5727633], [77.0649858, 24.6438443], [77.0316663, 24.711316], [77.0016634, 24.7160393], [76.9955201, 24.7333282], [76.9745554, 24.7361969], [76.953965, 24.7603603], [76.9074936, 24.7315944], [76.8894778, 24.7472563], [76.8561298, 24.7424864], [76.8475199, 24.7692715], [76.8019968, 24.8101337], [76.8004038, 24.8240182], [76.8250801, 24.8355483], [76.8978862, 24.8382256], [76.9295288, 24.8486674], [76.9485633, 24.8690715], [76.9130546, 24.8878441], [76.9204155, 24.9167742], [76.8904879, 24.9196892], [76.8893692, 24.9339236], [76.8626886, 24.9598018], [76.8672141, 24.9901596], [76.8567789, 25.0024759], [76.8757268, 25.0072055], [76.8761587, 25.0414003], [76.945095, 25.0467426], [76.961669, 25.0563738], [76.968205, 25.0511009], [76.9746396, 25.0664255], [76.9990691, 25.0748461], [77.0848289, 25.0542395], [77.0959797, 25.0654295], [77.1225716, 25.0666539], [77.1477213, 25.0951105], [77.1493972, 25.0863572], [77.1671243, 25.0846098], [77.1744248, 25.111809], [77.2369575, 25.1066088], [77.2700108, 25.116094], [77.3107799, 25.0798328], [77.3378103, 25.094853], [77.3572916, 25.093511], [77.394376, 25.1199223], [77.4066169, 25.1116864], [77.390582, 25.1233863], [77.3930011, 25.1592295], [77.4001433, 25.1838806], [77.426616, 25.1880743], [77.4116965, 25.2240105], [77.3944237, 25.2299371], [77.3824166, 25.2456873], [77.3703748, 25.2460075], [77.3661138, 25.2599079], [77.3556895, 25.262602], [77.3541747, 25.2736017], [77.3626576, 25.2790124], [77.3739514, 25.2745212], [77.3815886, 25.3031587], [77.3688094, 25.3283796], [77.3421215, 25.3217707], [77.366685, 25.3603108], [77.3507293, 25.3725122], [77.3576568, 25.398743], [77.3705523, 25.4057335], [77.3609428, 25.4189936], [77.3499618, 25.4157173], [77.3154588, 25.4314693], [77.2899077, 25.4216931], [77.2478661, 25.3801857], [77.2339435, 25.3787009], [77.2243152, 25.3355341], [77.2339469, 25.3337726], [77.2233687, 25.3187909], [77.2152337, 25.3203441], [77.2172185, 25.3295302], [77.205548, 25.3264785], [77.2094176, 25.3063051], [77.1653577, 25.3082318], [77.1250826, 25.3302656], [77.0836734, 25.3365577], [77.0700509, 25.3184929], [77.0458973, 25.321439], [77.0316904, 25.2943874], [76.9737385, 25.3004059], [76.9606548, 25.2972945], [76.9578097, 25.284411], [76.9430946, 25.2821217], [76.9232984, 25.2854503], [76.9294083, 25.3031864], [76.901539, 25.3236347], [76.8572848, 25.3327846], [76.7775652, 25.3156086], [76.7293238, 25.3285691], [76.7002825, 25.3516265], [76.6694972, 25.3491034], [76.639763, 25.3835329], [76.6227875, 25.3767829], [76.5984655, 25.3923297], [76.5879557, 25.4310986]], [[76.4345331, 28.1090754], [76.4228525, 28.1143226], [76.4292765, 28.1385124], [76.4410428, 28.1198781], [76.4345331, 28.1090754]]]]}}, {"type": "Feature", "properties": {"state_name": "Jammu and Kashmir", "stname": "JAMMU & KASHMIR", "state_lgd": 1, "id": 14}, "geometry": {"type": "Polygon", "coordinates": [[[74.5388542, 35.0685641], [74.4994415, 35.1155863], [74.4387392, 35.1300675], [74.3819763, 35.0678197], [74.3052312, 35.0676274], [74.2927058, 35.064517], [74.2882263, 35.0476766], [74.2651731, 35.0408572], [74.2451341, 35.0521096], [74.2402233, 35.0791385], [74.2199321, 35.0753351], [74.2151429, 35.0937154], [74.1561056, 35.0908773], [74.1337449, 35.1046468], [74.1014304, 35.0991415], [74.0819146, 35.0794371], [74.0667375, 35.0462694], [74.0982216, 35.0321776], [74.109747, 35.0160747], [74.0593248, 34.9926755], [74.0711704, 34.9354816], [74.0372002, 34.9192279], [74.0347228, 34.9014994], [74.0419671, 34.8910301], [74.0299157, 34.8762811], [73.9674356, 34.8638262], [73.9609975, 34.8385593], [73.9304681, 34.8323898], [73.9193736, 34.8116478], [73.8949918, 34.8189699], [73.8566632, 34.8085104], [73.8377123, 34.8131556], [73.821776, 34.7920988], [73.7723068, 34.7961081], [73.7299422, 34.772222], [73.7046283, 34.7220067], [73.6590537, 34.6730972], [73.6635118, 34.6632228], [73.6950003, 34.6500527], [73.6537552, 34.6005281], [73.6597994, 34.5797469], [73.6502636, 34.5619643], [73.6330092, 34.562615], [73.6111498, 34.5848214], [73.5561315, 34.5898365], [73.5321769, 34.5709841], [73.49324, 34.5747548], [73.4482517, 34.5670926], [73.4462991, 34.5396125], [73.4308069, 34.5213306], [73.4351678, 34.4848509], [73.4219423, 34.466051], [73.4277375, 34.4260376], [73.4091515, 34.377582], [73.3960968, 34.3716077], [73.4078607, 34.3502806], [73.429943, 34.3462977], [73.4250742, 34.3372443], [73.4445179, 34.3213752], [73.4455496, 34.3031283], [73.4604076, 34.289134], [73.4567093, 34.2764541], [73.4808341, 34.2894222], [73.484483, 34.2746387], [73.4728337, 34.2523022], [73.4985389, 34.2112161], [73.4909334, 34.1396681], [73.4971935, 34.1324541], [73.4996746, 34.074572], [73.5178896, 34.0217982], [73.5164536, 33.9988263], [73.5277834, 33.9881467], [73.5476097, 33.9369339], [73.5928408, 33.8937978], [73.5599225, 33.7813291], [73.594646, 33.751233], [73.603136, 33.715087], [73.5674587, 33.6684861], [73.5777432, 33.6380578], [73.567155, 33.6177358], [73.5882699, 33.6154118], [73.5985399, 33.6001708], [73.6119032, 33.6037795], [73.6049835, 33.5886948], [73.6287063, 33.5710588], [73.6244145, 33.5408682], [73.6417727, 33.5285069], [73.6114471, 33.5130591], [73.6186833, 33.4953504], [73.6020677, 33.4966832], [73.6104684, 33.4709285], [73.6186682, 33.4761629], [73.6318921, 33.4475945], [73.5960644, 33.4389835], [73.5867081, 33.4228053], [73.6031601, 33.4190825], [73.5733175, 33.3918246], [73.5651545, 33.3662513], [73.5718782, 33.35665], [73.5837685, 33.3556757], [73.5704879, 33.3429772], [73.5784198, 33.3286238], [73.598028, 33.3375187], [73.5993564, 33.3295088], [73.5892959, 33.3235371], [73.5956424, 33.3028368], [73.6141719, 33.2928919], [73.6055262, 33.2854132], [73.6065143, 33.2737135], [73.6217859, 33.2359897], [73.6375633, 33.2304095], [73.6335498, 33.2076361], [73.6395122, 33.2050214], [73.6476217, 33.2228231], [73.6680089, 33.2018573], [73.664482, 33.1613461], [73.649892, 33.156576], [73.6486877, 33.1374724], [73.6312011, 33.1395164], [73.6392924, 33.1281318], [73.6313247, 33.1175523], [73.6330362, 33.0918124], [73.6398958, 33.0831028], [73.6997289, 33.08489], [73.7428309, 33.0661538], [73.7498602, 33.0579994], [73.7491067, 33.03362], [73.7945109, 33.0035912], [73.7983161, 32.9889422], [73.7904308, 32.9668093], [73.8259704, 32.9772394], [73.8256629, 33.0040114], [73.908264, 33.0014326], [73.9414464, 32.9824297], [73.9646447, 32.9871237], [73.9723706, 32.9672066], [74.0061843, 32.9549068], [73.999681, 32.9354001], [74.0244646, 32.9297486], [74.0581628, 32.9345376], [74.0689524, 32.9095557], [74.1788037, 32.8894959], [74.1942555, 32.8739189], [74.2112645, 32.8734337], [74.219641, 32.848818], [74.2634298, 32.8420917], [74.2677288, 32.8322317], [74.3033977, 32.8298405], [74.3128315, 32.8221775], [74.3082764, 32.8075844], [74.3144801, 32.7968417], [74.3550481, 32.7669984], [74.3910033, 32.7631634], [74.4152611, 32.7845588], [74.4594089, 32.7877424], [74.4645802, 32.7759], [74.4860758, 32.7644463], [74.5116189, 32.7645326], [74.5115911, 32.7455011], [74.531851, 32.7443649], [74.5433431, 32.7525398], [74.5482226, 32.7468482], [74.5628909, 32.7601191], [74.5762337, 32.7566168], [74.5768423, 32.7479014], [74.6191967, 32.760683], [74.6342584, 32.7495406], [74.6322934, 32.7763973], [74.6583574, 32.7876543], [74.6346264, 32.8066239], [74.6405217, 32.8189445], [74.6556228, 32.8320952], [74.6678791, 32.8250446], [74.7047737, 32.8419479], [74.7039517, 32.816992], [74.6559134, 32.7279606], [74.6637112, 32.7239519], [74.6534978, 32.6966853], [74.6669546, 32.6752719], [74.6952687, 32.6613131], [74.6703837, 32.6389499], [74.6550998, 32.636952], [74.654945, 32.6152058], [74.6390457, 32.6146422], [74.6418418, 32.6005474], [74.6587708, 32.5968454], [74.6488944, 32.5879818], [74.6525399, 32.5629643], [74.6738353, 32.5679764], [74.6744902, 32.5544325], [74.6627413, 32.5538275], [74.6628824, 32.5445216], [74.6906092, 32.532961], [74.6825695, 32.5097037], [74.6879172, 32.4868744], [74.710183, 32.4926174], [74.7144966, 32.4768597], [74.7546281, 32.4820773], [74.7947732, 32.4764032], [74.8128186, 32.4796369], [74.8187534, 32.4979136], [74.8652866, 32.4863432], [74.8772813, 32.492969], [74.883895, 32.4887465], [74.8792516, 32.4767182], [74.9174214, 32.4642693], [74.9379351, 32.4712973], [74.9526615, 32.4474958], [74.9685789, 32.4593355], [74.9865183, 32.4504422], [75.0193016, 32.4661622], [75.0168166, 32.4794621], [75.0280228, 32.4970858], [75.0855385, 32.4687603], [75.0989761, 32.4777412], [75.106657, 32.4740602], [75.1077685, 32.4605722], [75.119273, 32.454217], [75.1185976, 32.44434], [75.1332269, 32.4278029], [75.1266324, 32.4202802], [75.1314208, 32.4088643], [75.1526626, 32.4210811], [75.1897656, 32.4258059], [75.1995788, 32.4204171], [75.1939548, 32.400469], [75.2075605, 32.3946864], [75.2150167, 32.4012782], [75.2415509, 32.3851826], [75.2559439, 32.3892653], [75.2581293, 32.3714124], [75.2897483, 32.3698423], [75.2883024, 32.354481], [75.2988733, 32.3535153], [75.3021596, 32.3442849], [75.3226704, 32.3435278], [75.3277714, 32.3261167], [75.341198, 32.3454754], [75.3492766, 32.3452608], [75.3631198, 32.3329446], [75.3745324, 32.3373187], [75.3944833, 32.3269286], [75.4105105, 32.3286204], [75.4307401, 32.3150638], [75.4481275, 32.326043], [75.4677847, 32.3246006], [75.4691269, 32.3386312], [75.489105, 32.3455628], [75.4949417, 32.3411251], [75.481508, 32.3351675], [75.4819153, 32.3202924], [75.511532, 32.3085924], [75.5039307, 32.2913163], [75.5209225, 32.2772365], [75.5322427, 32.2778315], [75.5433127, 32.3091984], [75.538994, 32.3342289], [75.5503259, 32.34875], [75.5953116, 32.377039], [75.6345715, 32.3799095], [75.6730959, 32.3939184], [75.6872507, 32.3902509], [75.7113437, 32.4115589], [75.7227598, 32.4055988], [75.7318737, 32.422558], [75.7277482, 32.4316827], [75.743804, 32.431601], [75.7286979, 32.439108], [75.7292559, 32.4526744], [75.7743922, 32.4638252], [75.8334662, 32.5034644], [75.8304121, 32.5137265], [75.8388217, 32.5136966], [75.8382597, 32.5223153], [75.8538283, 32.5276993], [75.8548985, 32.5369001], [75.8735093, 32.5500282], [75.8661374, 32.5624591], [75.8777101, 32.5691451], [75.8789496, 32.5869753], [75.8976908, 32.5906594], [75.9163556, 32.6144279], [75.9186275, 32.6331076], [75.9307072, 32.6313884], [75.9332295, 32.6471056], [75.9150287, 32.6435962], [75.9062551, 32.6581421], [75.8931139, 32.6486142], [75.8858335, 32.652176], [75.8988344, 32.6731938], [75.8973757, 32.6975368], [75.918286, 32.727152], [75.9217475, 32.7471734], [75.8858203, 32.7822476], [75.8790863, 32.8112108], [75.8650394, 32.8133837], [75.8526582, 32.8343829], [75.8186236, 32.852731], [75.7962528, 32.8842559], [75.8125919, 32.8931107], [75.8370896, 32.9277723], [75.8730036, 32.9238465], [75.9188606, 32.9057642], [75.9501092, 32.8728328], [76.0271875, 32.9157078], [76.0388261, 32.9357518], [76.0830158, 32.9552461], [76.1062875, 32.9868782], [76.1072038, 33.0060558], [76.1603361, 33.0066288], [76.1800941, 33.0205434], [76.2427715, 33.0208198], [76.2553507, 33.0340473], [76.2729136, 33.037052], [76.2763184, 33.0510531], [76.2904054, 33.0598456], [76.2828175, 33.0768412], [76.285946, 33.1023877], [76.3684645, 33.1534573], [76.4038968, 33.1857873], [76.4806443, 33.1788748], [76.5093062, 33.1958415], [76.5471928, 33.1985532], [76.5616472, 33.2095389], [76.5958911, 33.2059088], [76.5986252, 33.1902747], [76.6110651, 33.1873418], [76.6125736, 33.1733798], [76.6444356, 33.1618692], [76.7093215, 33.1806998], [76.7468201, 33.1784145], [76.7758389, 33.2204897], [76.7794134, 33.2381151], [76.770939, 33.2493243], [76.7543136, 33.2486787], [76.7370509, 33.2610956], [76.7277297, 33.2834823], [76.7321076, 33.2993294], [76.7177463, 33.3289732], [76.6959581, 33.3279553], [76.6592909, 33.3566969], [76.6514829, 33.3834231], [76.6321186, 33.4091941], [76.6369788, 33.4155322], [76.6289648, 33.434895], [76.6164471, 33.4399167], [76.5818468, 33.4257859], [76.5694883, 33.4661734], [76.5496372, 33.4640532], [76.5229142, 33.4933816], [76.507802, 33.4995692], [76.5020548, 33.5159754], [76.4591631, 33.5338938], [76.4646709, 33.5452321], [76.4487942, 33.5636848], [76.435877, 33.5421933], [76.4152031, 33.5390823], [76.3799221, 33.552924], [76.3747535, 33.5658846], [76.3807263, 33.5769515], [76.3664643, 33.585751], [76.3586511, 33.6036874], [76.3362371, 33.6105076], [76.3221802, 33.6022665], [76.3065139, 33.6095573], [76.2996006, 33.5982383], [76.3097803, 33.5714622], [76.2596466, 33.5650201], [76.2457437, 33.5455384], [76.2250298, 33.5475945], [76.2054422, 33.5692022], [76.2252204, 33.5772795], [76.2314043, 33.5869483], [76.2242183, 33.600307], [76.2403372, 33.6048459], [76.2293718, 33.6298252], [76.2704787, 33.6433102], [76.2846506, 33.6618443], [76.2662132, 33.6795321], [76.2632382, 33.7120854], [76.2711667, 33.7307459], [76.2652385, 33.7468789], [76.2470849, 33.758533], [76.2125796, 33.761177], [76.1847362, 33.8001549], [76.1613786, 33.8018501], [76.1659767, 33.8193478], [76.1568697, 33.829989], [76.1599784, 33.8369211], [76.1366754, 33.8786], [76.1229641, 33.8890496], [76.033217, 33.9196279], [76.0494745, 33.9338562], [76.0243576, 33.9821248], [76.0179543, 33.975074], [75.9781985, 33.9721904], [75.9665416, 33.954516], [75.8931951, 33.9690909], [75.8382388, 33.9549555], [75.8196252, 33.9722087], [75.8430615, 34.0047768], [75.8182652, 34.0075087], [75.7969402, 34.0304456], [75.7691905, 34.0412793], [75.7685238, 34.0549188], [75.7370327, 34.0589077], [75.7425444, 34.0732593], [75.7188032, 34.1032508], [75.6873625, 34.11605], [75.6857067, 34.1421632], [75.667948, 34.1442894], [75.6844773, 34.1667841], [75.6907196, 34.195273], [75.6852873, 34.199558], [75.6624212, 34.1991344], [75.6481195, 34.2120025], [75.6045987, 34.1951902], [75.5933634, 34.1976941], [75.579934, 34.2139711], [75.5553301, 34.2114085], [75.529731, 34.2268341], [75.4953585, 34.2323996], [75.4748548, 34.2775913], [75.4536155, 34.2859187], [75.4394915, 34.2794904], [75.4034978, 34.2846878], [75.3889155, 34.3054832], [75.3960502, 34.3167193], [75.376016, 34.3419538], [75.3857712, 34.3498862], [75.3805057, 34.3582974], [75.3857082, 34.36614], [75.3733802, 34.3714997], [75.3779524, 34.3851121], [75.3669749, 34.3910301], [75.3723355, 34.412598], [75.3351005, 34.4292689], [75.3275391, 34.4397684], [75.3532375, 34.4687937], [75.3429166, 34.489435], [75.3529311, 34.5175899], [75.3661195, 34.5214453], [75.3655677, 34.5380996], [75.344164, 34.5630304], [75.3198958, 34.5648429], [75.2863717, 34.595432], [75.2533673, 34.6041252], [75.2566407, 34.6215127], [75.2415036, 34.6377791], [75.2206186, 34.6338311], [75.2060253, 34.6437846], [75.2181793, 34.6516048], [75.2044585, 34.6535016], [75.2079087, 34.6654182], [75.2320678, 34.6908158], [75.2582664, 34.6975742], [75.2543036, 34.7216864], [75.2635695, 34.7445815], [75.2509324, 34.74986], [75.2562509, 34.7738866], [75.2232446, 34.8175237], [75.1442343, 34.8502838], [75.1419703, 34.874951], [75.1013018, 34.9190982], [75.0716443, 34.9192041], [75.0641178, 34.9052374], [75.0640347, 34.847111], [75.0163438, 34.8482512], [74.9185994, 34.7851106], [74.8721534, 34.8301871], [74.8610401, 34.8283259], [74.8396932, 34.8407427], [74.8232528, 34.8373632], [74.798461, 34.8520681], [74.7878462, 34.8524599], [74.7769364, 34.8407714], [74.7501702, 34.8449854], [74.7166861, 34.8664865], [74.7114521, 34.8809177], [74.684152, 34.8788011], [74.6625275, 34.9067711], [74.6464033, 34.9036429], [74.6042287, 34.9247992], [74.5770112, 34.9139191], [74.5705321, 34.9756307], [74.5850163, 34.9979363], [74.5850935, 35.0181216], [74.5307303, 35.0461762], [74.5300664, 35.060132], [74.5388542, 35.0685641]]]}}, {"type": "Feature", "properties": {"state_name": "Punjab", "stname": "PUNJAB", "state_lgd": 3, "id": 26}, "geometry": {"type": "Polygon", "coordinates": [[[75.8567001, 32.4845003], [75.8322482, 32.5107178], [75.8220219, 32.4934991], [75.7769383, 32.4651167], [75.7297937, 32.4532015], [75.7286979, 32.439108], [75.743804, 32.431601], [75.7277482, 32.4316827], [75.7318737, 32.422558], [75.7227598, 32.4055988], [75.7113437, 32.4115589], [75.6872507, 32.3902509], [75.6730959, 32.3939184], [75.6345715, 32.3799095], [75.5953116, 32.377039], [75.5597801, 32.3569794], [75.5392852, 32.3352165], [75.5433127, 32.3091984], [75.5322427, 32.2778315], [75.5209225, 32.2772365], [75.5039307, 32.2913163], [75.511532, 32.3085924], [75.4819153, 32.3202924], [75.481508, 32.3351675], [75.4949417, 32.3411251], [75.489105, 32.3455628], [75.4691269, 32.3386312], [75.4677847, 32.3246006], [75.4481275, 32.326043], [75.4299915, 32.3149965], [75.4105105, 32.3286204], [75.3944833, 32.3269286], [75.3745324, 32.3373187], [75.3631198, 32.3329446], [75.341198, 32.3454754], [75.3314763, 32.32672], [75.3377052, 32.321841], [75.3300692, 32.3125556], [75.3349897, 32.3109045], [75.3204965, 32.29739], [75.3502381, 32.2898587], [75.3437104, 32.278552], [75.371475, 32.279608], [75.3818551, 32.2689541], [75.3708382, 32.2575621], [75.3724343, 32.2260531], [75.357874, 32.2182392], [75.3313768, 32.2195778], [75.3163809, 32.208037], [75.3201172, 32.2041137], [75.3103303, 32.1946047], [75.3224201, 32.1794985], [75.2994015, 32.1533148], [75.2853546, 32.1514947], [75.2772631, 32.1369739], [75.2834496, 32.1318878], [75.2793585, 32.1178432], [75.2627308, 32.1118524], [75.2613096, 32.1013806], [75.2314172, 32.0916106], [75.2354408, 32.1035044], [75.2269596, 32.106784], [75.2237038, 32.0981626], [75.2158267, 32.1211039], [75.2024577, 32.1202374], [75.2056771, 32.1025494], [75.197892, 32.0986061], [75.1984974, 32.082671], [75.1742835, 32.0675337], [75.1576741, 32.0817537], [75.1229053, 32.0813821], [75.1066761, 32.069581], [75.1048953, 32.0585697], [75.0912066, 32.0718392], [75.0840314, 32.0600345], [75.0679525, 32.0666563], [75.0406982, 32.0426759], [75.0339061, 32.0506528], [75.0215727, 32.0485872], [75.0123645, 32.0357454], [75.0027653, 32.04361], [74.9715943, 32.0426171], [74.9780578, 32.0479955], [74.973906, 32.0534777], [74.9279579, 32.0664598], [74.9047683, 32.050221], [74.8795117, 32.0537549], [74.8689209, 32.0416098], [74.879978, 32.0320398], [74.8689722, 32.0220348], [74.8655667, 32.030439], [74.8656223, 32.02322], [74.8483532, 32.020475], [74.8531979, 32.0135603], [74.8288729, 31.9986167], [74.8313608, 31.9808502], [74.8191001, 31.9587495], [74.8061605, 31.9628495], [74.7684232, 31.9476731], [74.7555934, 31.9557542], [74.7565652, 31.9438075], [74.720165, 31.9414279], [74.71405, 31.9323073], [74.719239, 31.9236897], [74.6667053, 31.9227345], [74.6576354, 31.901882], [74.6361376, 31.884241], [74.6078621, 31.890386], [74.6066341, 31.8685278], [74.5972078, 31.8673819], [74.5907741, 31.849166], [74.5833175, 31.8518753], [74.5721274, 31.8388212], [74.5730744, 31.815997], [74.5579058, 31.8047697], [74.5671192, 31.7963998], [74.5556146, 31.7913521], [74.5514052, 31.7789749], [74.5594069, 31.7578798], [74.5037038, 31.7404776], [74.5028554, 31.7290839], [74.4865965, 31.7149989], [74.4993239, 31.7094609], [74.5019028, 31.6957886], [74.5349607, 31.6775987], [74.5286956, 31.6666067], [74.5402446, 31.6600832], [74.5553166, 31.6078404], [74.575302, 31.6037856], [74.5922797, 31.5741111], [74.6156004, 31.5689831], [74.6067947, 31.562961], [74.6186504, 31.5516195], [74.6128983, 31.5273405], [74.5843319, 31.5209222], [74.5800261, 31.5072588], [74.5871294, 31.5040139], [74.5752129, 31.501166], [74.6097676, 31.4998702], [74.6224305, 31.4821672], [74.6251846, 31.4859633], [74.6364789, 31.4847625], [74.6275464, 31.4769018], [74.6361, 31.4775927], [74.6521379, 31.4573012], [74.6385951, 31.4443781], [74.6546103, 31.4260082], [74.6432214, 31.4160438], [74.6224322, 31.4301224], [74.6192566, 31.420017], [74.60246, 31.4205095], [74.5834712, 31.3790342], [74.5516531, 31.3643521], [74.5488621, 31.3348252], [74.537374, 31.3307358], [74.5348267, 31.3134663], [74.5263345, 31.3119728], [74.5420266, 31.3037746], [74.5206028, 31.2689222], [74.5327308, 31.2496909], [74.5170074, 31.2279195], [74.5259633, 31.2117666], [74.5195203, 31.1838514], [74.5107579, 31.1811582], [74.5103633, 31.131901], [74.5483551, 31.1219274], [74.5514966, 31.0863852], [74.5712687, 31.0814218], [74.5890937, 31.0924813], [74.6008097, 31.0879976], [74.6106674, 31.099296], [74.6100383, 31.1117271], [74.5964933, 31.1275846], [74.6030505, 31.1336009], [74.6308772, 31.1327103], [74.6362318, 31.118259], [74.6589684, 31.1339712], [74.6669544, 31.1243173], [74.6890174, 31.1279538], [74.7023188, 31.0923538], [74.6906391, 31.0814942], [74.6959305, 31.0741597], [74.6711613, 31.0536274], [74.5967998, 31.0376626], [74.5900868, 31.0499549], [74.5682338, 31.054689], [74.5424778, 31.0173685], [74.5461596, 30.9924164], [74.5161528, 30.9794718], [74.5034703, 30.9647921], [74.4796861, 30.9742839], [74.4572599, 30.9646395], [74.466408, 30.9568686], [74.4420627, 30.9517331], [74.439544, 30.9421894], [74.4164049, 30.9403346], [74.4138654, 30.9296487], [74.4287468, 30.9312255], [74.4235304, 30.9207274], [74.4103354, 30.9234894], [74.4244154, 30.9160291], [74.422718, 30.9077787], [74.3972905, 30.9093881], [74.3829401, 30.8955141], [74.3659054, 30.8929325], [74.3607659, 30.8737038], [74.382089, 30.860434], [74.3645244, 30.8573809], [74.3633564, 30.8472517], [74.3481479, 30.8549058], [74.3203852, 30.8466265], [74.3198281, 30.8274037], [74.2948756, 30.794507], [74.3068171, 30.789197], [74.3019672, 30.7793688], [74.2601737, 30.7730951], [74.2864602, 30.7356959], [74.2684393, 30.7344005], [74.2609019, 30.7231073], [74.2326579, 30.7245564], [74.2192373, 30.6936068], [74.1933216, 30.6651743], [74.1478201, 30.6310606], [74.1377004, 30.6274817], [74.1273619, 30.6347964], [74.1180656, 30.6079064], [74.1051135, 30.6192705], [74.096037, 30.6116072], [74.1022698, 30.6096256], [74.0953075, 30.60121], [74.1021284, 30.5792319], [74.0734204, 30.5546769], [74.0909479, 30.5494215], [74.0722799, 30.5229097], [74.0573065, 30.5186897], [74.050011, 30.53716], [74.0392204, 30.5426174], [74.0310101, 30.5269269], [74.0120268, 30.5335925], [74.0110822, 30.5211003], [74.019989, 30.5141703], [73.9926886, 30.5142637], [73.9819912, 30.5040185], [73.963658, 30.4848522], [73.969709, 30.4752782], [73.9641297, 30.4564761], [73.9468845, 30.4638978], [73.9477184, 30.4838956], [73.9344539, 30.4902771], [73.9277496, 30.4659009], [73.9372981, 30.4450693], [73.9262587, 30.4389303], [73.973788, 30.4438244], [73.9646981, 30.4245641], [73.879776, 30.359722], [73.9028533, 30.3488647], [73.9308671, 30.3200685], [73.9597743, 30.2701777], [73.9743318, 30.1891124], [73.9681426, 30.144843], [73.9756484, 30.1209909], [73.9040532, 30.0501223], [73.886536, 30.0124181], [73.8951214, 29.9740779], [74.5271591, 29.9429394], [74.5315655, 29.9496724], [74.5590314, 29.9272804], [74.6417615, 29.9045396], [74.6543578, 29.9057372], [74.6467537, 29.9112777], [74.6516869, 29.9265992], [74.682145, 29.9434858], [74.7068721, 29.976986], [74.7068305, 29.9705404], [74.7309881, 29.9614569], [74.7612786, 29.9733147], [74.7784541, 29.971673], [74.8129807, 29.9923472], [74.8243267, 29.9857667], [74.8210599, 29.971025], [74.8384822, 29.9711482], [74.8554153, 29.9564925], [74.8757875, 29.9576124], [74.8879615, 29.966723], [74.9029756, 29.9534822], [74.8972023, 29.93969], [74.9267073, 29.9504889], [74.9480203, 29.907227], [74.9788583, 29.894306], [74.9909925, 29.8678232], [75.0225468, 29.8662533], [75.046987, 29.8850726], [75.0699933, 29.8770484], [75.0888035, 29.9171882], [75.1093015, 29.9040914], [75.1147364, 29.8786505], [75.089756, 29.8586258], [75.1188906, 29.831948], [75.1015423, 29.8215479], [75.1007616, 29.8067793], [75.1351135, 29.8072856], [75.1405523, 29.7855841], [75.1551216, 29.7767505], [75.1669239, 29.7851699], [75.1590968, 29.8013251], [75.164075, 29.8240932], [75.1914888, 29.841235], [75.2106833, 29.8324021], [75.2085384, 29.7926694], [75.2263089, 29.7891338], [75.2247518, 29.7798904], [75.2416113, 29.7546361], [75.2263523, 29.7288722], [75.2103396, 29.7388071], [75.2006443, 29.7264808], [75.1977954, 29.7032478], [75.2077966, 29.7012121], [75.2068038, 29.6875137], [75.1675658, 29.6701795], [75.1746606, 29.6555983], [75.1876259, 29.6517947], [75.1830731, 29.6283995], [75.2353823, 29.6030651], [75.2217285, 29.5802828], [75.2384141, 29.5588568], [75.2353672, 29.5420701], [75.2732715, 29.5499861], [75.2811698, 29.5614583], [75.3094755, 29.5608347], [75.3113003, 29.5801418], [75.3199402, 29.5874124], [75.2896959, 29.6078079], [75.2957375, 29.6250338], [75.316592, 29.6306153], [75.3337679, 29.6734738], [75.3601691, 29.6625993], [75.3457294, 29.6960034], [75.3708173, 29.704464], [75.3750593, 29.7139636], [75.3921424, 29.713164], [75.3881866, 29.7298812], [75.4047842, 29.7389945], [75.406316, 29.7612491], [75.4214234, 29.7750834], [75.4274757, 29.7708501], [75.4539769, 29.7820007], [75.4528756, 29.8018437], [75.4595417, 29.8075139], [75.5027654, 29.7778803], [75.5186035, 29.7758156], [75.523039, 29.758403], [75.5379611, 29.7733332], [75.5621243, 29.770223], [75.5799752, 29.7390919], [75.6052692, 29.7519471], [75.616758, 29.7440832], [75.6274519, 29.7483603], [75.6424632, 29.7750914], [75.6771746, 29.7765788], [75.6913603, 29.7559248], [75.7064467, 29.7531964], [75.7206756, 29.8135434], [75.7561747, 29.8049955], [75.7788323, 29.8223436], [75.8056504, 29.8047237], [75.8377552, 29.813018], [75.8370121, 29.794249], [75.8514143, 29.7726959], [75.866745, 29.7665316], [75.8702502, 29.7493027], [75.8988399, 29.7462411], [75.9063117, 29.7533315], [75.9386924, 29.730664], [75.9844116, 29.7271084], [75.9949024, 29.7392608], [76.0167744, 29.742996], [76.0261051, 29.7561527], [76.0438473, 29.7426771], [76.0568182, 29.7653516], [76.0826487, 29.7811587], [76.0849957, 29.8007287], [76.0980828, 29.810605], [76.1200098, 29.8008662], [76.1239504, 29.7909116], [76.1454877, 29.8190797], [76.1737398, 29.8179065], [76.1848718, 29.8227205], [76.1978174, 29.8447618], [76.2205515, 29.8378437], [76.2272463, 29.8517669], [76.2438162, 29.8524081], [76.2467573, 29.8759511], [76.2108361, 29.8913076], [76.1934554, 29.885622], [76.1856563, 29.8924411], [76.1878063, 29.9206265], [76.1719724, 29.9262724], [76.1837556, 29.9483009], [76.2101758, 29.9396132], [76.2127383, 29.9470914], [76.1980884, 29.9682593], [76.20573, 29.9743022], [76.202413, 29.9893177], [76.2107377, 29.9881543], [76.2092554, 30.0040578], [76.2319944, 30.0152075], [76.213171, 30.022096], [76.2139623, 30.0317213], [76.2224077, 30.0366872], [76.2262305, 30.0586645], [76.2653034, 30.0987823], [76.2517307, 30.1075026], [76.2421108, 30.1005105], [76.2167658, 30.1100103], [76.2170887, 30.122807], [76.1963781, 30.1234531], [76.202437, 30.1360486], [76.2159273, 30.1237427], [76.2242828, 30.1270759], [76.2077278, 30.1442655], [76.20767, 30.1569935], [76.2343819, 30.1449289], [76.2536883, 30.1215739], [76.2853391, 30.1061764], [76.2966029, 30.1144032], [76.3217633, 30.0950592], [76.3441515, 30.1008235], [76.3602316, 30.1201661], [76.3335078, 30.1381663], [76.3504903, 30.1468309], [76.3669452, 30.1241794], [76.362203, 30.1201186], [76.4000649, 30.1166705], [76.3911078, 30.1348029], [76.4100945, 30.1450355], [76.3871812, 30.1705939], [76.4065662, 30.190389], [76.4227375, 30.1922382], [76.4405821, 30.1658407], [76.4285913, 30.1505471], [76.4397667, 30.1436667], [76.4405284, 30.1314232], [76.4599624, 30.1294445], [76.4625486, 30.1010204], [76.4988871, 30.0940579], [76.5102249, 30.0827253], [76.5082976, 30.0703769], [76.5437594, 30.0742736], [76.560546, 30.0933767], [76.5989452, 30.1120892], [76.6234729, 30.1400763], [76.6437439, 30.1502113], [76.6073086, 30.1917767], [76.6141909, 30.2044333], [76.6456047, 30.1880653], [76.6355013, 30.184542], [76.6354332, 30.169975], [76.6571279, 30.1871215], [76.6506422, 30.193144], [76.6542599, 30.2034658], [76.6155349, 30.2116783], [76.6275063, 30.2271863], [76.6029337, 30.2413348], [76.6061003, 30.2483519], [76.596333, 30.2552072], [76.560752, 30.2289199], [76.5456734, 30.2255471], [76.560046, 30.2451851], [76.55668, 30.262438], [76.5751426, 30.2618773], [76.5838178, 30.2702207], [76.5929227, 30.2617401], [76.614414, 30.2725047], [76.6234309, 30.2645521], [76.6352274, 30.2891235], [76.6392597, 30.2846052], [76.6654272, 30.3059027], [76.6807876, 30.3031312], [76.6885942, 30.3272714], [76.6956305, 30.3215744], [76.7000519, 30.328051], [76.7110226, 30.3257965], [76.7326208, 30.348324], [76.7460917, 30.3495337], [76.7511252, 30.3553044], [76.745414, 30.3678295], [76.719912, 30.363329], [76.7312401, 30.379662], [76.7194915, 30.3787672], [76.7132495, 30.390719], [76.7145531, 30.4024384], [76.7282244, 30.4003616], [76.7377246, 30.408095], [76.7410473, 30.4262179], [76.7655628, 30.4324932], [76.7734617, 30.4434055], [76.7848712, 30.4353518], [76.7743261, 30.4263975], [76.7870368, 30.4162106], [76.8216384, 30.4127073], [76.8467896, 30.4380788], [76.8561269, 30.4176464], [76.8833646, 30.4086454], [76.8808413, 30.3938145], [76.8979627, 30.3820966], [76.8903989, 30.3695529], [76.8982616, 30.3588187], [76.9168637, 30.3649077], [76.9386791, 30.3860944], [76.9414615, 30.3953523], [76.9336997, 30.401243], [76.9127157, 30.4008841], [76.9193616, 30.4074094], [76.9164899, 30.4262327], [76.9063759, 30.4335711], [76.9122898, 30.4429078], [76.9050479, 30.4340704], [76.8975523, 30.4371029], [76.9138145, 30.4676705], [76.8989596, 30.4887923], [76.9109358, 30.4942148], [76.9189285, 30.489441], [76.9311708, 30.5003552], [76.9320179, 30.5221881], [76.9151629, 30.5264425], [76.8864989, 30.5498295], [76.9049392, 30.5429528], [76.9161612, 30.5536634], [76.908973, 30.5646947], [76.9197993, 30.5851575], [76.9096551, 30.5918789], [76.9202192, 30.5932345], [76.9260114, 30.6100638], [76.9135167, 30.6114075], [76.9100775, 30.6261493], [76.8955532, 30.6289194], [76.8851205, 30.6452825], [76.8712192, 30.6421229], [76.8764472, 30.6805056], [76.8498604, 30.6568405], [76.8457905, 30.6686352], [76.8325678, 30.6631164], [76.827447, 30.6821336], [76.8074635, 30.6669955], [76.7899482, 30.6755965], [76.7768733, 30.6703495], [76.7643115, 30.6863627], [76.7393191, 30.6928556], [76.7391047, 30.7057499], [76.7300294, 30.7068265], [76.7310969, 30.7235577], [76.7051834, 30.7429199], [76.7107592, 30.7609764], [76.7437505, 30.7698505], [76.7517115, 30.7842366], [76.771508, 30.7952086], [76.7827823, 30.7891736], [76.7834769, 30.7705676], [76.8135152, 30.7801673], [76.8195676, 30.773653], [76.8053722, 30.7649736], [76.8156055, 30.752707], [76.8263523, 30.7633008], [76.8374536, 30.7541492], [76.8569871, 30.7947476], [76.8453282, 30.807193], [76.8466999, 30.8339056], [76.8139982, 30.8429866], [76.8146719, 30.8524441], [76.7841304, 30.8782638], [76.7663256, 30.921067], [76.7394263, 30.9337869], [76.7371421, 30.9496071], [76.7081209, 30.9704841], [76.6738564, 30.9687095], [76.6644063, 30.9817547], [76.6250108, 30.9986388], [76.6290473, 31.0236201], [76.6167721, 31.0304805], [76.6109652, 31.0458281], [76.622951, 31.054569], [76.6165787, 31.0777111], [76.6385848, 31.1079979], [76.6362281, 31.1164915], [76.6020025, 31.1235432], [76.6123015, 31.1480316], [76.6023347, 31.1529722], [76.6071537, 31.1742456], [76.5968187, 31.1779894], [76.6454186, 31.2090588], [76.6345614, 31.2178027], [76.6416653, 31.2230206], [76.6274233, 31.2259839], [76.5925676, 31.2112641], [76.5885354, 31.2229465], [76.6119027, 31.249119], [76.5881187, 31.2737442], [76.560021, 31.2527612], [76.5492103, 31.2527542], [76.5436805, 31.2584624], [76.5513025, 31.2787495], [76.5429261, 31.2824338], [76.5393431, 31.2610455], [76.5238008, 31.2581375], [76.5274328, 31.2771687], [76.4975724, 31.2698608], [76.4967236, 31.2853396], [76.4791258, 31.308668], [76.4593654, 31.2862273], [76.4399931, 31.2787158], [76.4403705, 31.2878866], [76.4634913, 31.3019527], [76.4320577, 31.3271904], [76.4240894, 31.3493117], [76.3927126, 31.3890627], [76.4032609, 31.3966849], [76.3875476, 31.4094423], [76.37475, 31.4381919], [76.3672611, 31.4043716], [76.3310859, 31.4016265], [76.3297576, 31.3790462], [76.3416071, 31.3787779], [76.3422793, 31.3549558], [76.3535382, 31.3478646], [76.3439095, 31.3402042], [76.337499, 31.339826], [76.3356044, 31.3494943], [76.3076537, 31.3423526], [76.3223781, 31.3216111], [76.2755533, 31.3004048], [76.2693384, 31.3119223], [76.2139727, 31.2993937], [76.1798246, 31.3065332], [76.1788237, 31.3404726], [76.1592189, 31.3436997], [76.1468894, 31.3589811], [76.1472822, 31.3803003], [76.1685668, 31.3962469], [76.1683067, 31.4104444], [76.1331301, 31.451894], [76.1306941, 31.4710357], [76.1170484, 31.483011], [76.1206939, 31.4976641], [76.1064438, 31.5100385], [76.0984345, 31.5373076], [76.0562868, 31.5853269], [76.0558521, 31.6054991], [76.0378846, 31.6095245], [76.0179351, 31.6331341], [76.0196485, 31.6488581], [76.0096559, 31.6533528], [75.960222, 31.7811286], [75.9366805, 31.8154118], [75.9475038, 31.8130103], [75.9673702, 31.8238081], [75.978565, 31.8130043], [75.986492, 31.8179217], [75.9712251, 31.8284632], [75.9104075, 31.9501123], [75.8510621, 31.9820084], [75.7996567, 31.9937529], [75.7797874, 32.0046513], [75.7508369, 32.0376824], [75.7238612, 32.0325898], [75.7033175, 32.0551468], [75.6629048, 32.0757331], [75.5948241, 32.0694694], [75.6001576, 32.0924377], [75.6198113, 32.0974265], [75.6256976, 32.1187415], [75.660021, 32.1366546], [75.6726815, 32.1592213], [75.663463, 32.1621826], [75.66702, 32.1783853], [75.6566928, 32.1828937], [75.66192, 32.1928803], [75.6237662, 32.1900413], [75.6263033, 32.2160176], [75.6373165, 32.222725], [75.6356112, 32.2316715], [75.618461, 32.2375739], [75.6408711, 32.2522216], [75.6580888, 32.2511271], [75.7723174, 32.2893585], [75.7817165, 32.310114], [75.8015659, 32.3283581], [75.814829, 32.3301832], [75.8075143, 32.3407148], [75.8112063, 32.3484864], [75.8438109, 32.3553083], [75.8524067, 32.3794913], [75.8736012, 32.3956827], [75.9200344, 32.3968103], [75.9236333, 32.3912273], [75.9379892, 32.3975369], [75.9215858, 32.4102255], [75.920181, 32.4300871], [75.9055462, 32.4376619], [75.9027721, 32.4523268], [75.8567001, 32.4845003]]]}}, {"type": "Feature", "properties": {"state_name": "Chandigarh", "stname": "CHANDIGARH", "state_lgd": 4, "id": 6}, "geometry": {"type": "Polygon", "coordinates": [[[76.7723345, 30.7941403], [76.7517115, 30.7842366], [76.7429896, 30.7694225], [76.7107592, 30.7609764], [76.7051834, 30.7429199], [76.7310969, 30.7235577], [76.7300294, 30.7068265], [76.7391047, 30.7057499], [76.7393191, 30.6928556], [76.7643115, 30.6863627], [76.7768733, 30.6703495], [76.7899482, 30.6755965], [76.8074635, 30.6669955], [76.8318882, 30.6832302], [76.8251561, 30.6882462], [76.8472323, 30.7122828], [76.8482237, 30.7302963], [76.8315008, 30.7395112], [76.8357976, 30.7558084], [76.8263523, 30.7633008], [76.8156055, 30.752707], [76.8053722, 30.7649736], [76.8186459, 30.7779056], [76.7834769, 30.7705676], [76.7827823, 30.7891736], [76.7723345, 30.7941403]]]}}, {"type": "Feature", "properties": {"state_name": "Himachal Pradesh", "stname": "HIMACHAL PRADESH", "state_lgd": 2, "id": 13}, "geometry": {"type": "MultiPolygon", "coordinates": [[[[76.8025788, 33.2538518], [76.7717399, 33.2510239], [76.7794134, 33.2381151], [76.7758389, 33.2204897], [76.7468201, 33.1784145], [76.7093215, 33.1806998], [76.6394077, 33.161658], [76.6125736, 33.1733798], [76.6110651, 33.1873418], [76.5986252, 33.1902747], [76.5958911, 33.2059088], [76.5616472, 33.2095389], [76.5471928, 33.1985532], [76.5093062, 33.1958415], [76.4806443, 33.1788748], [76.4038968, 33.1857873], [76.3684645, 33.1534573], [76.285946, 33.1023877], [76.2828175, 33.0768412], [76.2904054, 33.0598456], [76.2763184, 33.0510531], [76.2729136, 33.037052], [76.2553507, 33.0340473], [76.2427715, 33.0208198], [76.1800941, 33.0205434], [76.1603361, 33.0066288], [76.1072038, 33.0060558], [76.1062875, 32.9868782], [76.0830158, 32.9552461], [76.0388261, 32.9357518], [76.0271875, 32.9157078], [75.9501092, 32.8728328], [75.9188606, 32.9057642], [75.8451884, 32.9284598], [75.8326382, 32.9240289], [75.8125919, 32.8931107], [75.7962528, 32.8842559], [75.8186236, 32.852731], [75.8526582, 32.8343829], [75.8650394, 32.8133837], [75.8790863, 32.8112108], [75.8858203, 32.7822476], [75.9229515, 32.7436787], [75.8973757, 32.6975368], [75.8988344, 32.6731938], [75.8858335, 32.652176], [75.8931139, 32.6486142], [75.9062551, 32.6581421], [75.9150287, 32.6435962], [75.9332295, 32.6471056], [75.9308725, 32.6317625], [75.9186275, 32.6331076], [75.9163556, 32.6144279], [75.8976908, 32.5906594], [75.8789496, 32.5869753], [75.8777101, 32.5691451], [75.8661374, 32.5624591], [75.8730944, 32.5493733], [75.8548985, 32.5369001], [75.8538283, 32.5276993], [75.8382597, 32.5223153], [75.8388217, 32.5136966], [75.8303296, 32.5132431], [75.8807891, 32.4641729], [75.9027721, 32.4523268], [75.9055462, 32.4376619], [75.920181, 32.4300871], [75.9215858, 32.4102255], [75.9379892, 32.3975369], [75.9236333, 32.3912273], [75.9200344, 32.3968103], [75.8736012, 32.3956827], [75.8524067, 32.3794913], [75.8438109, 32.3553083], [75.8112063, 32.3484864], [75.8075143, 32.3407148], [75.814829, 32.3301832], [75.8015659, 32.3283581], [75.7817165, 32.310114], [75.7723174, 32.2893585], [75.6580888, 32.2511271], [75.6408711, 32.2522216], [75.618461, 32.2375739], [75.6356112, 32.2316715], [75.6373165, 32.222725], [75.6263033, 32.2160176], [75.6237662, 32.1900413], [75.66192, 32.1928803], [75.6566928, 32.1828937], [75.66702, 32.1783853], [75.663463, 32.1621826], [75.6726815, 32.1592213], [75.660021, 32.1366546], [75.6256976, 32.1187415], [75.6198113, 32.0974265], [75.6001576, 32.0924377], [75.5948241, 32.0694694], [75.6629048, 32.0757331], [75.7033175, 32.0551468], [75.7238612, 32.0325898], [75.7508369, 32.0376824], [75.7797874, 32.0046513], [75.7996567, 31.9937529], [75.8510621, 31.9820084], [75.9104075, 31.9501123], [75.9712251, 31.8284632], [75.986492, 31.8179217], [75.978565, 31.8130043], [75.9673702, 31.8238081], [75.9475038, 31.8130103], [75.9366805, 31.8154118], [75.960222, 31.7811286], [76.0096559, 31.6533528], [76.0196485, 31.6488581], [76.0179351, 31.6331341], [76.0378846, 31.6095245], [76.0558521, 31.6054991], [76.0562868, 31.5853269], [76.0984345, 31.5373076], [76.1064438, 31.5100385], [76.1206939, 31.4976641], [76.1170484, 31.483011], [76.1306941, 31.4710357], [76.1331301, 31.451894], [76.1683067, 31.4104444], [76.1685668, 31.3962469], [76.1472822, 31.3803003], [76.1468894, 31.3589811], [76.1592189, 31.3436997], [76.1788237, 31.3404726], [76.1798246, 31.3065332], [76.2139727, 31.2993937], [76.2693384, 31.3119223], [76.2755533, 31.3004048], [76.3223781, 31.3216111], [76.3076537, 31.3423526], [76.3356044, 31.3494943], [76.337499, 31.339826], [76.3439095, 31.3402042], [76.3535382, 31.3478646], [76.3422793, 31.3549558], [76.3416071, 31.3787779], [76.3297576, 31.3790462], [76.3310859, 31.4016265], [76.3672611, 31.4043716], [76.3762113, 31.4374825], [76.3875476, 31.4094423], [76.3970787, 31.4079162], [76.4035655, 31.3958298], [76.3927126, 31.3890627], [76.4240894, 31.3493117], [76.4320577, 31.3271904], [76.4634913, 31.3019527], [76.4403705, 31.2878866], [76.4399931, 31.2787158], [76.4593654, 31.2862273], [76.4791258, 31.308668], [76.4967236, 31.2853396], [76.4975724, 31.2698608], [76.5274328, 31.2771687], [76.5238008, 31.2581375], [76.5393431, 31.2610455], [76.5429261, 31.2824338], [76.5513025, 31.2787495], [76.5436805, 31.2584624], [76.5492103, 31.2527542], [76.560021, 31.2527612], [76.5881187, 31.2737442], [76.6119027, 31.249119], [76.5885354, 31.2229465], [76.5925676, 31.2112641], [76.6274233, 31.2259839], [76.6416653, 31.2230206], [76.6345614, 31.2178027], [76.6454186, 31.2090588], [76.5968187, 31.1779894], [76.6071537, 31.1742456], [76.6023347, 31.1529722], [76.6123015, 31.1480316], [76.6020025, 31.1235432], [76.6362281, 31.1164915], [76.6385848, 31.1079979], [76.6165787, 31.0777111], [76.622951, 31.054569], [76.6109652, 31.0458281], [76.6167721, 31.0304805], [76.6290473, 31.0236201], [76.6250108, 30.9986388], [76.6644063, 30.9817547], [76.6738564, 30.9687095], [76.7084959, 30.9702858], [76.7371421, 30.9496071], [76.7394263, 30.9337869], [76.7663256, 30.921067], [76.7718699, 30.9068383], [76.8231103, 30.9281823], [76.8410407, 30.8916582], [76.8695789, 30.8731223], [76.9168721, 30.9007655], [76.917954, 30.8875782], [76.9256553, 30.8848063], [76.9283937, 30.8914528], [76.9364741, 30.8846392], [76.9265793, 30.8725661], [76.9363997, 30.8745732], [76.9438295, 30.8529444], [76.95123, 30.8505596], [76.9426387, 30.8174293], [76.9508032, 30.8138303], [76.9600743, 30.8273092], [76.9775758, 30.8123514], [77.0125207, 30.809186], [77.0185901, 30.7803031], [77.0012665, 30.7704364], [77.0186146, 30.7655372], [77.0175104, 30.74342], [77.027001, 30.7368662], [77.0456172, 30.7413265], [77.041622, 30.7501957], [77.0471863, 30.7529545], [77.068061, 30.7409396], [77.0935285, 30.7423325], [77.1140965, 30.7285682], [77.1137262, 30.7181907], [77.1243872, 30.721774], [77.1421918, 30.6994643], [77.1612066, 30.6909313], [77.1685302, 30.6695355], [77.1630429, 30.6508369], [77.176913, 30.6369743], [77.1737738, 30.600555], [77.1217311, 30.5629377], [77.1453589, 30.5364512], [77.1950364, 30.5225717], [77.2130384, 30.4963892], [77.2135055, 30.4684072], [77.2280864, 30.485449], [77.2653622, 30.4768259], [77.2742609, 30.4587478], [77.2910655, 30.4606119], [77.3139287, 30.4482188], [77.353583, 30.4607479], [77.3639767, 30.4343731], [77.3672271, 30.442219], [77.3875586, 30.4419988], [77.3913692, 30.4316684], [77.408314, 30.4287218], [77.3986419, 30.417419], [77.4095404, 30.4097903], [77.4174171, 30.4253842], [77.4359808, 30.4327806], [77.4590119, 30.458101], [77.4662021, 30.4500147], [77.4615623, 30.4346111], [77.4238309, 30.4101551], [77.4228908, 30.4040797], [77.4384917, 30.4040409], [77.4453176, 30.3959981], [77.4929423, 30.4116858], [77.4987099, 30.4058152], [77.502986, 30.4298326], [77.5197969, 30.4453909], [77.5467901, 30.3960074], [77.5801615, 30.3773361], [77.5847013, 30.385288], [77.5723157, 30.4104507], [77.5861892, 30.4215838], [77.622679, 30.4346632], [77.6450712, 30.4325503], [77.6523735, 30.4480506], [77.6902462, 30.4480206], [77.7209792, 30.4730048], [77.783072, 30.5005787], [77.817387, 30.5063261], [77.8268175, 30.5277522], [77.8178539, 30.5610243], [77.7941071, 30.5531968], [77.7740286, 30.5578418], [77.7566356, 30.585605], [77.7431547, 30.5931071], [77.746099, 30.6038938], [77.7716735, 30.596902], [77.7711107, 30.6163761], [77.7962578, 30.613647], [77.7812345, 30.6466689], [77.7925281, 30.6586867], [77.7474074, 30.6798507], [77.7558205, 30.7069248], [77.7331904, 30.7353352], [77.7050504, 30.7427476], [77.7037782, 30.7651608], [77.7213647, 30.7757927], [77.7483728, 30.8216348], [77.7612787, 30.8260657], [77.7440207, 30.8465938], [77.7571934, 30.8599833], [77.7582245, 30.8767978], [77.7734074, 30.8775404], [77.7792283, 30.8603695], [77.8056828, 30.8532137], [77.7988553, 30.8680444], [77.8013818, 30.8933236], [77.8152818, 30.9043817], [77.8132992, 30.9218684], [77.7627969, 30.9181809], [77.7639429, 30.930449], [77.7527409, 30.9338054], [77.7490068, 30.95348], [77.7723844, 30.9743482], [77.8139806, 30.9538318], [77.8375935, 30.9531714], [77.8143754, 30.9617839], [77.8318179, 30.9939934], [77.8250055, 31.0097987], [77.8075109, 31.0162132], [77.8114533, 31.0316326], [77.8298226, 31.0287594], [77.8113573, 31.0591006], [77.8243634, 31.0554463], [77.8380592, 31.0726491], [77.8512357, 31.0733665], [77.8638198, 31.1085058], [77.889135, 31.1194996], [77.9013114, 31.1518246], [77.9247933, 31.1504329], [77.9673235, 31.1733666], [77.98472, 31.1569536], [78.0008188, 31.1619519], [78.0303157, 31.1510226], [78.0297109, 31.1641068], [78.0426406, 31.178504], [78.065956, 31.1871666], [78.1036215, 31.1853802], [78.1602264, 31.2254775], [78.2124428, 31.2195692], [78.2203241, 31.2339423], [78.2469529, 31.2304071], [78.2495052, 31.2400429], [78.2604732, 31.2397509], [78.282867, 31.2662109], [78.3063275, 31.2598932], [78.3111582, 31.2831442], [78.3318667, 31.2776115], [78.3703158, 31.2863344], [78.3835408, 31.2824759], [78.3862975, 31.2714325], [78.3961722, 31.2753095], [78.4069518, 31.2421879], [78.4259101, 31.2442549], [78.4342515, 31.2545822], [78.4557114, 31.2410196], [78.4837524, 31.1989372], [78.5516232, 31.1999096], [78.5782414, 31.2252591], [78.6093429, 31.2292601], [78.6470399, 31.2147177], [78.6580064, 31.1850394], [78.6719021, 31.1968803], [78.7651768, 31.185756], [78.8099137, 31.1982846], [78.8173827, 31.1896091], [78.8107241, 31.1718711], [78.8248857, 31.163507], [78.831206, 31.1405958], [78.8854347, 31.0987225], [78.9087671, 31.0989999], [78.920569, 31.1107229], [78.9507307, 31.0979817], [78.972992, 31.1080812], [79.008917, 31.109924], [78.999597, 31.1346919], [78.9875819, 31.1432878], [78.9859087, 31.173832], [78.9575316, 31.1865943], [78.9438334, 31.2064842], [78.9477252, 31.2167748], [78.9260476, 31.2200699], [78.9120993, 31.2551544], [78.8987937, 31.2627221], [78.8924126, 31.2878934], [78.8546474, 31.3234577], [78.8638067, 31.3464145], [78.8587676, 31.3663739], [78.8362448, 31.3848938], [78.792006, 31.3955442], [78.8165858, 31.4192814], [78.8127783, 31.4497374], [78.7735738, 31.4739399], [78.766634, 31.4864221], [78.7342842, 31.484984], [78.7283866, 31.5147675], [78.7359532, 31.5285374], [78.8189137, 31.5722449], [78.8533415, 31.6074264], [78.8399424, 31.6281147], [78.8069923, 31.6471092], [78.7982195, 31.6818149], [78.7758141, 31.6769713], [78.7540192, 31.6856477], [78.7283917, 31.7417434], [78.7411904, 31.7576092], [78.7201577, 31.7645149], [78.7098536, 31.7866151], [78.7142991, 31.8074452], [78.7402075, 31.837456], [78.7527696, 31.8847386], [78.7501379, 31.9044822], [78.7781556, 31.9351553], [78.7885524, 31.9932316], [78.758105, 32.0009534], [78.7189052, 32.035724], [78.6566032, 32.1114839], [78.6176658, 32.115225], [78.6113932, 32.1424837], [78.5962324, 32.1577696], [78.6137578, 32.1753716], [78.6146913, 32.2088053], [78.5879524, 32.2361009], [78.5594784, 32.2486892], [78.4962807, 32.2374664], [78.4608399, 32.2417085], [78.4834114, 32.2813862], [78.4847878, 32.3491363], [78.5147895, 32.3750396], [78.5335055, 32.4154602], [78.495765, 32.4220204], [78.4655492, 32.4546618], [78.4612481, 32.503797], [78.428627, 32.5073617], [78.3995194, 32.5246048], [78.3651389, 32.4993992], [78.3665394, 32.4854356], [78.3497103, 32.477462], [78.3489745, 32.4643279], [78.32844, 32.4650117], [78.3344614, 32.4506624], [78.3291316, 32.4433654], [78.3114394, 32.446329], [78.2847297, 32.4685366], [78.2925153, 32.4989671], [78.3066955, 32.5115023], [78.313555, 32.5659126], [78.3785883, 32.5979434], [78.3907939, 32.6148815], [78.4096609, 32.623133], [78.3916125, 32.63343], [78.3814156, 32.6541303], [78.4007365, 32.6942004], [78.3853729, 32.7195636], [78.3880027, 32.7566913], [78.3570503, 32.7576963], [78.3128505, 32.739779], [78.3058517, 32.732476], [78.3147272, 32.7173903], [78.306015, 32.7071197], [78.29318, 32.7003356], [78.2605375, 32.7028984], [78.2459009, 32.6716029], [78.2189526, 32.6646287], [78.1757606, 32.6810111], [78.1423823, 32.6818274], [78.1471946, 32.6539633], [78.1270968, 32.6522295], [78.1104885, 32.66277], [78.0926006, 32.6478432], [78.0988567, 32.6303645], [78.087526, 32.6246537], [78.0747092, 32.6309435], [78.0608803, 32.626424], [78.0470167, 32.6453075], [78.0251609, 32.6272305], [78.0290329, 32.6235049], [78.0158887, 32.6196077], [77.9705567, 32.6463589], [77.9709071, 32.6549656], [77.9474402, 32.6608787], [77.9186196, 32.6905409], [77.9248514, 32.7172295], [77.9343879, 32.7258593], [77.9262963, 32.7348215], [77.934132, 32.7564999], [77.9257195, 32.7719966], [77.9036841, 32.7718831], [77.884191, 32.787548], [77.8879455, 32.7986863], [77.8691933, 32.8270266], [77.8390127, 32.8420147], [77.8261238, 32.8361938], [77.780964, 32.8657875], [77.7894661, 32.8906088], [77.8066725, 32.8955565], [77.810631, 32.9070261], [77.741012, 32.9690323], [77.7309528, 32.9745505], [77.7195697, 32.9686627], [77.7131495, 32.9824632], [77.6975004, 32.9793761], [77.6824919, 32.988802], [77.674131, 32.9611872], [77.6560113, 32.9588758], [77.6431579, 32.9465117], [77.6031094, 32.9429316], [77.5943623, 32.9259375], [77.563724, 32.9123019], [77.5384728, 32.8860839], [77.5125788, 32.8773621], [77.5014863, 32.8855797], [77.4692003, 32.8586774], [77.4520739, 32.8640949], [77.4448105, 32.879897], [77.4279826, 32.8756132], [77.4045035, 32.8827445], [77.3745866, 32.8549398], [77.3798848, 32.8445386], [77.3728672, 32.8232044], [77.3389629, 32.8167838], [77.3218995, 32.8515429], [77.3008613, 32.8498597], [77.2739892, 32.8738533], [77.2542719, 32.8639397], [77.2375908, 32.8801756], [77.2429925, 32.892163], [77.2029161, 32.9065452], [77.1879724, 32.9287444], [77.1704441, 32.9106686], [77.1557353, 32.9115838], [77.1638947, 32.9182314], [77.164539, 32.9364815], [77.1611293, 32.9526633], [77.1487296, 32.9561603], [77.1505168, 32.9781746], [77.1160209, 32.9846691], [77.1107638, 32.9751424], [77.0865243, 32.9724099], [77.0801649, 32.983007], [77.0473871, 32.9986218], [77.0094885, 32.9886561], [76.9923077, 33.0017881], [76.9713488, 33.0002823], [76.959662, 33.0153399], [76.9286886, 33.031655], [76.9051985, 33.0795192], [76.9092901, 33.093814], [76.8977117, 33.0986902], [76.8889199, 33.1172207], [76.8550672, 33.1143843], [76.8439696, 33.1377802], [76.8180003, 33.1570893], [76.817392, 33.1941379], [76.8344599, 33.2048471], [76.8256055, 33.2156908], [76.8446096, 33.2422728], [76.8307109, 33.2491888], [76.8200635, 33.2358403], [76.8025788, 33.2538518]]], [[[76.9242442, 30.8764545], [76.9217273, 30.8830851], [76.9174932, 30.886275], [76.9242442, 30.8764545]]]]}}, {"type": "Feature", "properties": {"state_name": "Ladakh", "stname": "LADAKH", "state_lgd": 37, "id": 17}, "geometry": {"type": "Polygon", "coordinates": [[[74.7263568, 37.0385], [74.7073905, 37.0872884], [74.690123, 37.0881406], [74.6337991, 37.0637031], [74.5681217, 37.05176], [74.5779061, 37.0457984], [74.5804183, 37.0210119], [74.5641013, 36.9578973], [74.5403338, 36.9633163], [74.5229575, 36.9951287], [74.4264243, 36.9956929], [74.4081819, 36.9815558], [74.3508032, 36.9600689], [74.3148213, 36.9273322], [74.2489708, 36.8936057], [74.1557503, 36.9105077], [74.133459, 36.8479035], [74.1163146, 36.8357279], [74.0855168, 36.8415073], [74.0465214, 36.8108218], [74.0083768, 36.8337739], [73.9819564, 36.8295767], [73.9614993, 36.8392667], [73.9149023, 36.8829826], [73.8930204, 36.8754605], [73.8592612, 36.8973186], [73.8204428, 36.903091], [73.8101686, 36.888581], [73.8007199, 36.8874959], [73.7941021, 36.9001576], [73.7735813, 36.8963], [73.7513225, 36.9096865], [73.7287251, 36.8979903], [73.697239, 36.9143067], [73.6710933, 36.9116983], [73.6670075, 36.8808807], [73.7061872, 36.8579533], [73.7055096, 36.8378116], [73.7490921, 36.8273677], [73.758836, 36.8161549], [73.7975733, 36.8181979], [73.8015131, 36.7942151], [73.8147903, 36.789015], [73.8369869, 36.7951338], [73.8679889, 36.7663169], [73.8822187, 36.7484697], [73.8852933, 36.7298969], [73.8736394, 36.7205932], [73.8786506, 36.7070905], [73.8717761, 36.7014005], [73.7955512, 36.7188417], [73.7747839, 36.7020896], [73.7098536, 36.7123333], [73.6831105, 36.6865678], [73.6380038, 36.6979454], [73.6215815, 36.6903401], [73.5927137, 36.6928438], [73.5793017, 36.7223807], [73.5543349, 36.7095625], [73.5498207, 36.716069], [73.5198978, 36.7102918], [73.5098383, 36.7219301], [73.4976329, 36.7131356], [73.4619719, 36.7350499], [73.4338821, 36.7309952], [73.4214422, 36.7429833], [73.3944209, 36.7300656], [73.3515758, 36.7350041], [73.3478318, 36.7163996], [73.3107916, 36.7143195], [73.2941198, 36.7042267], [73.2461164, 36.7053824], [73.2380143, 36.7115207], [73.2288049, 36.7014872], [73.2013962, 36.6955292], [73.1866905, 36.701186], [73.186557, 36.710302], [73.1706714, 36.7240308], [73.1625443, 36.707585], [73.1164408, 36.6841954], [73.0952208, 36.6833586], [73.0676457, 36.7006226], [73.0707123, 36.67983], [73.0804292, 36.6699797], [73.0741057, 36.6287839], [73.0971668, 36.6059943], [73.0795003, 36.5855967], [73.0780172, 36.569177], [73.0525016, 36.5486842], [73.0519453, 36.5329664], [72.9779132, 36.511525], [72.9827571, 36.5014878], [72.9747485, 36.494335], [72.9742297, 36.4753731], [72.9879178, 36.469269], [72.979359, 36.45732], [72.9460615, 36.466215], [72.9236099, 36.4535294], [72.9081495, 36.4609221], [72.8596694, 36.4355605], [72.8758331, 36.4169345], [72.8700896, 36.4074818], [72.8755444, 36.3945607], [72.8509652, 36.3723842], [72.8536663, 36.3663488], [72.8160819, 36.3564356], [72.8033474, 36.3308091], [72.7739014, 36.3159273], [72.7591777, 36.2985786], [72.7311367, 36.2982629], [72.7112349, 36.2762511], [72.6805605, 36.2710339], [72.6741656, 36.2622238], [72.6848339, 36.2438826], [72.6621954, 36.2581317], [72.6116827, 36.2694869], [72.5846575, 36.2568911], [72.5727374, 36.239128], [72.5739461, 36.2238036], [72.5473144, 36.2054065], [72.5505036, 36.1985377], [72.5359213, 36.173305], [72.5491329, 36.1646443], [72.5507198, 36.1500151], [72.5617049, 36.13989], [72.5276151, 36.1102232], [72.5166805, 36.0673349], [72.53574, 36.0472913], [72.5687593, 36.0446228], [72.5845951, 36.0250796], [72.5599638, 35.9869571], [72.5386727, 35.9851201], [72.5424111, 35.9695358], [72.5348863, 35.9506385], [72.5130773, 35.938673], [72.5184736, 35.9054827], [72.5430302, 35.89449], [72.5582354, 35.8976647], [72.5851009, 35.8593726], [72.6281396, 35.8578579], [72.6843838, 35.8225252], [72.7265791, 35.853052], [72.7614386, 35.8323039], [72.7842887, 35.8414544], [72.789141, 35.8577018], [72.8082078, 35.8590962], [72.8191577, 35.8817203], [72.839317, 35.8671284], [72.8911269, 35.8737374], [72.8924475, 35.8445409], [72.9184423, 35.8390573], [72.9870778, 35.8598106], [73.0288244, 35.8470581], [73.0580389, 35.862691], [73.0681504, 35.877703], [73.0838828, 35.8774626], [73.1486641, 35.8311834], [73.1372092, 35.8191869], [73.1265005, 35.7762268], [73.1264165, 35.7210158], [73.1329152, 35.7107773], [73.2126157, 35.6689177], [73.2686779, 35.6243861], [73.3634821, 35.5972237], [73.3981236, 35.5570828], [73.4773608, 35.5719017], [73.5015053, 35.5575694], [73.5279243, 35.5673019], [73.5615972, 35.5463887], [73.6283884, 35.5690452], [73.6588385, 35.5476286], [73.7212559, 35.5492195], [73.7296142, 35.5294925], [73.7785049, 35.5228943], [73.7920386, 35.4542197], [73.7270231, 35.4189887], [73.6939041, 35.3593942], [73.6948426, 35.3184058], [73.724975, 35.2730485], [73.7079841, 35.2224836], [73.7293935, 35.2096985], [73.7705084, 35.2360019], [73.8083279, 35.2394964], [73.8453743, 35.2246344], [73.8611892, 35.2071441], [73.8969681, 35.2116916], [73.9245491, 35.203897], [73.9568447, 35.168045], [73.9777027, 35.1806419], [74.0028281, 35.1836478], [74.004762, 35.1677257], [74.033814, 35.1468623], [74.0721337, 35.1531745], [74.095814, 35.1407405], [74.1122721, 35.1485271], [74.105861, 35.1257225], [74.1561056, 35.0908773], [74.2151429, 35.0937154], [74.2199321, 35.0753351], [74.2402233, 35.0791385], [74.2451341, 35.0521096], [74.2651731, 35.0408572], [74.2882263, 35.0476766], [74.2927058, 35.064517], [74.3052312, 35.0676274], [74.3819763, 35.0678197], [74.4387392, 35.1300675], [74.4994415, 35.1155863], [74.5397973, 35.0749767], [74.5307303, 35.0461762], [74.5850935, 35.0181216], [74.5850163, 34.9979363], [74.5705321, 34.9756307], [74.5770112, 34.9139191], [74.6042287, 34.9247992], [74.6464033, 34.9036429], [74.6625275, 34.9067711], [74.684152, 34.8788011], [74.7114521, 34.8809177], [74.7166861, 34.8664865], [74.7501702, 34.8449854], [74.7769364, 34.8407714], [74.7878462, 34.8524599], [74.798461, 34.8520681], [74.8232528, 34.8373632], [74.8396932, 34.8407427], [74.8610401, 34.8283259], [74.8721534, 34.8301871], [74.9185994, 34.7851106], [75.0163438, 34.8482512], [75.0640347, 34.847111], [75.0641178, 34.9052374], [75.0716443, 34.9192041], [75.1013018, 34.9190982], [75.1419703, 34.874951], [75.1442343, 34.8502838], [75.2232446, 34.8175237], [75.2562509, 34.7738866], [75.2509324, 34.74986], [75.2635695, 34.7445815], [75.2543036, 34.7216864], [75.2582664, 34.6975742], [75.2320678, 34.6908158], [75.2079087, 34.6654182], [75.2044585, 34.6535016], [75.2181793, 34.6516048], [75.2060253, 34.6437846], [75.2206186, 34.6338311], [75.2415036, 34.6377791], [75.2566407, 34.6215127], [75.2533673, 34.6041252], [75.2863717, 34.595432], [75.3198958, 34.5648429], [75.344164, 34.5630304], [75.3655677, 34.5380996], [75.3661195, 34.5214453], [75.3529311, 34.5175899], [75.3429166, 34.489435], [75.3532375, 34.4687937], [75.3275391, 34.4397684], [75.3351005, 34.4292689], [75.3723355, 34.412598], [75.3669749, 34.3910301], [75.3779524, 34.3851121], [75.3733802, 34.3714997], [75.3857082, 34.36614], [75.3805057, 34.3582974], [75.3857712, 34.3498862], [75.376016, 34.3419538], [75.3960502, 34.3167193], [75.3889155, 34.3054832], [75.4034978, 34.2846878], [75.4394915, 34.2794904], [75.4536155, 34.2859187], [75.4748548, 34.2775913], [75.4953585, 34.2323996], [75.529731, 34.2268341], [75.5553301, 34.2114085], [75.579934, 34.2139711], [75.5933634, 34.1976941], [75.6045987, 34.1951902], [75.6481195, 34.2120025], [75.6624212, 34.1991344], [75.6852873, 34.199558], [75.6907196, 34.195273], [75.6844773, 34.1667841], [75.667948, 34.1442894], [75.6857067, 34.1421632], [75.6873625, 34.11605], [75.7188032, 34.1032508], [75.7425444, 34.0732593], [75.7370327, 34.0589077], [75.7685238, 34.0549188], [75.7691905, 34.0412793], [75.7969402, 34.0304456], [75.8182652, 34.0075087], [75.8430615, 34.0047768], [75.8196252, 33.9722087], [75.8382388, 33.9549555], [75.8931951, 33.9690909], [75.9665416, 33.954516], [75.9781985, 33.9721904], [76.0179543, 33.975074], [76.0243576, 33.9821248], [76.0494745, 33.9338562], [76.033217, 33.9196279], [76.1229641, 33.8890496], [76.1366754, 33.8786], [76.1599784, 33.8369211], [76.1568697, 33.829989], [76.1659767, 33.8193478], [76.1613786, 33.8018501], [76.1847362, 33.8001549], [76.2125796, 33.761177], [76.2470849, 33.758533], [76.2652385, 33.7468789], [76.2711667, 33.7307459], [76.2632382, 33.7120854], [76.2662132, 33.6795321], [76.2846506, 33.6618443], [76.2704787, 33.6433102], [76.2293718, 33.6298252], [76.2403372, 33.6048459], [76.2242183, 33.600307], [76.2314043, 33.5869483], [76.2252204, 33.5772795], [76.2054422, 33.5692022], [76.2250298, 33.5475945], [76.2457437, 33.5455384], [76.2596466, 33.5650201], [76.3097803, 33.5714622], [76.2996006, 33.5982383], [76.3076776, 33.6096345], [76.3221802, 33.6022665], [76.3362371, 33.6105076], [76.3586511, 33.6036874], [76.3664643, 33.585751], [76.3807263, 33.5769515], [76.3747535, 33.5658846], [76.3799221, 33.552924], [76.4152031, 33.5390823], [76.4350799, 33.5416663], [76.4507155, 33.5624981], [76.4646709, 33.5452321], [76.4591631, 33.5338938], [76.5020548, 33.5159754], [76.507802, 33.4995692], [76.5229142, 33.4933816], [76.5496372, 33.4640532], [76.5694883, 33.4661734], [76.5818468, 33.4257859], [76.6164471, 33.4399167], [76.6289648, 33.434895], [76.6369788, 33.4155322], [76.6321186, 33.4091941], [76.6710208, 33.3418477], [76.6964734, 33.3278063], [76.7177463, 33.3289732], [76.7321076, 33.2993294], [76.7277297, 33.2834823], [76.7370509, 33.2610956], [76.7564761, 33.2484553], [76.799151, 33.2562425], [76.8200635, 33.2358403], [76.8307109, 33.2491888], [76.8431703, 33.2467355], [76.8256055, 33.2156908], [76.8344599, 33.2048471], [76.817392, 33.1941379], [76.8223842, 33.1850694], [76.8135431, 33.1772391], [76.8166957, 33.1603391], [76.8439696, 33.1377802], [76.8550672, 33.1143843], [76.8851006, 33.1213778], [76.8977117, 33.0986902], [76.9087065, 33.0945671], [76.9051985, 33.0795192], [76.9286886, 33.031655], [76.959662, 33.0153399], [76.9713488, 33.0002823], [76.9923077, 33.0017881], [77.0094885, 32.9886561], [77.0473871, 32.9986218], [77.0801649, 32.983007], [77.0865243, 32.9724099], [77.1107638, 32.9751424], [77.1160209, 32.9846691], [77.1505168, 32.9781746], [77.1487296, 32.9561603], [77.1611293, 32.9526633], [77.164539, 32.9364815], [77.1638947, 32.9182314], [77.1557353, 32.9115838], [77.1704441, 32.9106686], [77.1879724, 32.9287444], [77.2029161, 32.9065452], [77.2429925, 32.892163], [77.2375908, 32.8801756], [77.2542719, 32.8639397], [77.2739892, 32.8738533], [77.3008613, 32.8498597], [77.3218995, 32.8515429], [77.3385678, 32.8169099], [77.3728672, 32.8232044], [77.3798848, 32.8445386], [77.3745866, 32.8549398], [77.4045035, 32.8827445], [77.4279826, 32.8756132], [77.4448105, 32.879897], [77.4520739, 32.8640949], [77.4692003, 32.8586774], [77.5014863, 32.8855797], [77.5125788, 32.8773621], [77.5384728, 32.8860839], [77.563724, 32.9123019], [77.5943623, 32.9259375], [77.6031094, 32.9429316], [77.6431579, 32.9465117], [77.6560113, 32.9588758], [77.674131, 32.9611872], [77.6824919, 32.988802], [77.6975004, 32.9793761], [77.7131495, 32.9824632], [77.7195697, 32.9686627], [77.7309528, 32.9745505], [77.741012, 32.9690323], [77.810631, 32.9070261], [77.8066725, 32.8955565], [77.7894661, 32.8906088], [77.780964, 32.8657875], [77.8261238, 32.8361938], [77.8390127, 32.8420147], [77.8691933, 32.8270266], [77.8879455, 32.7986863], [77.884191, 32.787548], [77.9036841, 32.7718831], [77.9257195, 32.7719966], [77.934132, 32.7564999], [77.9262963, 32.7348215], [77.9343879, 32.7258593], [77.9248514, 32.7172295], [77.9186196, 32.6905409], [77.9474402, 32.6608787], [77.9709071, 32.6549656], [77.9705567, 32.6463589], [78.0158887, 32.6196077], [78.0290329, 32.6235049], [78.0251609, 32.6272305], [78.0470167, 32.6453075], [78.0608803, 32.626424], [78.0747092, 32.6309435], [78.087526, 32.6246537], [78.0988567, 32.6303645], [78.0926006, 32.6478432], [78.1104885, 32.66277], [78.1270968, 32.6522295], [78.1471946, 32.6539633], [78.1423823, 32.6818274], [78.1757606, 32.6810111], [78.2189526, 32.6646287], [78.2459009, 32.6716029], [78.2605375, 32.7028984], [78.29318, 32.7003356], [78.306015, 32.7071197], [78.3147272, 32.7173903], [78.3058517, 32.732476], [78.3128505, 32.739779], [78.3570503, 32.7576963], [78.3880027, 32.7566913], [78.3853729, 32.7195636], [78.4007365, 32.6942004], [78.3814156, 32.6541303], [78.3916125, 32.63343], [78.4096609, 32.623133], [78.3907939, 32.6148815], [78.3785883, 32.5979434], [78.3133582, 32.5655563], [78.3066955, 32.5115023], [78.2925153, 32.4989671], [78.2846922, 32.4688658], [78.3208257, 32.4440294], [78.3336596, 32.4481101], [78.32844, 32.4650117], [78.3489745, 32.4643279], [78.3497103, 32.477462], [78.3665394, 32.4854356], [78.3651389, 32.4993992], [78.3995194, 32.5246048], [78.4098745, 32.5240071], [78.4276629, 32.5633611], [78.4512828, 32.5775986], [78.5034152, 32.5870496], [78.5243076, 32.6081041], [78.5655138, 32.614846], [78.6052592, 32.5910902], [78.6483696, 32.6438577], [78.6802625, 32.6555546], [78.7087114, 32.6561337], [78.7405755, 32.6912275], [78.7506966, 32.692763], [78.7433398, 32.6549777], [78.7754552, 32.621014], [78.7823634, 32.5958105], [78.7591578, 32.5677893], [78.7748322, 32.505368], [78.8067018, 32.4442481], [78.8394037, 32.4336198], [78.8599444, 32.4102297], [78.9467068, 32.3612516], [78.971185, 32.3356936], [79.0035454, 32.374881], [79.0454084, 32.3874064], [79.0936798, 32.3771344], [79.1351653, 32.4322986], [79.1213624, 32.4581439], [79.125045, 32.4650227], [79.1820863, 32.4737573], [79.2302299, 32.5132911], [79.2597514, 32.5226542], [79.3052555, 32.5858233], [79.3249698, 32.5846461], [79.3394547, 32.5701249], [79.3729904, 32.5604824], [79.3845334, 32.5227977], [79.3966227, 32.517495], [79.4292901, 32.5235308], [79.4514956, 32.5587454], [79.4747249, 32.5740417], [79.5252573, 32.6306801], [79.5374873, 32.6595914], [79.5672413, 32.6700695], [79.5723431, 32.6876209], [79.609623, 32.7232282], [79.6118608, 32.7350361], [79.5881462, 32.7660595], [79.5570767, 32.7677182], [79.4460644, 32.9118108], [79.397604, 32.9618492], [79.3689532, 32.9662391], [79.3681711, 32.9825244], [79.3533768, 32.9838579], [79.3249031, 33.0122415], [79.3803226, 33.0276698], [79.3871452, 33.0420676], [79.3681563, 33.0834154], [79.373217, 33.1063798], [79.4430446, 33.2003608], [79.451773, 33.2350022], [79.4461126, 33.2577347], [79.355581, 33.2821105], [79.3001286, 33.2732669], [79.2236829, 33.2962846], [79.1076913, 33.289112], [79.0160406, 33.3283393], [78.9870345, 33.3308605], [78.9553725, 33.3816221], [78.927078, 33.454288], [78.92747, 33.4866635], [78.9437738, 33.5260691], [78.9232469, 33.5602461], [78.9062598, 33.5737095], [78.9145246, 33.6060063], [78.9028604, 33.6220112], [78.9094866, 33.6292437], [78.9642476, 33.6137258], [79.0308193, 33.6241656], [79.1001506, 33.616324], [79.0779958, 33.6860819], [79.0463187, 33.6738345], [79.0220046, 33.6861485], [79.0161061, 33.7022639], [79.0379804, 33.7453785], [79.0640986, 33.764715], [79.0604545, 33.7758347], [79.030352, 33.7880502], [79.0131859, 33.7829356], [78.9453388, 33.9262035], [78.9183171, 33.9639218], [78.9532093, 34.0131313], [79.0011489, 34.0336082], [79.0248278, 34.032765], [79.080351, 34.0099537], [79.1126509, 34.0089446], [79.1382305, 34.017516], [79.1480075, 34.0550694], [79.1729288, 34.0582915], [79.2059915, 34.0403895], [79.2320761, 34.0470988], [79.2829438, 34.0276067], [79.3736677, 34.0267541], [79.4155057, 33.999006], [79.43745, 34.0126477], [79.442877, 34.0211654], [79.4145292, 34.0417133], [79.4211131, 34.0759398], [79.4660332, 34.0941234], [79.4959542, 34.124449], [79.4936861, 34.1846807], [79.5131418, 34.2009378], [79.5400583, 34.1913073], [79.5921387, 34.2358201], [79.5969618, 34.2780039], [79.5685111, 34.3201967], [79.5613569, 34.3814668], [79.568937, 34.4005898], [79.5316288, 34.4087542], [79.5221548, 34.4636219], [79.5983928, 34.486759], [79.7444247, 34.4620639], [79.7914387, 34.4667536], [79.8161038, 34.4830934], [79.8210448, 34.5144555], [79.7697759, 34.5377778], [79.7688154, 34.5522725], [79.7943757, 34.5805406], [79.7754909, 34.6020824], [79.7766043, 34.6103838], [79.829364, 34.6355492], [79.8582386, 34.666503], [79.8751437, 34.6679436], [79.8782597, 34.674859], [79.921557, 34.6726513], [79.9446625, 34.6609009], [79.9737158, 34.6768077], [80.0653112, 34.6928577], [80.0749952, 34.8054179], [80.1272352, 34.8725493], [80.1868951, 35.0079986], [80.1850326, 35.1306283], [80.242657, 35.2080155], [80.2512073, 35.2480205], [80.2974755, 35.3528684], [80.2984847, 35.4169883], [80.3450836, 35.4611722], [80.3268258, 35.5289183], [80.3146284, 35.5360762], [80.311712, 35.5879561], [80.2130821, 35.6386573], [80.1288965, 35.6567328], [80.1005201, 35.7061614], [80.0775057, 35.7256924], [80.0426137, 35.8026904], [80.0156924, 35.8261636], [79.9676955, 35.8251812], [79.8989595, 35.7751086], [79.7510906, 35.796919], [79.6823055, 35.8324749], [79.6192507, 35.8453003], [79.536228, 35.8796386], [79.4401998, 35.8940834], [79.4302747, 35.9081362], [79.4103535, 35.9859773], [79.400932, 35.9927912], [79.3580311, 35.9917328], [79.2517009, 35.9847529], [79.2308988, 35.9721642], [79.2131312, 35.9545195], [79.204495, 35.9277024], [79.2127598, 35.8778656], [79.1646725, 35.8381862], [79.1424243, 35.8347611], [79.0322477, 35.8477172], [78.9823901, 35.8896597], [78.9692049, 35.890169], [78.9251211, 35.8675102], [78.8390709, 35.8561161], [78.7862203, 35.8688783], [78.6733111, 35.8542035], [78.6464306, 35.8210671], [78.6100327, 35.812055], [78.534164, 35.7625128], [78.4426716, 35.7836428], [78.4159431, 35.7630271], [78.4038637, 35.7358493], [78.3379554, 35.7189387], [78.2979278, 35.7280943], [78.2769503, 35.7183741], [78.2771896, 35.6770428], [78.2845071, 35.6644902], [78.2656115, 35.6474193], [78.2120489, 35.6659996], [78.1959249, 35.6349317], [78.1974375, 35.6228385], [78.1698251, 35.6249982], [78.1734131, 35.6055585], [78.1595994, 35.5814903], [78.1649121, 35.5517361], [78.1367658, 35.5365684], [78.1057535, 35.5533515], [78.0843517, 35.5520186], [78.0555614, 35.5817874], [78.0013971, 35.5823691], [77.9578085, 35.6048675], [77.9679356, 35.5717659], [77.9375158, 35.5172203], [77.9392658, 35.506909], [77.9852519, 35.448303], [77.9293159, 35.4903075], [77.9209947, 35.4879494], [77.9120772, 35.46109], [77.8861279, 35.4774349], [77.8625713, 35.476231], [77.8292408, 35.5050955], [77.7863185, 35.4879802], [77.7358659, 35.5210983], [77.7261567, 35.5128462], [77.7287718, 35.4773345], [77.6857535, 35.4721668], [77.6851586, 35.4668239], [77.67335, 35.4659076], [77.6530952, 35.4811801], [77.6286237, 35.4650385], [77.496135, 35.4777767], [77.4436637, 35.4594558], [77.3852391, 35.4738603], [77.3546801, 35.4958097], [77.345487, 35.519209], [77.3320443, 35.5303461], [77.3619715, 35.5431553], [77.3886584, 35.5394374], [77.4305218, 35.5136705], [77.473416, 35.5177347], [77.482764, 35.5296207], [77.4652222, 35.5500474], [77.4756083, 35.5714326], [77.4718808, 35.5842702], [77.4401263, 35.6021341], [77.4379359, 35.6561437], [77.4115565, 35.6562566], [77.4028077, 35.6634695], [77.4018271, 35.6814891], [77.3658668, 35.7151872], [77.335549, 35.7197539], [77.3210679, 35.7010481], [77.2990776, 35.7080022], [77.2874372, 35.7225905], [77.2763853, 35.708422], [77.2583449, 35.7043202], [77.2419194, 35.7084763], [77.2130134, 35.7332519], [77.1796797, 35.7302185], [77.1690334, 35.7405374], [77.1763557, 35.7681346], [77.1521902, 35.7686352], [77.1156599, 35.7981051], [77.0452164, 35.7772883], [77.001004, 35.7755601], [76.9824379, 35.7876032], [76.9356124, 35.7890224], [76.8873942, 35.8126439], [76.8611481, 35.8359526], [76.8074801, 35.8497456], [76.7829947, 35.9052003], [76.7321364, 35.9546361], [76.7876995, 36.0166718], [76.8104096, 36.0229167], [76.8136876, 36.0406288], [76.7837502, 36.0719279], [76.7200916, 36.0976953], [76.7111169, 36.1401267], [76.6559238, 36.1921842], [76.6446822, 36.1977054], [76.6169122, 36.1780198], [76.5940938, 36.1783209], [76.5653921, 36.1861725], [76.5492867, 36.2021602], [76.480981, 36.2197346], [76.4682516, 36.2402717], [76.436783, 36.2578295], [76.4485003, 36.2720117], [76.4374999, 36.3103534], [76.3539272, 36.3694472], [76.266502, 36.358843], [76.2007291, 36.3969997], [76.1639531, 36.4064516], [76.111718, 36.4596594], [76.0711539, 36.4842423], [75.945038, 36.5116058], [75.8907778, 36.5327728], [75.8524324, 36.5583412], [75.8070215, 36.5634237], [75.7444237, 36.6076976], [75.6628102, 36.7216625], [75.6127243, 36.7752702], [75.4632666, 36.8303133], [75.4498185, 36.8889291], [75.4296784, 36.9049706], [75.4069208, 36.9080334], [75.4248818, 36.9523556], [75.4184479, 36.9723959], [75.4036863, 36.9821657], [75.3688884, 36.9751576], [75.3544274, 36.9884829], [75.3413137, 37.0607632], [75.3207839, 37.0642811], [75.2109562, 37.0500168], [75.1969275, 37.0424307], [75.1529606, 36.9881648], [75.1091517, 36.961899], [75.0912503, 36.9610682], [75.0370827, 36.9889933], [75.0156714, 36.9907229], [74.9540179, 36.9546189], [74.9155791, 36.9202595], [74.8347859, 37.0052643], [74.8389018, 37.0358435], [74.7690548, 37.0412219], [74.749424, 37.0193869], [74.7263568, 37.0385]]]}}, {"type": "Feature", "properties": {"state_name": "Uttarakhand", "stname": "UTTARAKHAND", "state_lgd": 5, "id": 32}, "geometry": {"type": "Polygon", "coordinates": [[[79.1435666, 31.4254665], [79.0679339, 31.4615262], [79.0590766, 31.4588915], [79.0515111, 31.4197917], [79.0237366, 31.396366], [79.0108324, 31.357083], [78.9669805, 31.3368936], [78.9475914, 31.3195151], [78.9370696, 31.2606166], [78.9326927, 31.2529416], [78.9120993, 31.2551544], [78.9260476, 31.2200699], [78.9477252, 31.2167748], [78.9438334, 31.2064842], [78.9575316, 31.1865943], [78.9859087, 31.173832], [78.9875819, 31.1432878], [78.999597, 31.1346919], [79.008917, 31.109924], [78.972992, 31.1080812], [78.9507307, 31.0979817], [78.920569, 31.1107229], [78.9087671, 31.0989999], [78.8854347, 31.0987225], [78.831206, 31.1405958], [78.8248857, 31.163507], [78.8107241, 31.1718711], [78.8173827, 31.1896091], [78.8099137, 31.1982846], [78.7651768, 31.185756], [78.6719021, 31.1968803], [78.6580064, 31.1850394], [78.6470399, 31.2147177], [78.6093429, 31.2292601], [78.5782414, 31.2252591], [78.5516232, 31.1999096], [78.4837524, 31.1989372], [78.4557114, 31.2410196], [78.4342515, 31.2545822], [78.4259101, 31.2442549], [78.4069518, 31.2421879], [78.3961722, 31.2753095], [78.3862975, 31.2714325], [78.3835408, 31.2824759], [78.3703158, 31.2863344], [78.3318667, 31.2776115], [78.3111582, 31.2831442], [78.3063275, 31.2598932], [78.282867, 31.2662109], [78.2604732, 31.2397509], [78.2495052, 31.2400429], [78.2469529, 31.2304071], [78.2203241, 31.2339423], [78.2124428, 31.2195692], [78.1602264, 31.2254775], [78.1036215, 31.1853802], [78.065956, 31.1871666], [78.0426406, 31.178504], [78.0297109, 31.1641068], [78.0303157, 31.1510226], [78.0008188, 31.1619519], [77.98472, 31.1569536], [77.9673235, 31.1733666], [77.9247933, 31.1504329], [77.9013114, 31.1518246], [77.889135, 31.1194996], [77.8638198, 31.1085058], [77.8512357, 31.0733665], [77.8380592, 31.0726491], [77.8243634, 31.0554463], [77.8113573, 31.0591006], [77.8298226, 31.0287594], [77.8114533, 31.0316326], [77.8075109, 31.0162132], [77.8250055, 31.0097987], [77.8318179, 30.9939934], [77.8143754, 30.9617839], [77.838322, 30.9541838], [77.824359, 30.9504982], [77.7709793, 30.9743385], [77.7487894, 30.9521809], [77.7527409, 30.9338054], [77.7639429, 30.930449], [77.7627969, 30.9181809], [77.8132992, 30.9218684], [77.8152818, 30.9043817], [77.8013818, 30.8933236], [77.7988553, 30.8680444], [77.8056828, 30.8532137], [77.7792283, 30.8603695], [77.7734074, 30.8775404], [77.7582245, 30.8767978], [77.7571934, 30.8599833], [77.7440207, 30.8465938], [77.7612787, 30.8260657], [77.7483728, 30.8216348], [77.7213647, 30.7757927], [77.7037782, 30.7651608], [77.7089595, 30.7524877], [77.7024368, 30.7459547], [77.7331904, 30.7353352], [77.7558205, 30.7069248], [77.7474074, 30.6798507], [77.7925281, 30.6586867], [77.7812345, 30.6466689], [77.7962578, 30.613647], [77.7711107, 30.6163761], [77.7716735, 30.596902], [77.746099, 30.6038938], [77.7431547, 30.5931071], [77.7566356, 30.585605], [77.7740286, 30.5578418], [77.7941071, 30.5531968], [77.8178539, 30.5610243], [77.8273396, 30.5291199], [77.815049, 30.5051344], [77.783072, 30.5005787], [77.7209792, 30.4730048], [77.6902462, 30.4480206], [77.6523735, 30.4480506], [77.6432661, 30.431844], [77.5961269, 30.4272886], [77.5723633, 30.4079068], [77.5760366, 30.3973856], [77.5904251, 30.4062758], [77.6017035, 30.3996985], [77.622889, 30.4051942], [77.629251, 30.3979043], [77.6566475, 30.4009395], [77.6597317, 30.3905566], [77.6765491, 30.3877783], [77.6780809, 30.3756555], [77.6903985, 30.3759471], [77.7218487, 30.3302068], [77.7611604, 30.3182886], [77.8465257, 30.271641], [77.8795761, 30.2619492], [77.8940036, 30.2653666], [77.9369936, 30.2491631], [77.9414697, 30.2397918], [77.9515144, 30.2452812], [77.9616973, 30.2423693], [77.9321349, 30.214388], [77.9189352, 30.2112787], [77.9120188, 30.1825312], [77.881177, 30.1507317], [77.8604155, 30.1131925], [77.8368228, 30.1035187], [77.8280537, 30.0859174], [77.801195, 30.0954774], [77.7711387, 30.0480219], [77.7854921, 30.0278927], [77.7819844, 30.0186275], [77.7619588, 30.0093044], [77.7553849, 29.9990018], [77.7603752, 29.9951065], [77.7437143, 29.9833559], [77.7332974, 29.9559338], [77.7483645, 29.9516392], [77.7304716, 29.931695], [77.7429853, 29.9246756], [77.7477763, 29.9111659], [77.7292726, 29.9005121], [77.7317477, 29.8929704], [77.7227522, 29.8844211], [77.7157751, 29.8855422], [77.7207726, 29.8761566], [77.7142979, 29.8694545], [77.7234385, 29.8550515], [77.7418893, 29.8518455], [77.7402199, 29.8347335], [77.7589914, 29.8185031], [77.7515793, 29.8106796], [77.7742509, 29.7910447], [77.7731199, 29.7687001], [77.780356, 29.7650159], [77.7695293, 29.7453381], [77.782678, 29.7362379], [77.769731, 29.7176023], [77.8104834, 29.7023711], [77.7990536, 29.6861914], [77.8300488, 29.6682995], [77.8628103, 29.6894493], [77.87471, 29.6872926], [77.8826466, 29.7024276], [77.9125333, 29.6959219], [77.9264435, 29.7142196], [77.9530184, 29.7073471], [77.9398945, 29.6960831], [77.969959, 29.6664307], [77.9664506, 29.6501435], [77.9837674, 29.6447237], [77.9776898, 29.6134455], [77.948421, 29.6169145], [77.9333023, 29.6005149], [77.967497, 29.5800651], [77.9864502, 29.5843833], [77.995165, 29.5957958], [78.0007996, 29.5862056], [78.0215992, 29.5808523], [78.0152355, 29.5872497], [78.0182837, 29.5981991], [78.0488475, 29.6146106], [78.0574717, 29.6306869], [78.0866882, 29.6250327], [78.0814629, 29.6351422], [78.130538, 29.6525376], [78.1716222, 29.6915705], [78.1960357, 29.6929861], [78.2039218, 29.7372652], [78.2597516, 29.7383367], [78.3356586, 29.7966056], [78.3927552, 29.7673913], [78.4285054, 29.7644553], [78.4556373, 29.7451517], [78.5009643, 29.7329048], [78.5165424, 29.7194017], [78.5214871, 29.6578154], [78.532674, 29.6387499], [78.5803567, 29.5863682], [78.6177322, 29.5580267], [78.650471, 29.5459995], [78.7062569, 29.5026846], [78.7450109, 29.5007822], [78.7996729, 29.4645749], [78.9187235, 29.4342593], [78.9423323, 29.4385709], [78.9257141, 29.4259513], [78.9117917, 29.3937483], [78.8873367, 29.3730526], [78.8777359, 29.3749652], [78.8787144, 29.3660053], [78.8519284, 29.3603319], [78.8559767, 29.3497243], [78.849868, 29.3448171], [78.8274525, 29.3542067], [78.8302612, 29.368012], [78.8247328, 29.3671308], [78.810507, 29.3401244], [78.799902, 29.3345754], [78.8047217, 29.3192497], [78.7959107, 29.3117652], [78.7895508, 29.3152964], [78.7934475, 29.3281668], [78.7774824, 29.3257277], [78.7665514, 29.3374011], [78.7537641, 29.3312184], [78.7503182, 29.3173546], [78.7336688, 29.3219035], [78.7344534, 29.3029397], [78.718588, 29.3066407], [78.7650155, 29.2793059], [78.7738281, 29.2619864], [78.8077969, 29.2366672], [78.8200754, 29.2321429], [78.8381574, 29.2425466], [78.8495438, 29.2327129], [78.8582877, 29.2417842], [78.8585888, 29.23299], [78.8744801, 29.2302485], [78.8717641, 29.2225689], [78.8832811, 29.2113083], [78.8752161, 29.2051682], [78.8906243, 29.2011769], [78.8867453, 29.1950807], [78.9087501, 29.1785618], [78.9016671, 29.169563], [78.9187581, 29.1355345], [78.9063344, 29.125014], [78.9270213, 29.1181298], [78.9346438, 29.1296432], [78.9564453, 29.119888], [78.9641728, 29.1305008], [78.9728677, 29.1269137], [78.9823434, 29.143046], [79.0042352, 29.125899], [79.0081699, 29.1119111], [79.0266988, 29.1124171], [79.0406322, 29.1276669], [79.0169206, 29.1307721], [79.0178211, 29.1538403], [79.0374007, 29.1448232], [79.0393682, 29.1584084], [79.0291239, 29.1641337], [79.0358397, 29.1693921], [79.1118992, 29.1279242], [79.1268666, 29.1326849], [79.1535008, 29.1151847], [79.1425031, 29.0669473], [79.1751076, 29.0462466], [79.1623501, 29.0292099], [79.165278, 29.0177882], [79.175815, 29.0157383], [79.1710559, 29.0118694], [79.2117332, 29.0275649], [79.25102, 29.010239], [79.2477513, 29.0033446], [79.2591323, 28.9924011], [79.3072659, 28.9664676], [79.3122256, 28.9769679], [79.3647016, 28.9680749], [79.3621104, 28.981445], [79.3723591, 28.9874715], [79.3873263, 28.949695], [79.4074773, 28.9522464], [79.4190085, 28.9400316], [79.4158377, 28.9278693], [79.4278649, 28.9182463], [79.4229372, 28.8934941], [79.430978, 28.8859976], [79.4249035, 28.8681207], [79.440458, 28.8617388], [79.4519953, 28.8713691], [79.4772153, 28.8645668], [79.4787334, 28.8711448], [79.497136, 28.872872], [79.5217811, 28.8647449], [79.5563509, 28.899093], [79.5842696, 28.8791802], [79.5734898, 28.8546465], [79.5843616, 28.8462727], [79.6038969, 28.8568335], [79.6133082, 28.8528263], [79.6261317, 28.8666246], [79.6309231, 28.8611207], [79.6560491, 28.8697697], [79.7066693, 28.8410092], [79.709621, 28.8511036], [79.7199129, 28.8456651], [79.7263712, 28.860974], [79.7456486, 28.8599204], [79.7490708, 28.8717683], [79.788611, 28.8726922], [79.7997993, 28.8874793], [79.829295, 28.884454], [79.8325255, 28.8709851], [79.8456518, 28.8738652], [79.8496006, 28.8592972], [79.8406321, 28.8476761], [79.8307392, 28.8552297], [79.8367797, 28.8399175], [79.823817, 28.8390102], [79.8371724, 28.8323497], [79.8242871, 28.8072731], [79.8189704, 28.8054735], [79.816451, 28.8169188], [79.8080329, 28.8009081], [79.8269309, 28.7949705], [79.8415217, 28.8042704], [79.849341, 28.7996376], [79.8528929, 28.8061328], [79.8465866, 28.8104407], [79.8529368, 28.8137299], [79.846304, 28.8231762], [79.8614196, 28.8305272], [79.8631892, 28.8402168], [79.8784718, 28.8303104], [79.8882218, 28.8365579], [79.8940671, 28.8204044], [79.914526, 28.8184848], [79.9155219, 28.8042739], [79.878489, 28.8148343], [79.8696043, 28.8083418], [79.8730577, 28.7972831], [79.9013595, 28.7819757], [79.9398197, 28.7877168], [79.9242116, 28.773091], [79.9432044, 28.7598915], [79.9386267, 28.750377], [79.9543966, 28.7228641], [80.0301318, 28.7486342], [80.061736, 28.783195], [80.068082, 28.8025003], [80.0517888, 28.8203723], [80.0653611, 28.8368995], [80.0584693, 28.9166261], [80.100547, 28.9869038], [80.1179243, 28.9815475], [80.1266872, 29.0061064], [80.1354186, 29.0073961], [80.1245046, 29.0130695], [80.1263687, 29.031939], [80.1447902, 29.1021986], [80.1831904, 29.1371847], [80.2330436, 29.1184875], [80.2727024, 29.1424185], [80.2582494, 29.1647727], [80.2587345, 29.1870252], [80.2405888, 29.2029062], [80.2526279, 29.2214403], [80.2603905, 29.2069133], [80.2937327, 29.1977599], [80.290624, 29.2318144], [80.3001895, 29.2416386], [80.3048486, 29.2866357], [80.3185102, 29.3035018], [80.316881, 29.3152491], [80.2957608, 29.3245264], [80.2714494, 29.3643653], [80.2791589, 29.3788395], [80.2757124, 29.392223], [80.2420607, 29.4115385], [80.247634, 29.4355913], [80.2422402, 29.4428758], [80.2573105, 29.451738], [80.2743671, 29.4501233], [80.2690688, 29.4555391], [80.2756727, 29.458517], [80.2808311, 29.4515988], [80.3017843, 29.4527761], [80.2869353, 29.4769767], [80.2987323, 29.4906084], [80.3130617, 29.4848149], [80.3142225, 29.4994315], [80.3496695, 29.5192085], [80.3578816, 29.5327674], [80.3415226, 29.540544], [80.3424704, 29.5527735], [80.363584, 29.556362], [80.3630681, 29.5639343], [80.3784856, 29.5610533], [80.3791063, 29.5715761], [80.3880527, 29.571465], [80.4076444, 29.5953667], [80.4059794, 29.6132964], [80.4202579, 29.6383333], [80.415848, 29.6525776], [80.3903985, 29.6645058], [80.3841698, 29.6750904], [80.3758717, 29.7200451], [80.3656362, 29.726378], [80.3663039, 29.7490213], [80.3973734, 29.7589082], [80.4069475, 29.7947408], [80.428672, 29.7978472], [80.4350279, 29.8059735], [80.4434733, 29.7992581], [80.4938565, 29.7958049], [80.506677, 29.8230203], [80.5531217, 29.8513358], [80.5723855, 29.8948887], [80.5741099, 29.9240377], [80.6018483, 29.9581269], [80.6295669, 29.9654261], [80.6487862, 29.955734], [80.6745479, 29.9572147], [80.718965, 30.0005786], [80.7445555, 30.0038529], [80.7577221, 30.0241991], [80.7610318, 30.049517], [80.779233, 30.05659], [80.805614, 30.0899893], [80.8207134, 30.0996927], [80.8391221, 30.0986483], [80.8447234, 30.1162266], [80.8747717, 30.1264856], [80.867764, 30.1738658], [80.9027327, 30.2153808], [80.9197187, 30.2141956], [80.9182811, 30.1898344], [80.9500073, 30.178259], [81.0310562, 30.1963796], [81.0466055, 30.2108736], [81.0271002, 30.228455], [81.033208, 30.2463895], [81.0055453, 30.2630922], [80.8215708, 30.3155576], [80.7873308, 30.3426129], [80.7835853, 30.3578486], [80.7519689, 30.3935039], [80.7135228, 30.4081687], [80.6780748, 30.4374467], [80.6520241, 30.4442911], [80.5980088, 30.4787663], [80.5802036, 30.4809317], [80.5698487, 30.4666242], [80.5514236, 30.460892], [80.547605, 30.4485888], [80.5390784, 30.4491969], [80.5171042, 30.4731757], [80.4476917, 30.4976501], [80.419477, 30.5151833], [80.4155793, 30.5253345], [80.385592, 30.5150499], [80.3188592, 30.5593795], [80.2830672, 30.5721934], [80.2577601, 30.5588359], [80.2268302, 30.578945], [80.2288017, 30.6034945], [80.2170887, 30.608363], [80.2116708, 30.6224199], [80.2211685, 30.6418156], [80.1971583, 30.6620922], [80.1997119, 30.6830471], [80.2364221, 30.6903838], [80.2505107, 30.7371369], [80.2396635, 30.7620589], [80.2149091, 30.7490616], [80.2000977, 30.7647186], [80.2032194, 30.7765154], [80.1777708, 30.8040546], [80.158149, 30.8058846], [80.157372, 30.7887284], [80.1109085, 30.7792951], [80.0574659, 30.8294052], [80.0560176, 30.8415062], [80.0420339, 30.8358162], [79.9924993, 30.8769387], [79.9621529, 30.89002], [79.9290965, 30.8824334], [79.9103871, 30.9150678], [79.8902558, 30.9186366], [79.8823925, 30.9554036], [79.8627145, 30.9753571], [79.816367, 30.9739346], [79.7918892, 30.9883649], [79.7746251, 30.9888929], [79.7530075, 31.007865], [79.7380318, 30.9837432], [79.7171111, 30.9759966], [79.6979644, 30.9725026], [79.6649882, 30.9829215], [79.6635951, 30.9665309], [79.6198534, 30.9512861], [79.6034552, 30.9326545], [79.5967047, 30.9447578], [79.5525472, 30.9600677], [79.5403437, 30.975458], [79.5484426, 30.989527], [79.538124, 30.9901901], [79.5190349, 31.026706], [79.4916061, 31.0335447], [79.4247604, 31.030492], [79.4245679, 31.0710745], [79.4077273, 31.0769915], [79.3988031, 31.1077865], [79.3174814, 31.1367207], [79.3009551, 31.1678075], [79.3031649, 31.1903742], [79.2926228, 31.2212182], [79.2801706, 31.2349555], [79.2518658, 31.2430175], [79.2523926, 31.2660042], [79.2718556, 31.2831857], [79.2392128, 31.3142067], [79.2464754, 31.3300395], [79.1922119, 31.3628142], [79.1823534, 31.385169], [79.1435666, 31.4254665]]]}}, {"type": "Feature", "properties": {"state_name": "Uttar Pradesh", "stname": "UTTAR PRADESH", "state_lgd": 9, "id": 33}, "geometry": {"type": "MultiPolygon", "coordinates": [[[[79.3741963, 25.1426037], [79.3581988, 25.1432888], [79.3503697, 25.1180994], [79.3796912, 25.1012223], [79.3725131, 25.0919859], [79.3795677, 25.0856093], [79.3746642, 25.0677264], [79.3798061, 25.0647923], [79.3668536, 25.0588638], [79.3511332, 25.0688829], [79.3597687, 25.0534454], [79.3561071, 25.0404694], [79.3641776, 25.040978], [79.3690388, 25.0543159], [79.3949582, 25.0321199], [79.4130489, 25.0352731], [79.4259113, 25.0585889], [79.4073888, 25.0647804], [79.4056642, 25.0777472], [79.3871906, 25.0856966], [79.3808952, 25.122433], [79.3638166, 25.1256457], [79.3741963, 25.1426037]]], [[[79.3662606, 25.1715834], [79.3725559, 25.1800159], [79.3595206, 25.188553], [79.3544659, 25.1758918], [79.3662606, 25.1715834]]], [[[77.6011922, 30.3999066], [77.5904251, 30.4062758], [77.5760366, 30.3973856], [77.5866867, 30.3769332], [77.6045912, 30.3673942], [77.5779808, 30.3307773], [77.5862944, 30.3127021], [77.5382469, 30.2779629], [77.530236, 30.2504807], [77.4754031, 30.1791186], [77.4569439, 30.1623439], [77.4297567, 30.163982], [77.4197826, 30.135241], [77.4250528, 30.1314548], [77.4134949, 30.1129435], [77.4031601, 30.1117464], [77.4238608, 30.1032065], [77.4061978, 30.0882508], [77.3774533, 30.0900228], [77.3343034, 30.053739], [77.3029804, 30.0553045], [77.2777841, 30.0418111], [77.2776638, 30.0002379], [77.2469808, 29.9765939], [77.2440076, 29.959795], [77.2174838, 29.9234192], [77.1879732, 29.9113585], [77.1863118, 29.8981315], [77.2001334, 29.8894931], [77.2020311, 29.8689039], [77.1782493, 29.845799], [77.1793997, 29.813075], [77.1642933, 29.7917185], [77.1513706, 29.7882046], [77.1466185, 29.771834], [77.1253073, 29.7694969], [77.1198089, 29.7600789], [77.1390582, 29.7382097], [77.1342317, 29.7184297], [77.1495331, 29.7094896], [77.1565528, 29.6925825], [77.1424462, 29.680448], [77.146548, 29.6722337], [77.1380594, 29.6666258], [77.1410144, 29.6549663], [77.1315178, 29.6418401], [77.1062049, 29.6323311], [77.1015831, 29.6198302], [77.113024, 29.6106303], [77.1095295, 29.5974349], [77.0839494, 29.5890431], [77.1268364, 29.5594524], [77.1083469, 29.5478286], [77.0963714, 29.5194941], [77.1333088, 29.4830633], [77.1226759, 29.4688882], [77.1232088, 29.4553736], [77.1445218, 29.4453106], [77.1484237, 29.4340783], [77.1331179, 29.4187703], [77.1332535, 29.4008411], [77.1574069, 29.3873069], [77.1232954, 29.3703427], [77.129526, 29.3425767], [77.1517424, 29.3411059], [77.1611548, 29.3323601], [77.1582843, 29.3028815], [77.1389539, 29.2678433], [77.150002, 29.2327608], [77.1314142, 29.2174887], [77.1471566, 29.1805053], [77.1359565, 29.1419641], [77.1474494, 29.1335178], [77.1490846, 29.1176475], [77.1340817, 29.095148], [77.1467647, 29.0805529], [77.1637626, 29.0794258], [77.1720156, 29.0463737], [77.1669739, 29.033817], [77.1891194, 29.0276684], [77.2027411, 28.9852625], [77.1929807, 28.9589141], [77.1964472, 28.9382096], [77.2219823, 28.9281588], [77.2344964, 28.9108046], [77.2266678, 28.8800865], [77.2059915, 28.8883304], [77.1886824, 28.8800774], [77.1894217, 28.8676774], [77.2158748, 28.8540722], [77.2243934, 28.8253218], [77.2189634, 28.8082385], [77.2013018, 28.8129414], [77.199282, 28.7976952], [77.2133386, 28.7855173], [77.2341477, 28.7837184], [77.2218681, 28.7773908], [77.2358818, 28.7707333], [77.2355625, 28.7609155], [77.256368, 28.7562008], [77.260822, 28.7341645], [77.2764393, 28.7354494], [77.2907673, 28.7223844], [77.2915166, 28.7061532], [77.3310779, 28.7131017], [77.3232705, 28.6985753], [77.3329222, 28.6819602], [77.323601, 28.6767135], [77.3162652, 28.641215], [77.3425627, 28.6219734], [77.3422712, 28.6085738], [77.3133979, 28.596588], [77.298379, 28.5801505], [77.2999728, 28.5597568], [77.3473725, 28.5205457], [77.3516345, 28.50008], [77.3717355, 28.4984398], [77.3700626, 28.4856953], [77.3804711, 28.4702683], [77.4080942, 28.4671687], [77.4000705, 28.4556392], [77.4334333, 28.4549161], [77.4355325, 28.4309469], [77.4625039, 28.4243576], [77.4635528, 28.4151522], [77.4776309, 28.4190553], [77.4837687, 28.4080858], [77.4734512, 28.3969958], [77.5046246, 28.3699822], [77.4962969, 28.3491391], [77.4712136, 28.3348209], [77.5069726, 28.3055027], [77.4984951, 28.2856006], [77.503427, 28.2800703], [77.4907883, 28.2713267], [77.4926907, 28.2519812], [77.5219996, 28.2422696], [77.5446125, 28.2487335], [77.5504209, 28.2423555], [77.5212848, 28.2244415], [77.5352461, 28.2102622], [77.5302608, 28.1986077], [77.5219644, 28.1965866], [77.5058758, 28.2095224], [77.4969636, 28.2053497], [77.5011936, 28.1816708], [77.5174791, 28.1931371], [77.5306224, 28.1858618], [77.5451548, 28.1908837], [77.5496409, 28.1797526], [77.5369569, 28.1656342], [77.5021014, 28.1611827], [77.5042441, 28.1454312], [77.4913578, 28.136537], [77.5123595, 28.1248426], [77.4984651, 28.1089156], [77.4993814, 28.0946066], [77.4826197, 28.1071862], [77.4742617, 28.0874355], [77.5012418, 28.0585196], [77.4836411, 28.0404514], [77.5127584, 28.0318873], [77.5083882, 28.0227733], [77.521328, 28.0141366], [77.5242472, 28.0000015], [77.5424314, 27.9890934], [77.5377657, 27.9790209], [77.5169727, 27.9711511], [77.518724, 27.9621251], [77.5442304, 27.9622126], [77.5366092, 27.9339802], [77.5293013, 27.9252611], [77.5167576, 27.9330603], [77.5018156, 27.9252188], [77.4927895, 27.938333], [77.4847387, 27.9349467], [77.4752841, 27.929251], [77.4806942, 27.9078977], [77.4721747, 27.8835927], [77.4505344, 27.8710271], [77.4201349, 27.8904418], [77.4093234, 27.8741705], [77.4218558, 27.8543773], [77.348333, 27.8555471], [77.3351572, 27.847418], [77.3311789, 27.8310519], [77.2964776, 27.8252163], [77.2985654, 27.8151918], [77.2829388, 27.7997891], [77.3104363, 27.7880825], [77.3079794, 27.7527997], [77.3193761, 27.7334864], [77.3029915, 27.7259094], [77.3038365, 27.7110873], [77.3411506, 27.7033673], [77.3409642, 27.676759], [77.352583, 27.6512374], [77.3170593, 27.6067516], [77.3345286, 27.5912997], [77.3441087, 27.5970777], [77.3582181, 27.5889608], [77.3377915, 27.5714159], [77.3380807, 27.5497415], [77.3491638, 27.5431524], [77.3400552, 27.5388912], [77.3402278, 27.5264652], [77.387391, 27.5128928], [77.4009983, 27.4972735], [77.4015487, 27.4765045], [77.437814, 27.4563184], [77.4362034, 27.4464645], [77.4266588, 27.4451102], [77.421102, 27.422018], [77.438058, 27.4089491], [77.4395294, 27.3907157], [77.472697, 27.377082], [77.484623, 27.3835322], [77.5071884, 27.37709], [77.530284, 27.3512776], [77.5455621, 27.3495695], [77.5479449, 27.3368935], [77.5787834, 27.3226639], [77.6012964, 27.3342897], [77.6125369, 27.3319204], [77.6163641, 27.3404257], [77.6227095, 27.3361856], [77.6218984, 27.3130483], [77.5986674, 27.2972042], [77.6168288, 27.28645], [77.6217765, 27.2750457], [77.6131859, 27.2658225], [77.6165086, 27.2577615], [77.6331767, 27.258129], [77.6455432, 27.243275], [77.6429362, 27.234895], [77.6528212, 27.2348427], [77.6467143, 27.2102183], [77.6656438, 27.2090073], [77.6811304, 27.1944038], [77.6584025, 27.1701059], [77.6378708, 27.1638417], [77.6199568, 27.1735504], [77.6100444, 27.1627017], [77.6136879, 27.150603], [77.598967, 27.1434491], [77.6044603, 27.1242513], [77.5978451, 27.1179998], [77.5502842, 27.1112825], [77.5375672, 27.0983313], [77.5177411, 27.1024596], [77.5054432, 27.0922979], [77.5263589, 27.0846192], [77.5193459, 27.0666195], [77.5416435, 27.0626095], [77.5535947, 27.0760277], [77.5716898, 27.0718683], [77.5753094, 27.0564141], [77.5632078, 27.0293707], [77.5791916, 27.0382069], [77.5968119, 27.0327024], [77.6018173, 27.0225279], [77.6234574, 27.0219929], [77.6300281, 27.0102075], [77.6422149, 27.025666], [77.6655835, 27.0172521], [77.6797665, 27.0470835], [77.6930617, 27.0408545], [77.6896226, 27.0266689], [77.7057324, 27.0144588], [77.711941, 26.9971047], [77.7300591, 26.9938883], [77.7376867, 27.029751], [77.7509934, 27.0290371], [77.7629573, 27.0068455], [77.761379, 26.9999796], [77.7502945, 27.0018691], [77.7585786, 26.9969607], [77.7457224, 26.9950454], [77.7434743, 26.9831661], [77.7224003, 26.9878465], [77.6994877, 26.9751215], [77.6762469, 26.97322], [77.6721673, 26.9599699], [77.660883, 26.9712184], [77.6021382, 26.9332737], [77.5922424, 26.9402762], [77.5831968, 26.924161], [77.4902564, 26.9004914], [77.4603151, 26.8858444], [77.4589642, 26.8728397], [77.4484219, 26.8753317], [77.4380745, 26.8631168], [77.4272838, 26.8640867], [77.4296834, 26.8470785], [77.397872, 26.8303677], [77.4290877, 26.80157], [77.4370843, 26.7842876], [77.4326857, 26.767838], [77.4534525, 26.7778765], [77.4669082, 26.773734], [77.4703696, 26.7646567], [77.4545635, 26.7418732], [77.4603614, 26.7418156], [77.485226, 26.7480143], [77.5025628, 26.768734], [77.4874661, 26.7881541], [77.5006866, 26.8170124], [77.5011724, 26.8444542], [77.5206116, 26.8413812], [77.5169834, 26.8257787], [77.5257665, 26.8189141], [77.5744802, 26.8208631], [77.6083705, 26.8391208], [77.6103388, 26.8285772], [77.6203983, 26.8428013], [77.6747442, 26.8575454], [77.6866513, 26.8752495], [77.6976012, 26.8673754], [77.7065104, 26.8768445], [77.72261, 26.8743183], [77.7269759, 26.8902177], [77.7176441, 26.8972593], [77.7249183, 26.9103818], [77.7323784, 26.9201474], [77.7531757, 26.9168748], [77.7598527, 26.9324589], [77.7804686, 26.9298536], [77.7929889, 26.9170539], [77.8102112, 26.9241866], [77.8502425, 26.912829], [77.8775613, 26.9023684], [77.8964891, 26.8839976], [77.9088761, 26.8906233], [77.9063601, 26.9177788], [77.9156211, 26.9073879], [77.9396881, 26.9067797], [77.9483834, 26.8935924], [77.9713395, 26.9058706], [77.9723185, 26.8960665], [77.9872113, 26.8893477], [78.0022377, 26.9029036], [78.0145864, 26.9029112], [78.0301919, 26.88603], [78.0242282, 26.8725659], [78.0354761, 26.8707951], [78.0209576, 26.8575064], [78.0264741, 26.8495342], [78.0446615, 26.8699786], [78.0559739, 26.8683916], [78.0488066, 26.9101327], [78.066954, 26.911392], [78.0960442, 26.8937798], [78.1002077, 26.9048983], [78.1111975, 26.8958771], [78.1017599, 26.9178285], [78.1051661, 26.9268174], [78.1218171, 26.9225788], [78.1227779, 26.934516], [78.1117745, 26.9397586], [78.1190914, 26.9471633], [78.1719916, 26.9481727], [78.210136, 26.9312256], [78.2249637, 26.9463], [78.2383015, 26.9268536], [78.2541863, 26.9256267], [78.2572882, 26.9345706], [78.2707187, 26.9153316], [78.2591343, 26.8967447], [78.2370753, 26.8889725], [78.2326447, 26.8742759], [78.2086213, 26.8688624], [78.2030805, 26.8809325], [78.1964968, 26.8809164], [78.2127276, 26.8461332], [78.2201716, 26.8437776], [78.2195875, 26.8326687], [78.2599613, 26.8141677], [78.2724573, 26.8159251], [78.2731224, 26.8429352], [78.2825134, 26.8544354], [78.3626478, 26.8692373], [78.3990484, 26.81848], [78.4342927, 26.8257052], [78.4616975, 26.7881856], [78.5232304, 26.7803146], [78.5768586, 26.7489665], [78.6129984, 26.7524304], [78.6284461, 26.7732292], [78.6705286, 26.7624067], [78.684525, 26.7887538], [78.7229029, 26.797268], [78.7298839, 26.7922191], [78.7271928, 26.7764702], [78.7362138, 26.7746775], [78.7535969, 26.7870122], [78.7710182, 26.7590809], [78.8189903, 26.7609418], [78.8723623, 26.6977868], [78.9125639, 26.7068343], [78.9560559, 26.6916804], [78.9577227, 26.6830602], [78.9424751, 26.6640742], [78.9454989, 26.6548208], [78.9791463, 26.6756316], [79.003779, 26.673739], [79.0086318, 26.6633141], [78.9934602, 26.6419072], [79.0170629, 26.601036], [78.9891381, 26.595559], [78.9875879, 26.5863227], [78.9910719, 26.5770055], [79.0006875, 26.5779759], [79.0143448, 26.5510459], [79.0077436, 26.5438697], [79.028338, 26.5466876], [79.0265961, 26.5357113], [79.0398055, 26.5298622], [79.0396609, 26.5151142], [79.0486179, 26.5179984], [79.0449312, 26.5102976], [79.0563215, 26.495086], [79.0681269, 26.4966211], [79.071696, 26.478869], [79.0526164, 26.4537383], [79.0621516, 26.4538368], [79.069892, 26.4416189], [79.0958956, 26.4425926], [79.0997184, 26.4525892], [79.1351778, 26.440131], [79.1243197, 26.4226124], [79.1259837, 26.4112536], [79.1046948, 26.4063782], [79.0952064, 26.412636], [79.0889967, 26.3966274], [79.0963749, 26.372324], [79.0842441, 26.3623205], [79.1388308, 26.3375134], [79.132625, 26.3353161], [79.134968, 26.3247376], [79.1155273, 26.3204775], [79.1248969, 26.3115918], [79.1185982, 26.3003364], [79.1019288, 26.3068153], [79.0898921, 26.2877231], [79.0965178, 26.2784865], [79.0906482, 26.2700279], [79.0770085, 26.2806205], [79.0646444, 26.277038], [79.0556554, 26.2588638], [79.0456441, 26.2603073], [79.0696951, 26.2456966], [79.0634447, 26.2259047], [79.0345985, 26.2253705], [79.0194422, 26.2476091], [78.9893556, 26.234976], [79.0258215, 26.220098], [79.0278317, 26.2032794], [79.020087, 26.1982239], [79.0258304, 26.1917654], [78.9936657, 26.1968917], [78.9831139, 26.1843583], [79.0045339, 26.169026], [79.0048954, 26.1480498], [78.9669558, 26.1501426], [78.9629002, 26.1365292], [78.9488704, 26.1286798], [78.9768274, 26.1160352], [78.9755934, 26.1052047], [78.9935819, 26.0937098], [79.0086599, 26.0932057], [79.0120632, 26.0831848], [79.0027496, 26.0666458], [78.9906885, 26.068827], [78.9861419, 26.0536756], [78.948263, 26.0277492], [78.9535098, 26.015218], [78.9444939, 26.0062776], [78.9568143, 25.996538], [78.9435399, 25.9788715], [78.9331792, 25.9793319], [78.9376103, 25.9645269], [78.9304981, 25.9589335], [78.9389565, 25.9426871], [78.9274776, 25.9472545], [78.8985884, 25.9179401], [78.8846391, 25.9139295], [78.8948116, 25.8951671], [78.8873791, 25.8684948], [78.8730566, 25.8751388], [78.8524062, 25.8566465], [78.8514072, 25.8384625], [78.8621416, 25.8425934], [78.8725785, 25.835093], [78.8724444, 25.801379], [78.8577904, 25.7917699], [78.8446532, 25.8034204], [78.8455512, 25.8215549], [78.8184353, 25.8290073], [78.8062664, 25.8130929], [78.8143123, 25.8070396], [78.8283102, 25.8143382], [78.8286166, 25.7957076], [78.8082876, 25.8009712], [78.7828829, 25.758483], [78.7729596, 25.7586073], [78.770813, 25.7486307], [78.7528558, 25.7500024], [78.7633317, 25.7199297], [78.7999117, 25.7050682], [78.7955682, 25.6967208], [78.8167042, 25.6763215], [78.8198746, 25.6485701], [78.8117627, 25.6207825], [78.7421494, 25.5969932], [78.731775, 25.6062536], [78.7173291, 25.6053292], [78.6950789, 25.5878342], [78.678863, 25.5853046], [78.6586749, 25.5598867], [78.624193, 25.5673784], [78.6307968, 25.5789325], [78.6181362, 25.5836626], [78.6116929, 25.5698692], [78.5980232, 25.5706933], [78.5877417, 25.5566002], [78.4933385, 25.5786978], [78.4668536, 25.5593228], [78.4646937, 25.5455086], [78.4435992, 25.5632036], [78.4193405, 25.5329641], [78.4190565, 25.5181376], [78.4288474, 25.5115446], [78.41681, 25.5017003], [78.4313066, 25.4736296], [78.4164854, 25.4764781], [78.4003128, 25.4635507], [78.3949599, 25.4442068], [78.3776607, 25.4368106], [78.3545445, 25.4519791], [78.3389011, 25.43102], [78.3405303, 25.3995207], [78.305312, 25.3767511], [78.3008012, 25.3599315], [78.3280523, 25.3523115], [78.3435399, 25.3285776], [78.3117339, 25.3033016], [78.3545804, 25.2922534], [78.3501106, 25.2773273], [78.3725142, 25.2599069], [78.3598, 25.2421932], [78.3785243, 25.2386868], [78.3820566, 25.2225912], [78.4109519, 25.2126659], [78.3913821, 25.2011913], [78.3960778, 25.1872164], [78.4166378, 25.1835289], [78.4234031, 25.1693133], [78.4582615, 25.1637234], [78.4478548, 25.1527111], [78.4273813, 25.1541036], [78.4468199, 25.121775], [78.4068219, 25.1289342], [78.3834522, 25.1017199], [78.338635, 25.0865814], [78.335489, 25.0665623], [78.3473727, 25.0215315], [78.3338524, 24.9954996], [78.3168223, 24.9900143], [78.2945929, 24.9630568], [78.2238058, 24.9153104], [78.2105911, 24.8948078], [78.1735087, 24.8786381], [78.1689705, 24.8626199], [78.1732686, 24.8466937], [78.197598, 24.8397822], [78.2166786, 24.8085944], [78.2357446, 24.7717482], [78.2261432, 24.746912], [78.2766967, 24.6629931], [78.2626736, 24.6460018], [78.2779835, 24.6147576], [78.2644694, 24.5522023], [78.2294432, 24.537534], [78.2254185, 24.521372], [78.2460165, 24.5095391], [78.2458905, 24.4861392], [78.2749791, 24.4739234], [78.2641591, 24.4557017], [78.2696896, 24.4469392], [78.3407491, 24.40207], [78.3489003, 24.3874368], [78.3657865, 24.3859762], [78.3696708, 24.3749349], [78.3292009, 24.3294481], [78.3455506, 24.3144651], [78.3480462, 24.2995778], [78.3781007, 24.2840829], [78.3856689, 24.2696687], [78.41361, 24.2726661], [78.4184007, 24.2849434], [78.4307024, 24.2837701], [78.4399869, 24.2958825], [78.4438906, 24.3193455], [78.4775814, 24.3384844], [78.4742943, 24.3563355], [78.5004777, 24.3890736], [78.5183804, 24.3878188], [78.5298268, 24.3789065], [78.5298842, 24.3680952], [78.5732222, 24.3510527], [78.5860043, 24.3537423], [78.6036463, 24.3144997], [78.6284428, 24.303938], [78.619966, 24.2928949], [78.625803, 24.2805906], [78.6387658, 24.2851294], [78.6600457, 24.2675947], [78.6686337, 24.2400373], [78.7030579, 24.2269232], [78.7255716, 24.2364395], [78.734166, 24.2524051], [78.7404179, 24.2349844], [78.7504242, 24.233887], [78.7618916, 24.2595369], [78.7686514, 24.2484275], [78.7673704, 24.2202127], [78.7922266, 24.1768735], [78.8126749, 24.1810272], [78.8149461, 24.2068045], [78.8267481, 24.1954463], [78.8468873, 24.21377], [78.8609454, 24.2092126], [78.8818541, 24.2170092], [78.8880523, 24.2272786], [78.8843741, 24.25], [78.9160702, 24.2676263], [78.9186607, 24.2829829], [78.9096377, 24.297995], [78.9412478, 24.3152872], [78.971454, 24.3476058], [78.969909, 24.3702813], [78.9936477, 24.4227502], [78.9856281, 24.4416748], [78.9474838, 24.4366219], [78.9397569, 24.4535013], [78.9145546, 24.4593197], [78.9205759, 24.4997188], [78.9373253, 24.4907356], [78.9272234, 24.4820667], [78.936219, 24.4794226], [78.9634683, 24.4835349], [78.9714324, 24.4937588], [78.9472554, 24.502404], [78.9513214, 24.5187835], [78.9437004, 24.5344546], [78.9532101, 24.5468959], [78.9201519, 24.5748121], [78.912574, 24.6001697], [78.8992855, 24.6092868], [78.8832326, 24.6412935], [78.8680162, 24.6399896], [78.8597653, 24.6176406], [78.8433015, 24.6232903], [78.8346107, 24.6045555], [78.8032248, 24.603534], [78.7837871, 24.5885603], [78.7520302, 24.6001799], [78.7519642, 24.6424081], [78.7439279, 24.6540599], [78.7614675, 24.6708994], [78.7636444, 24.6904779], [78.7809999, 24.7060757], [78.7703977, 24.7884008], [78.7898391, 24.8109779], [78.7759317, 24.8307175], [78.7700367, 24.8590197], [78.6765598, 24.8986312], [78.6628491, 24.9387142], [78.6518635, 24.9383772], [78.6523585, 24.94784], [78.6317211, 24.9577979], [78.6440094, 24.9842926], [78.6526167, 25.0505925], [78.628145, 25.0861992], [78.6024495, 25.0944215], [78.6006779, 25.155392], [78.5705435, 25.2051922], [78.5702028, 25.2238785], [78.5555372, 25.2114193], [78.5779019, 25.2548188], [78.5336147, 25.2683705], [78.5308919, 25.2846315], [78.51056, 25.2767769], [78.5034337, 25.2895266], [78.4508536, 25.2621079], [78.4350308, 25.284164], [78.4537926, 25.3012662], [78.4734671, 25.2861158], [78.5023001, 25.3208994], [78.5088584, 25.2964547], [78.531193, 25.3000183], [78.5339957, 25.3101349], [78.5530676, 25.3196419], [78.5396441, 25.3277456], [78.541226, 25.3455434], [78.531999, 25.3565781], [78.5518387, 25.3566975], [78.5613791, 25.341216], [78.5832905, 25.346974], [78.5887685, 25.3659684], [78.5778447, 25.3811358], [78.5628906, 25.3772617], [78.5665047, 25.3935344], [78.5901935, 25.3860268], [78.6096667, 25.4160224], [78.6358165, 25.4006948], [78.644932, 25.4126727], [78.6413567, 25.4334939], [78.6598346, 25.4416601], [78.6817124, 25.433222], [78.6898659, 25.445748], [78.7114275, 25.4281027], [78.6748988, 25.3995673], [78.6660095, 25.4158142], [78.6588957, 25.4085042], [78.6662947, 25.3927275], [78.6589487, 25.3852866], [78.6946661, 25.3738593], [78.6996043, 25.3818886], [78.7140504, 25.3721472], [78.7087852, 25.3519883], [78.7241223, 25.3439673], [78.7745878, 25.3531041], [78.7659205, 25.3691482], [78.7736597, 25.3761676], [78.7569228, 25.3854439], [78.7679849, 25.4000311], [78.7481452, 25.390989], [78.7497399, 25.4110595], [78.8213736, 25.4225781], [78.8029707, 25.4371623], [78.7834277, 25.4348722], [78.7706532, 25.4228745], [78.7623597, 25.4269004], [78.7523644, 25.4467065], [78.7318273, 25.4580587], [78.7363497, 25.4938155], [78.7462688, 25.496624], [78.7473309, 25.4847572], [78.7678289, 25.4694281], [78.7915611, 25.4834194], [78.8182495, 25.471652], [78.8091637, 25.4534163], [78.820608, 25.4677442], [78.8408904, 25.4614991], [78.83518, 25.4547861], [78.8548879, 25.4476949], [78.8207254, 25.438691], [78.8280215, 25.4282493], [78.8441503, 25.4277525], [78.8606995, 25.4449965], [78.8661711, 25.4656686], [78.855647, 25.4883704], [78.8328181, 25.4995049], [78.8349595, 25.5058206], [78.8415376, 25.5125382], [78.884382, 25.5155792], [78.8864429, 25.5324277], [78.8742949, 25.5409495], [78.8826487, 25.5539615], [78.9112034, 25.5551623], [78.9233659, 25.535936], [78.9393662, 25.5572196], [78.9517899, 25.5487871], [78.9528473, 25.5375301], [78.9364213, 25.5197911], [78.9272016, 25.5249761], [78.9199007, 25.5154011], [78.9422405, 25.4921338], [78.9371915, 25.4893332], [78.9269784, 25.4918466], [78.9268085, 25.4899601], [78.9439061, 25.4829255], [78.9360237, 25.4616075], [78.9239864, 25.4594907], [78.9088728, 25.4424205], [78.9382296, 25.422261], [78.9509355, 25.4405496], [78.9669967, 25.4346232], [78.9762346, 25.4199619], [78.9699291, 25.3901137], [78.9893319, 25.3740408], [78.9752357, 25.3660667], [78.9591589, 25.3715111], [78.9387125, 25.3469767], [78.92325, 25.3587945], [78.9013391, 25.3616167], [78.8965376, 25.3740387], [78.9159356, 25.3814413], [78.9382949, 25.3748254], [78.9575494, 25.3936824], [78.9533001, 25.3999495], [78.9198068, 25.3969666], [78.9137956, 25.3843374], [78.8802427, 25.3858928], [78.8457431, 25.3555546], [78.8410419, 25.3449693], [78.8499397, 25.3349374], [78.8461571, 25.3269794], [78.8426137, 25.3365519], [78.8192991, 25.3069406], [78.7982366, 25.3139362], [78.7877818, 25.2960071], [78.7988132, 25.2891705], [78.8171543, 25.3066824], [78.8285661, 25.3027371], [78.8184488, 25.2989512], [78.8094722, 25.2706023], [78.8327392, 25.2525202], [78.842801, 25.2276918], [78.8496536, 25.2287854], [78.8666059, 25.2803883], [78.8749757, 25.27838], [78.8798956, 25.2859763], [78.8744644, 25.3084495], [78.8626163, 25.314452], [78.8675714, 25.3255511], [78.881253, 25.3249238], [78.882004, 25.3436368], [78.9118416, 25.3325607], [78.9225433, 25.3428981], [78.9322154, 25.3359438], [78.927934, 25.324129], [78.9606156, 25.3450834], [78.9574276, 25.3022381], [78.9799246, 25.2790465], [78.9555129, 25.2827586], [78.9486768, 25.2741773], [78.9545954, 25.2613557], [78.9451438, 25.2594196], [78.9170258, 25.273585], [78.8997746, 25.243116], [78.8809216, 25.2540109], [78.869532, 25.2311074], [78.8905848, 25.2144243], [78.8709758, 25.1869759], [78.8803959, 25.1576163], [78.9029637, 25.1703603], [78.9252126, 25.2044549], [78.9538581, 25.2189626], [79.0058734, 25.1950472], [79.0011862, 25.2336981], [78.9748443, 25.2404934], [78.9943746, 25.2731634], [79.0132216, 25.2740499], [79.0256092, 25.2612818], [79.017995, 25.249274], [79.0217734, 25.2415719], [79.0399858, 25.2426758], [79.033655, 25.2337171], [79.0636834, 25.2217578], [79.0596661, 25.190409], [79.0485871, 25.1934549], [79.0523292, 25.2074446], [79.0309138, 25.1844807], [79.0400404, 25.1709046], [79.0318371, 25.1639984], [79.0368763, 25.1613855], [79.0307632, 25.1384796], [79.0508056, 25.1339841], [79.0680038, 25.1496993], [79.0714861, 25.1702016], [79.0906303, 25.1908075], [79.0958476, 25.174704], [79.1260936, 25.1612199], [79.1160026, 25.1396489], [79.1321321, 25.1271099], [79.1235101, 25.1149097], [79.1318865, 25.1090141], [79.1439106, 25.1148678], [79.1731575, 25.1078242], [79.1859955, 25.1149331], [79.1872903, 25.1263792], [79.1746233, 25.1282076], [79.1761801, 25.14006], [79.1922096, 25.1462139], [79.2043052, 25.1399166], [79.2038447, 25.1256085], [79.2150295, 25.1114066], [79.2273724, 25.1220012], [79.245436, 25.1139757], [79.2492198, 25.1402977], [79.2241594, 25.1460477], [79.2445975, 25.1590499], [79.2644319, 25.1523386], [79.2688129, 25.1384488], [79.2599048, 25.1252577], [79.2781811, 25.1174304], [79.2871096, 25.1318617], [79.3069738, 25.1293129], [79.3136539, 25.1362352], [79.3231337, 25.1498295], [79.3043675, 25.1782307], [79.3085083, 25.1982867], [79.3014322, 25.2014339], [79.2922559, 25.1841734], [79.2846166, 25.1911877], [79.2792521, 25.2447295], [79.2991908, 25.2399295], [79.3089858, 25.2236806], [79.328527, 25.2213228], [79.3383635, 25.1979586], [79.3518943, 25.2121566], [79.3327571, 25.2282796], [79.3435758, 25.2270567], [79.3508622, 25.2639201], [79.3352149, 25.2698025], [79.3295855, 25.2576097], [79.3165177, 25.2559577], [79.2937874, 25.2835836], [79.2826787, 25.2621619], [79.2644659, 25.2689452], [79.2705167, 25.3097162], [79.2788976, 25.3239899], [79.2956777, 25.3236426], [79.2998861, 25.3376345], [79.3522311, 25.3298822], [79.3413269, 25.3189253], [79.346579, 25.3050787], [79.3361473, 25.2880963], [79.3583098, 25.2842368], [79.3552795, 25.2659022], [79.3628991, 25.2616964], [79.3698183, 25.2599861], [79.3738933, 25.2725024], [79.3685921, 25.2924564], [79.4076139, 25.2739159], [79.4088129, 25.2560911], [79.4374528, 25.254877], [79.4622706, 25.2710591], [79.4585785, 25.2797769], [79.467219, 25.283297], [79.4793032, 25.2784322], [79.4819156, 25.2685411], [79.494459, 25.2669057], [79.4624623, 25.2646665], [79.4326569, 25.2206371], [79.4488341, 25.2150736], [79.4403707, 25.1988195], [79.4120788, 25.2003189], [79.4116319, 25.1826977], [79.3900428, 25.1700458], [79.3839454, 25.1427066], [79.3906989, 25.1412751], [79.3875738, 25.1303072], [79.3960073, 25.1283608], [79.3931264, 25.1172693], [79.4057395, 25.1063594], [79.426134, 25.1190553], [79.4255238, 25.1301501], [79.415772, 25.133096], [79.4212965, 25.1354325], [79.4391973, 25.1278022], [79.4389206, 25.1012212], [79.4772405, 25.1274512], [79.4650246, 25.0880456], [79.4915042, 25.0796542], [79.5058356, 25.0954525], [79.5248946, 25.0969731], [79.5179475, 25.1270349], [79.5328913, 25.1333054], [79.5516373, 25.1607093], [79.5693587, 25.171802], [79.5956862, 25.1433677], [79.6069858, 25.1527686], [79.6011388, 25.1274868], [79.6227063, 25.1406098], [79.6415075, 25.1269234], [79.6732217, 25.1203581], [79.6833575, 25.1351547], [79.7172533, 25.1287686], [79.7484993, 25.1393513], [79.8239689, 25.108249], [79.8287015, 25.0993225], [79.8615318, 25.0962101], [79.8480064, 25.1105347], [79.8516169, 25.1285494], [79.8661435, 25.1410584], [79.8815301, 25.142047], [79.8665445, 25.1500948], [79.8700943, 25.172275], [79.8560198, 25.1940523], [79.8685893, 25.2164906], [79.8516134, 25.2265047], [79.8513785, 25.235559], [79.864524, 25.2363457], [79.8778835, 25.2510244], [79.901967, 25.2408211], [79.9074882, 25.2508899], [79.9165239, 25.2446227], [79.9175548, 25.2268252], [79.9276229, 25.2496112], [79.9365355, 25.247536], [79.9483304, 25.2686624], [79.9807778, 25.2618451], [80.005115, 25.2657102], [79.9989434, 25.2859729], [80.0222127, 25.2976162], [80.018214, 25.3224425], [80.033415, 25.3420236], [80.0726699, 25.336947], [80.0887808, 25.3558547], [80.1310969, 25.3342301], [80.1493881, 25.3576085], [80.1671639, 25.3640815], [80.1689619, 25.3768588], [80.1949315, 25.3781577], [80.2023719, 25.4140365], [80.2208209, 25.3967435], [80.2361605, 25.4078224], [80.2534192, 25.4008344], [80.2638382, 25.4240195], [80.2884455, 25.4170311], [80.315411, 25.3888712], [80.3203107, 25.3660527], [80.3095518, 25.3543628], [80.3226702, 25.3320891], [80.3107999, 25.286407], [80.3514265, 25.2771574], [80.35681, 25.2617983], [80.3835765, 25.237289], [80.4033438, 25.2440343], [80.407734, 25.2180215], [80.4316659, 25.1776171], [80.4198902, 25.163182], [80.3898101, 25.1580649], [80.3545575, 25.1383575], [80.3547181, 25.1264188], [80.3760823, 25.1163592], [80.3704759, 25.0997171], [80.3484314, 25.0866508], [80.3457837, 25.0649045], [80.3553346, 25.0556349], [80.3365533, 25.0589713], [80.331478, 25.0479835], [80.3113977, 25.0442343], [80.2903652, 25.0593702], [80.287872, 25.0381197], [80.273623, 25.0259732], [80.330993, 24.9921999], [80.3416648, 25.0134785], [80.3519971, 25.0175113], [80.3573826, 25.0115765], [80.3629491, 25.0235972], [80.377464, 25.0195443], [80.3784146, 25.0047392], [80.3873155, 25.0043144], [80.3964404, 25.0119462], [80.3778455, 25.0270236], [80.3898353, 25.0355584], [80.3705129, 25.0426863], [80.3736589, 25.0559116], [80.3880037, 25.0509145], [80.4006231, 25.0695725], [80.4086982, 25.0553539], [80.4161061, 25.0731755], [80.433032, 25.0657583], [80.4489819, 25.0786515], [80.4514299, 25.0622068], [80.4665065, 25.0649246], [80.475147, 25.0379405], [80.4888166, 25.0434826], [80.5018766, 25.0372488], [80.4955856, 25.0290965], [80.4743533, 25.0305295], [80.4540682, 25.0418214], [80.4330916, 25.0237355], [80.4524461, 25.0151461], [80.4548724, 25.0057291], [80.4367864, 25.0014812], [80.4370255, 24.9945229], [80.4628546, 25.0025334], [80.4561447, 24.981636], [80.4786561, 24.9739532], [80.4803896, 24.9859992], [80.4925856, 24.9893799], [80.4993023, 25.0062146], [80.5494757, 25.0024662], [80.5413677, 25.0166757], [80.5460686, 25.0324176], [80.5005792, 25.0415312], [80.5089857, 25.0587851], [80.4964141, 25.0729477], [80.503382, 25.0730529], [80.5066275, 25.0839742], [80.4807678, 25.0929138], [80.4827222, 25.100211], [80.5181317, 25.094703], [80.5215973, 25.0760458], [80.5458002, 25.0644018], [80.5675807, 25.0733626], [80.5684466, 25.086877], [80.6131362, 25.0656956], [80.6067255, 25.0862774], [80.5981953, 25.0872646], [80.5994308, 25.0802414], [80.5960261, 25.0798075], [80.5922863, 25.0901973], [80.5975206, 25.0895439], [80.5923274, 25.1031968], [80.5975647, 25.1139314], [80.6071867, 25.1179049], [80.5949984, 25.1271967], [80.5967844, 25.1437487], [80.6065422, 25.1503583], [80.6103385, 25.1290136], [80.6285102, 25.1333971], [80.6382269, 25.1168674], [80.6274093, 25.1174051], [80.6188085, 25.1004921], [80.6080819, 25.098433], [80.6260259, 25.082943], [80.640425, 25.0924932], [80.6559673, 25.0847137], [80.6617364, 25.0676054], [80.6729222, 25.0825246], [80.6850127, 25.0766073], [80.6738602, 25.0606147], [80.6797369, 25.0484571], [80.7207212, 25.0640089], [80.7323367, 25.0636941], [80.7369059, 25.052957], [80.7757606, 25.054824], [80.7877921, 25.0613901], [80.7835942, 25.0756058], [80.7571276, 25.0823216], [80.7519339, 25.0928876], [80.7254512, 25.0914311], [80.7273516, 25.1185525], [80.7076298, 25.1176531], [80.7043894, 25.1283749], [80.71811, 25.1303394], [80.7302416, 25.1463188], [80.7419527, 25.1236333], [80.7539068, 25.1328001], [80.7720594, 25.1326287], [80.7787803, 25.142261], [80.7863764, 25.1294424], [80.8069944, 25.13689], [80.8145615, 25.1335054], [80.8119484, 25.1240797], [80.8266498, 25.1214493], [80.8299135, 25.1001676], [80.8406087, 25.1086072], [80.837471, 25.1394937], [80.8486041, 25.1630078], [80.838143, 25.180347], [80.8441492, 25.1869023], [80.8641493, 25.1827751], [80.8687926, 25.1745109], [80.8846618, 25.1879389], [80.8820771, 25.1824369], [80.9037207, 25.1593075], [80.912912, 25.1590831], [80.8947815, 25.1340086], [80.8795248, 25.1383384], [80.8684388, 25.1156796], [80.8795879, 25.0992543], [80.8676034, 25.0753361], [80.8780406, 25.0654692], [80.8317817, 25.0328737], [80.8551261, 25.0039862], [80.8517359, 24.9882486], [80.8329236, 24.9819793], [80.8237925, 24.9677671], [80.7922077, 24.9648684], [80.8099259, 24.9527306], [80.8081709, 24.9386785], [80.8200498, 24.9329057], [80.8119911, 24.9225478], [80.8297974, 24.9180134], [80.8374416, 24.9283251], [80.8607268, 24.9286678], [80.8917167, 24.9451068], [80.9070764, 24.9350521], [80.8991485, 24.9486221], [80.9460041, 24.9662652], [80.9540479, 24.9543447], [80.9477125, 24.9409691], [80.9587854, 24.93858], [80.9571777, 24.9178535], [80.9738513, 24.9341924], [80.9853844, 24.9328844], [80.9827553, 24.9266392], [80.986747, 24.9231968], [81.004512, 24.9372213], [81.0230692, 24.9276208], [81.0288515, 24.9332624], [81.013537, 24.9477591], [81.0162666, 24.951503], [81.0255788, 24.9400536], [81.0337306, 24.9526117], [81.0845072, 24.9499079], [81.0963022, 24.9211894], [81.1396043, 24.8875274], [81.145462, 24.9103035], [81.1601972, 24.9135553], [81.168012, 24.9552292], [81.1851514, 24.9520365], [81.2071941, 24.9304321], [81.19291, 24.9253522], [81.2195236, 24.9286373], [81.2071373, 24.9644842], [81.2208732, 24.9776111], [81.2089241, 24.9926175], [81.2266621, 25.0019616], [81.2638211, 25.0527645], [81.2688973, 25.0674469], [81.2594943, 25.0757323], [81.2666721, 25.0843897], [81.2521373, 25.1020766], [81.2647249, 25.1166929], [81.2661473, 25.1396866], [81.2816731, 25.1520602], [81.2775162, 25.1660002], [81.3134303, 25.1637355], [81.3119211, 25.1375647], [81.3214722, 25.1127659], [81.3310405, 25.114661], [81.3195634, 25.1567826], [81.3345164, 25.1692948], [81.3572777, 25.1631021], [81.3757272, 25.1417265], [81.3708976, 25.1348385], [81.3926149, 25.1309558], [81.399921, 25.1192192], [81.4142134, 25.1210186], [81.4061857, 25.1312876], [81.4385247, 25.1303347], [81.4476577, 25.1071722], [81.41371, 25.1079184], [81.40727, 25.1049143], [81.4648069, 25.0901124], [81.4692699, 25.0797868], [81.4911345, 25.0723237], [81.4936321, 25.0801893], [81.5010845, 25.0774254], [81.5002376, 25.0963778], [81.5180982, 25.1007384], [81.4903219, 25.109445], [81.4800549, 25.1325492], [81.496384, 25.12898], [81.4995098, 25.1486817], [81.5272388, 25.1380911], [81.5308978, 25.1452069], [81.5226996, 25.1466729], [81.5365001, 25.1605479], [81.514637, 25.1735776], [81.5146034, 25.1843374], [81.5398041, 25.1803603], [81.5399142, 25.1860791], [81.5785742, 25.1908538], [81.595588, 25.181778], [81.5884634, 25.1657697], [81.6153978, 25.1690131], [81.6262105, 25.1604667], [81.6233203, 25.1410394], [81.6145878, 25.1443926], [81.5980643, 25.1313357], [81.5969553, 25.1190866], [81.610109, 25.1125166], [81.6083167, 25.0960549], [81.6240816, 25.120037], [81.6329435, 25.1171211], [81.6283385, 25.1067948], [81.6408635, 25.0984924], [81.6003506, 25.0738463], [81.6174544, 25.0609209], [81.6114341, 25.0565015], [81.6412249, 25.0567631], [81.6665425, 25.075111], [81.667197, 25.0613621], [81.6823159, 25.0611945], [81.6934391, 25.0487997], [81.6897523, 25.0389478], [81.713314, 25.036074], [81.7214113, 25.0382537], [81.7238783, 25.0501682], [81.7315077, 25.0486419], [81.7458027, 25.0334693], [81.7808887, 25.0188762], [81.7922127, 25.0044074], [81.8037662, 25.0017048], [81.8103811, 25.0126933], [81.8348153, 25.0169721], [81.8534686, 25.0026776], [81.8909033, 24.9957607], [81.8913135, 24.9888682], [81.9016864, 24.9993976], [81.8955982, 25.0095317], [81.9072697, 25.005673], [81.9014559, 24.986497], [81.9078576, 24.9801178], [81.9103613, 24.9373761], [81.919645, 24.9281249], [81.9028363, 24.8916753], [81.9078862, 24.8813466], [81.9337159, 24.8707042], [81.9379357, 24.8497266], [81.9652662, 24.8270395], [81.9715371, 24.8389342], [82.0170142, 24.8459216], [82.0452141, 24.8286189], [82.0976541, 24.8161487], [82.1156092, 24.7844363], [82.1338789, 24.7879798], [82.1385819, 24.7994094], [82.1670211, 24.7854419], [82.1789018, 24.7950663], [82.1696512, 24.7980485], [82.1666505, 24.800875], [82.1751165, 24.8009086], [82.1781816, 24.8108877], [82.2035916, 24.8192047], [82.1842573, 24.795633], [82.2161504, 24.794141], [82.2092121, 24.7784367], [82.2179224, 24.7766756], [82.2094449, 24.7715258], [82.1965451, 24.7780595], [82.1954199, 24.7641663], [82.2032568, 24.7583395], [82.1774543, 24.7323253], [82.2140387, 24.7344251], [82.2213045, 24.7223278], [82.2065692, 24.7471946], [82.2158499, 24.7548838], [82.2288405, 24.7455828], [82.2264583, 24.7612371], [82.2354198, 24.7602016], [82.2451605, 24.7444106], [82.2461364, 24.7696591], [82.2507296, 24.7697497], [82.2554759, 24.7482421], [82.2446975, 24.7306977], [82.2501106, 24.697453], [82.2297113, 24.6817872], [82.2397114, 24.6612731], [82.2401143, 24.6696643], [82.2490017, 24.6711617], [82.260874, 24.6613124], [82.2725509, 24.6735491], [82.2628594, 24.6782593], [82.2687584, 24.683405], [82.2851858, 24.6757826], [82.2880086, 24.6658626], [82.3031431, 24.667103], [82.2963645, 24.6612494], [82.3039015, 24.6536923], [82.2968041, 24.6058404], [82.3196392, 24.6062028], [82.3386389, 24.6203645], [82.3647673, 24.5971982], [82.4161102, 24.5911984], [82.4220227, 24.5996198], [82.4089955, 24.6252358], [82.4184463, 24.6517214], [82.4062045, 24.6811195], [82.4294479, 24.7025857], [82.4530283, 24.688537], [82.4502384, 24.6744097], [82.5229522, 24.6762697], [82.5297827, 24.6525309], [82.5396345, 24.6478514], [82.6708468, 24.6970267], [82.7008885, 24.6760187], [82.6981987, 24.646201], [82.7067018, 24.6362749], [82.7179614, 24.6425472], [82.7181729, 24.6346748], [82.7281343, 24.6353543], [82.7322853, 24.64428], [82.7530944, 24.6369516], [82.7743017, 24.6417747], [82.7722733, 24.6219344], [82.7795481, 24.6139359], [82.7654619, 24.595771], [82.803031, 24.597685], [82.807545, 24.5489944], [82.7555201, 24.5374468], [82.7516391, 24.5499068], [82.7191827, 24.55247], [82.7310275, 24.5350834], [82.7209419, 24.5295018], [82.7206341, 24.5140324], [82.7435632, 24.4953468], [82.7298949, 24.4726515], [82.736361, 24.4616458], [82.7308913, 24.4375763], [82.7392103, 24.4276439], [82.7234051, 24.4167849], [82.713207, 24.3802358], [82.7259693, 24.3679408], [82.7640063, 24.3762693], [82.7696993, 24.3695473], [82.7644986, 24.3542497], [82.773638, 24.3434221], [82.7659459, 24.3156998], [82.7715144, 24.2950423], [82.7561641, 24.2614229], [82.7592949, 24.2370571], [82.7347147, 24.217311], [82.7444369, 24.1654804], [82.7292981, 24.1479626], [82.7280776, 24.1351429], [82.6997115, 24.1392406], [82.682885, 24.1545919], [82.6707035, 24.1471229], [82.665238, 24.1244874], [82.70754, 24.0963914], [82.7138994, 24.0762497], [82.7331373, 24.0804537], [82.7483168, 24.0708223], [82.7596834, 24.0777307], [82.7630502, 24.0699109], [82.7740195, 24.0763043], [82.7673686, 24.0485626], [82.7471838, 24.0272746], [82.7507045, 24.0119781], [82.8041829, 24.0035247], [82.8085012, 23.9860569], [82.8022404, 23.9793], [82.8126116, 23.9598694], [82.8369868, 23.9568043], [82.8847118, 23.9088399], [82.9272198, 23.8922909], [82.9478794, 23.8714223], [83.0353068, 23.8796456], [83.0913767, 23.8715466], [83.141483, 23.8849197], [83.1594762, 23.9073849], [83.2079186, 23.9213948], [83.2038168, 23.9286785], [83.2159924, 23.9379045], [83.2231284, 23.9581456], [83.2236105, 23.9866478], [83.2424325, 23.9971784], [83.2425857, 24.0115857], [83.2636336, 24.0092396], [83.2791098, 24.0182747], [83.2821125, 24.0497342], [83.2994553, 24.0789289], [83.3214512, 24.1060169], [83.3342243, 24.1041086], [83.3540621, 24.1249067], [83.3829919, 24.197918], [83.3787319, 24.2303607], [83.3976396, 24.2438439], [83.4091018, 24.2663282], [83.4071667, 24.2887821], [83.3861866, 24.2988285], [83.3803687, 24.3137801], [83.4114159, 24.3398644], [83.4326286, 24.3382274], [83.4572662, 24.3645495], [83.4344185, 24.4007526], [83.4050702, 24.4047845], [83.4048941, 24.4359986], [83.3941182, 24.4346481], [83.3855121, 24.4512668], [83.3969427, 24.4969011], [83.4031509, 24.5038863], [83.5032904, 24.5254294], [83.4971217, 24.5390957], [83.5222794, 24.5476627], [83.5300965, 24.567322], [83.5235276, 24.6031318], [83.5479597, 24.622877], [83.5246928, 24.6278242], [83.5298071, 24.6430261], [83.5004921, 24.6512516], [83.5039893, 24.666295], [83.5203798, 24.677502], [83.4988559, 24.6948603], [83.4986398, 24.7033283], [83.4851299, 24.7016721], [83.4893396, 24.7363285], [83.4580972, 24.7313459], [83.427832, 24.7682948], [83.3930502, 24.7827339], [83.3996387, 24.7966628], [83.3937407, 24.8047615], [83.4018528, 24.8139008], [83.396594, 24.8323453], [83.3767402, 24.860143], [83.3575282, 24.8705418], [83.3694618, 24.8798728], [83.358273, 24.8881323], [83.3658784, 24.8930169], [83.3545786, 24.9054693], [83.3636745, 24.9130083], [83.3614528, 24.9537223], [83.3431066, 24.9630721], [83.3498105, 25.0092486], [83.3202159, 25.0172614], [83.3243446, 25.0373341], [83.3433524, 25.0508795], [83.335937, 25.0614584], [83.3500876, 25.1132781], [83.3632846, 25.1111801], [83.3673696, 25.1252269], [83.3634123, 25.1534734], [83.3513015, 25.1570113], [83.3563732, 25.1776347], [83.3497851, 25.1848876], [83.3572494, 25.1996614], [83.3663032, 25.1953557], [83.3819356, 25.2017508], [83.3862237, 25.2121543], [83.3931235, 25.2043446], [83.3976065, 25.2163094], [83.4020402, 25.209064], [83.4062617, 25.2377336], [83.4136103, 25.2354927], [83.4099122, 25.2466063], [83.4267213, 25.2463928], [83.4272058, 25.2536685], [83.4362292, 25.2442391], [83.4389608, 25.2578345], [83.4500907, 25.2610384], [83.4679231, 25.2523442], [83.4903767, 25.2894798], [83.4913753, 25.2799102], [83.5022762, 25.2874733], [83.5054599, 25.2810395], [83.5269359, 25.2929803], [83.5234574, 25.3025557], [83.5340124, 25.2973494], [83.5540943, 25.308491], [83.5472284, 25.3140618], [83.5372903, 25.3097683], [83.5399078, 25.3157864], [83.5720566, 25.3146641], [83.5737237, 25.3061251], [83.5962811, 25.3276655], [83.6284425, 25.3285214], [83.6337077, 25.3432128], [83.6488013, 25.3392708], [83.6559458, 25.3683639], [83.664394, 25.361912], [83.6639157, 25.3728259], [83.6766601, 25.364341], [83.6937074, 25.3696285], [83.6820568, 25.3786244], [83.6965467, 25.3824727], [83.7016827, 25.3961596], [83.710123, 25.3860447], [83.7405941, 25.4106317], [83.7450666, 25.4004592], [83.7662674, 25.4009499], [83.7549859, 25.3922526], [83.7689735, 25.3863551], [83.7727844, 25.3981607], [83.7896505, 25.3967723], [83.8078354, 25.4090992], [83.8143941, 25.4212072], [83.8015611, 25.4298312], [83.8463534, 25.4343514], [83.8419211, 25.4469205], [83.8128096, 25.4481974], [83.8165558, 25.4627595], [83.8248872, 25.4657956], [83.8327805, 25.4576106], [83.8567467, 25.4685698], [83.8778137, 25.4992536], [83.8762127, 25.518062], [83.902089, 25.5240263], [83.9245901, 25.5543147], [84.0174118, 25.6146904], [84.081276, 25.636308], [84.0851152, 25.6525783], [84.0751581, 25.6952716], [84.1050619, 25.721217], [84.1399006, 25.731657], [84.1416432, 25.721741], [84.1298844, 25.7177882], [84.1417371, 25.7160903], [84.1546198, 25.7292477], [84.1988948, 25.7020768], [84.2060114, 25.6694641], [84.2768621, 25.6604119], [84.3002595, 25.6653948], [84.2876112, 25.6775467], [84.3243459, 25.6710333], [84.3284212, 25.7319281], [84.3363449, 25.7442337], [84.3752203, 25.7353295], [84.3737353, 25.7442884], [84.3778265, 25.7392786], [84.3917005, 25.745163], [84.3843938, 25.7327747], [84.4000394, 25.7293697], [84.4067379, 25.6984208], [84.4276779, 25.693617], [84.4296487, 25.7116153], [84.4535093, 25.714326], [84.4708005, 25.6872448], [84.4936072, 25.6908386], [84.4919593, 25.6764876], [84.4993385, 25.6746823], [84.5077452, 25.6818543], [84.5200488, 25.6749628], [84.5288683, 25.6824926], [84.5394359, 25.72673], [84.5351878, 25.6907697], [84.55754, 25.6796837], [84.5643494, 25.7168086], [84.5602829, 25.7368957], [84.6003219, 25.7383749], [84.6346501, 25.7279419], [84.6253473, 25.7475255], [84.6029563, 25.7619355], [84.6134638, 25.7757742], [84.6234683, 25.7707965], [84.6245746, 25.7921715], [84.5521121, 25.8401833], [84.5486134, 25.8285373], [84.5305267, 25.8316295], [84.5307553, 25.8535032], [84.5232194, 25.8602903], [84.5432209, 25.8599556], [84.53398, 25.8763693], [84.5107509, 25.8717584], [84.4894882, 25.8883199], [84.472399, 25.8817116], [84.4601513, 25.8895091], [84.4275559, 25.8912351], [84.4119012, 25.9307799], [84.3539534, 25.9587829], [84.2969145, 25.9451743], [84.2070782, 25.9998317], [84.1962837, 25.9878777], [84.1760384, 25.9965153], [84.1700272, 25.9876762], [84.1724577, 26.0246047], [84.1372929, 26.0522121], [84.1038155, 26.0927326], [84.0886723, 26.1002409], [84.0559022, 26.1002067], [84.0487298, 26.1090643], [84.0501171, 26.1300155], [84.0274393, 26.1424013], [84.033454, 26.1606871], [84.0093842, 26.1755895], [84.0135995, 26.1942783], [84.0383502, 26.2009736], [84.0292634, 26.2198357], [84.0153018, 26.2232769], [84.0122199, 26.2321176], [84.0192284, 26.2389396], [84.0864117, 26.2187506], [84.091044, 26.2337768], [84.117444, 26.240115], [84.1216889, 26.2588678], [84.1511629, 26.2577902], [84.1662084, 26.2409459], [84.1611719, 26.2559189], [84.1766185, 26.2645381], [84.1745053, 26.2922732], [84.1859735, 26.3128994], [84.1725424, 26.3343527], [84.1766814, 26.3706832], [84.1219897, 26.3851212], [84.0791663, 26.3825073], [84.0631288, 26.4007194], [84.0338608, 26.4116543], [84.0168301, 26.4475542], [83.997896, 26.4468112], [83.991301, 26.4323622], [83.9080199, 26.447089], [83.9151686, 26.5028437], [83.9067447, 26.5093809], [83.9080855, 26.5190771], [83.9403568, 26.5252424], [83.9527921, 26.5177632], [83.9490136, 26.5102044], [83.9708251, 26.5075095], [83.9761288, 26.5335126], [83.9926439, 26.5331666], [84.0083194, 26.5219412], [84.0481197, 26.5364036], [84.0606435, 26.5681987], [84.089087, 26.6030231], [84.0864991, 26.639142], [84.1119651, 26.6306363], [84.1586993, 26.6362024], [84.1602936, 26.6245052], [84.2011945, 26.6247706], [84.2813213, 26.5995998], [84.2858249, 26.6057983], [84.3001127, 26.6037822], [84.3072672, 26.6163228], [84.3787939, 26.6146996], [84.4197087, 26.626815], [84.4097817, 26.6467447], [84.4104108, 26.6702489], [84.3300556, 26.6840999], [84.3258581, 26.7141489], [84.3058652, 26.7494879], [84.2857944, 26.7499349], [84.2554202, 26.7266215], [84.240669, 26.7387233], [84.2325764, 26.7536669], [84.2499986, 26.7737292], [84.259984, 26.805027], [84.2503631, 26.8193307], [84.2609316, 26.8302186], [84.2540946, 26.8565944], [84.2194857, 26.8715995], [84.190126, 26.8584724], [84.1817425, 26.8334792], [84.1660956, 26.8337689], [84.1406083, 26.8526525], [84.1464082, 26.8854244], [84.1312755, 26.8844511], [84.1290012, 26.8932011], [84.1179545, 26.8877137], [84.110415, 26.8985988], [84.0981361, 26.8759375], [84.0602675, 26.8881032], [84.0523679, 26.9064133], [84.0599718, 26.9201891], [84.0432332, 26.9317932], [84.0465352, 26.9391632], [84.0321357, 26.9411849], [84.0548339, 26.9600626], [84.04576, 26.9822387], [84.0566992, 26.9896621], [84.0373089, 27.0090774], [84.0495031, 27.0432712], [84.0313185, 27.0456293], [84.0000627, 27.0685871], [84.0165979, 27.0717957], [84.0303374, 27.0976304], [84.0164444, 27.1054224], [83.9644039, 27.0841244], [83.9464712, 27.0908222], [83.9476749, 27.1124949], [83.9628045, 27.1276931], [83.9590642, 27.1368783], [83.9941836, 27.1751723], [83.986956, 27.1975281], [83.9674665, 27.2095091], [83.9701839, 27.223992], [83.9534137, 27.2362467], [83.9120981, 27.2457555], [83.905072, 27.2576158], [83.9058278, 27.2749574], [83.9340738, 27.2997463], [83.9254752, 27.321413], [83.9023656, 27.3262863], [83.87144, 27.3072423], [83.8593381, 27.3080655], [83.8365719, 27.3222151], [83.862341, 27.3356847], [83.8639437, 27.3472335], [83.8308426, 27.3697887], [83.6142535, 27.4694433], [83.3881752, 27.4797552], [83.388263, 27.4707784], [83.402425, 27.4661861], [83.4017393, 27.4575391], [83.3839105, 27.4362766], [83.4093419, 27.4128061], [83.3845099, 27.3901673], [83.3876824, 27.375618], [83.3746362, 27.3699968], [83.3737625, 27.3572151], [83.3578921, 27.3507178], [83.3592339, 27.3432616], [83.3371681, 27.3326328], [83.317839, 27.3374158], [83.3175875, 27.3301636], [83.2916279, 27.3349251], [83.2724271, 27.3526281], [83.2653169, 27.3653676], [83.2721516, 27.3833486], [83.2188306, 27.4162202], [83.187948, 27.4543155], [83.0340513, 27.4489009], [82.9540924, 27.4677326], [82.929288, 27.5011899], [82.801595, 27.4964231], [82.7355469, 27.5023521], [82.7367873, 27.5178913], [82.7496477, 27.5225677], [82.7377651, 27.5465558], [82.755767, 27.5877992], [82.7351154, 27.6099329], [82.7366016, 27.6434528], [82.7115007, 27.6652901], [82.7183399, 27.6873608], [82.7060751, 27.7016974], [82.7054025, 27.7102623], [82.7081771, 27.720823], [82.7076528, 27.7229164], [82.7050889, 27.7166271], [82.6991261, 27.7219525], [82.6808946, 27.713906], [82.6658004, 27.7159434], [82.6643176, 27.7226387], [82.6188691, 27.7023307], [82.6051931, 27.7060683], [82.5412825, 27.6856994], [82.5166088, 27.6905579], [82.473308, 27.6766735], [82.4486703, 27.6793151], [82.4017242, 27.703723], [82.3677155, 27.7429189], [82.3034572, 27.7728332], [82.2083068, 27.8435788], [82.1540077, 27.866808], [82.1484699, 27.8583687], [82.1213824, 27.8658463], [82.0699608, 27.9236458], [81.9683243, 27.9291208], [81.925229, 27.8753279], [81.9258498, 27.8598313], [81.8849585, 27.8569506], [81.8340933, 27.8972288], [81.80494, 27.9033204], [81.6984407, 27.9881911], [81.6239851, 28.001601], [81.4782763, 28.0827132], [81.4840052, 28.118566], [81.4499337, 28.1408506], [81.4466836, 28.1610157], [81.4176865, 28.1737438], [81.3735149, 28.1773007], [81.3670182, 28.1630925], [81.37758, 28.156624], [81.3710763, 28.1434916], [81.3180307, 28.1336716], [81.318257, 28.145193], [81.3280595, 28.1480817], [81.3203839, 28.1602839], [81.3120599, 28.155898], [81.3020042, 28.1647627], [81.3213472, 28.1688857], [81.3209438, 28.1975543], [81.2326386, 28.2891481], [81.2344823, 28.3247386], [81.2105969, 28.3608335], [81.079739, 28.3850597], [81.0356734, 28.4135774], [81.0338336, 28.3988984], [81.0175318, 28.4154726], [81.0342034, 28.4281792], [81.0294244, 28.4387946], [81.0192832, 28.431467], [81.0126093, 28.4378197], [81.0167571, 28.4512888], [80.998887, 28.4530595], [80.9889489, 28.4415359], [80.9776458, 28.4424223], [80.9788341, 28.4341519], [80.9649692, 28.4379137], [80.9646435, 28.4448377], [80.9801674, 28.4552416], [80.9669948, 28.4571536], [80.9517268, 28.4476402], [80.9514297, 28.4557809], [80.9320213, 28.4588907], [80.9427051, 28.4687361], [80.9305175, 28.4577748], [80.9172165, 28.460045], [80.9141482, 28.4684277], [80.9154146, 28.4576372], [80.9055559, 28.4663675], [80.9015339, 28.4861059], [80.9087401, 28.4981095], [80.896094, 28.5070194], [80.8754348, 28.5107082], [80.8615216, 28.5043936], [80.865949, 28.4895839], [80.844537, 28.4957543], [80.815446, 28.5207091], [80.7891945, 28.5245187], [80.7896001, 28.5433878], [80.7697107, 28.549947], [80.7686007, 28.5659072], [80.73838, 28.5748015], [80.7384626, 28.5663881], [80.7244028, 28.5752935], [80.7145327, 28.5684048], [80.690446, 28.5875959], [80.6957507, 28.6034857], [80.6774668, 28.604446], [80.6797414, 28.6210893], [80.6676254, 28.6421893], [80.6512974, 28.6340659], [80.6414179, 28.643323], [80.6116126, 28.6395212], [80.6061975, 28.6524311], [80.5894484, 28.6480372], [80.5974251, 28.6560491], [80.5802447, 28.6614593], [80.59052, 28.6800367], [80.5395297, 28.6907564], [80.5059264, 28.6708363], [80.5215366, 28.5767469], [80.5305953, 28.5726208], [80.5176238, 28.5519602], [80.4814435, 28.5853153], [80.4686772, 28.5835302], [80.4636958, 28.6160831], [80.4519398, 28.6288566], [80.4208166, 28.6398917], [80.376353, 28.6289428], [80.3609954, 28.6352627], [80.3602747, 28.645815], [80.325727, 28.6664776], [80.3171217, 28.700143], [80.2934816, 28.7117415], [80.2791511, 28.7097156], [80.2565191, 28.7292484], [80.2655732, 28.7436057], [80.2565807, 28.7542518], [80.2159858, 28.7555682], [80.1706869, 28.7828193], [80.1180516, 28.8289798], [80.0748191, 28.8244868], [80.0653611, 28.8368995], [80.0517888, 28.8203723], [80.068082, 28.8025003], [80.061736, 28.783195], [80.0301318, 28.7486342], [79.9541649, 28.7228331], [79.9386267, 28.750377], [79.9432044, 28.7598915], [79.9242116, 28.773091], [79.9398197, 28.7877168], [79.9013595, 28.7819757], [79.8730577, 28.7972831], [79.8696043, 28.8083418], [79.878489, 28.8148343], [79.9155219, 28.8042739], [79.914526, 28.8184848], [79.8940671, 28.8204044], [79.8882218, 28.8365579], [79.8784718, 28.8303104], [79.8631892, 28.8402168], [79.8614196, 28.8305272], [79.846304, 28.8231762], [79.8529368, 28.8137299], [79.8465866, 28.8104407], [79.8528929, 28.8061328], [79.849341, 28.7996376], [79.8454298, 28.8048311], [79.8269309, 28.7949705], [79.8087576, 28.8000149], [79.816451, 28.8169188], [79.8189704, 28.8054735], [79.8242871, 28.8072731], [79.8371724, 28.8323497], [79.823817, 28.8390102], [79.8367797, 28.8399175], [79.8307392, 28.8552297], [79.8406321, 28.8476761], [79.8496006, 28.8592972], [79.8446835, 28.8750271], [79.8330816, 28.8707098], [79.829295, 28.884454], [79.8180242, 28.8878062], [79.7950877, 28.8852616], [79.78344, 28.8712453], [79.7490708, 28.8717683], [79.7456486, 28.8599204], [79.7263712, 28.860974], [79.7199129, 28.8456651], [79.709621, 28.8511036], [79.7066693, 28.8410092], [79.6560491, 28.8697697], [79.6309231, 28.8611207], [79.6261317, 28.8666246], [79.6133082, 28.8528263], [79.6038969, 28.8568335], [79.5843616, 28.8462727], [79.5734898, 28.8546465], [79.5842696, 28.8791802], [79.5563509, 28.899093], [79.5217811, 28.8647449], [79.4968267, 28.8728887], [79.4787334, 28.8711448], [79.4772153, 28.8645668], [79.4519953, 28.8713691], [79.4417218, 28.8616604], [79.425421, 28.8666731], [79.430978, 28.8859976], [79.4229372, 28.8934941], [79.4278649, 28.9182463], [79.4158377, 28.9278693], [79.4190085, 28.9400316], [79.4074773, 28.9522464], [79.3873263, 28.949695], [79.3723591, 28.9874715], [79.3621104, 28.981445], [79.3647016, 28.9680749], [79.3122256, 28.9769679], [79.3072659, 28.9664676], [79.2591323, 28.9924011], [79.2477513, 29.0033446], [79.25102, 29.010239], [79.2117332, 29.0275649], [79.1710559, 29.0118694], [79.175815, 29.0157383], [79.165278, 29.0177882], [79.1623501, 29.0292099], [79.1751076, 29.0462466], [79.1425031, 29.0669473], [79.1535008, 29.1151847], [79.1268666, 29.1326849], [79.1118992, 29.1279242], [79.0358397, 29.1693921], [79.0291239, 29.1641337], [79.0393682, 29.1584084], [79.0374007, 29.1448232], [79.0178211, 29.1538403], [79.0169206, 29.1307721], [79.0406322, 29.1276669], [79.0266988, 29.1124171], [79.0081699, 29.1119111], [79.0042352, 29.125899], [78.9823434, 29.143046], [78.9728677, 29.1269137], [78.9641728, 29.1305008], [78.9564453, 29.119888], [78.9346438, 29.1296432], [78.9270213, 29.1181298], [78.9063344, 29.125014], [78.9187581, 29.1355345], [78.9016671, 29.169563], [78.9087501, 29.1785618], [78.8867453, 29.1950807], [78.8906243, 29.2011769], [78.8752161, 29.2051682], [78.8832811, 29.2113083], [78.8717641, 29.2225689], [78.8744801, 29.2302485], [78.8585888, 29.23299], [78.8582877, 29.2417842], [78.8495438, 29.2327129], [78.8381574, 29.2425466], [78.8200754, 29.2321429], [78.8077969, 29.2366672], [78.7738281, 29.2619864], [78.7650155, 29.2793059], [78.7345217, 29.299566], [78.7226905, 29.2993187], [78.718588, 29.3066407], [78.7344534, 29.3029397], [78.7336688, 29.3219035], [78.7503182, 29.3173546], [78.7537641, 29.3312184], [78.7665514, 29.3374011], [78.7774824, 29.3257277], [78.7934475, 29.3281668], [78.7895508, 29.3152964], [78.7959107, 29.3117652], [78.8047217, 29.3192497], [78.799902, 29.3345754], [78.810507, 29.3401244], [78.8247328, 29.3671308], [78.8302612, 29.368012], [78.8274525, 29.3542067], [78.849868, 29.3448171], [78.8559767, 29.3497243], [78.8519284, 29.3603319], [78.8787144, 29.3660053], [78.8777359, 29.3749652], [78.8873367, 29.3730526], [78.9117917, 29.3937483], [78.9257141, 29.4259513], [78.9423323, 29.4385709], [78.9187235, 29.4342593], [78.7996729, 29.4645749], [78.7450109, 29.5007822], [78.7062569, 29.5026846], [78.650471, 29.5459995], [78.6177322, 29.5580267], [78.5803567, 29.5863682], [78.532674, 29.6387499], [78.5214871, 29.6578154], [78.5165424, 29.7194017], [78.5009643, 29.7329048], [78.4556373, 29.7451517], [78.4285054, 29.7644553], [78.3927552, 29.7673913], [78.3356586, 29.7966056], [78.2597516, 29.7383367], [78.2039218, 29.7372652], [78.1960357, 29.6929861], [78.1716222, 29.6915705], [78.130538, 29.6525376], [78.0814629, 29.6351422], [78.0866882, 29.6250327], [78.0574717, 29.6306869], [78.0488475, 29.6146106], [78.0182837, 29.5981991], [78.0152355, 29.5872497], [78.0215992, 29.5808523], [78.0007996, 29.5862056], [77.995165, 29.5957958], [77.9864502, 29.5843833], [77.9671037, 29.5801399], [77.9333023, 29.6005149], [77.948421, 29.6169145], [77.9776898, 29.6134455], [77.9837674, 29.6447237], [77.9664506, 29.6501435], [77.969959, 29.6664307], [77.9398945, 29.6960831], [77.950981, 29.7015942], [77.9470224, 29.7124841], [77.9264435, 29.7142196], [77.9125333, 29.6959219], [77.8826466, 29.7024276], [77.87471, 29.6872926], [77.8628103, 29.6894493], [77.8300488, 29.6682995], [77.7990536, 29.6861914], [77.8104834, 29.7023711], [77.769731, 29.7176023], [77.782678, 29.7362379], [77.7695293, 29.7453381], [77.780356, 29.7650159], [77.7731199, 29.7687001], [77.7742509, 29.7910447], [77.7515793, 29.8106796], [77.7589914, 29.8185031], [77.7402199, 29.8347335], [77.7418893, 29.8518455], [77.7234385, 29.8550515], [77.7142979, 29.8694545], [77.7207726, 29.8761566], [77.7157751, 29.8855422], [77.7227522, 29.8844211], [77.7317477, 29.8929704], [77.7292726, 29.9005121], [77.7477763, 29.9111659], [77.7429853, 29.9246756], [77.7304716, 29.931695], [77.7483645, 29.9516392], [77.7332974, 29.9559338], [77.7437143, 29.9833559], [77.7603752, 29.9951065], [77.7553849, 29.9990018], [77.7619588, 30.0093044], [77.7819844, 30.0186275], [77.7854921, 30.0278927], [77.7711387, 30.0480219], [77.801195, 30.0954774], [77.8280537, 30.0859174], [77.8368228, 30.1035187], [77.8604155, 30.1131925], [77.881177, 30.1507317], [77.9120188, 30.1825312], [77.9189352, 30.2112787], [77.9321349, 30.214388], [77.9616973, 30.2423693], [77.9414697, 30.2397918], [77.9369936, 30.2491631], [77.8940036, 30.2653666], [77.8795761, 30.2619492], [77.8465257, 30.271641], [77.7611604, 30.3182886], [77.7218487, 30.3302068], [77.6903985, 30.3759471], [77.6780809, 30.3756555], [77.6765491, 30.3877783], [77.6597317, 30.3905566], [77.6566475, 30.4009395], [77.6011922, 30.3999066]], [[78.5012996, 25.170634], [78.5155859, 25.180905], [78.5296346, 25.1802329], [78.4942611, 25.1526488], [78.5012996, 25.170634]]]]}}, {"type": "Feature", "properties": {"state_name": "Delhi", "stname": "DELHI", "state_lgd": 7, "id": 9}, "geometry": {"type": "Polygon", "coordinates": [[[77.123366, 28.8576183], [77.0826599, 28.8834996], [77.0746124, 28.8675178], [77.0578115, 28.8677484], [77.0402323, 28.8320631], [76.9948142, 28.8395095], [76.9796873, 28.8212324], [76.9670113, 28.8280507], [76.961756, 28.8148096], [76.9485154, 28.815485], [76.9418907, 28.7986617], [76.9538477, 28.7909094], [76.9498111, 28.7770615], [76.9555727, 28.7677777], [76.9444901, 28.7540727], [76.9600605, 28.7327359], [76.9481975, 28.712988], [76.96783, 28.6996287], [76.9537999, 28.6677218], [76.9353352, 28.6678607], [76.9249643, 28.6501463], [76.9429948, 28.6279975], [76.9345696, 28.6183544], [76.9197782, 28.6316266], [76.9064684, 28.6237969], [76.8878477, 28.6316647], [76.8660667, 28.587957], [76.8395331, 28.5827923], [76.8424094, 28.556304], [76.8871264, 28.520573], [76.880409, 28.5062008], [76.8854473, 28.5011362], [76.9079291, 28.5138077], [76.9516726, 28.5042211], [76.978102, 28.5213223], [76.9903941, 28.5135042], [76.9965648, 28.5197482], [77.0102218, 28.5143473], [77.0171073, 28.5208348], [77.0002263, 28.5320937], [77.0066531, 28.5414072], [77.0589496, 28.5126417], [77.0717952, 28.5201884], [77.093132, 28.5141013], [77.1207321, 28.4959402], [77.1107776, 28.471312], [77.1285931, 28.4409328], [77.1622958, 28.4289395], [77.1744832, 28.4046676], [77.2166055, 28.4097278], [77.249524, 28.4244678], [77.2461947, 28.453453], [77.2329201, 28.4579121], [77.2432971, 28.47882], [77.2902658, 28.4965353], [77.3141004, 28.4836066], [77.3474081, 28.5183856], [77.3037945, 28.5524314], [77.2970945, 28.5659695], [77.298379, 28.5801505], [77.3133979, 28.596588], [77.3419608, 28.6070885], [77.3425627, 28.6219734], [77.3162652, 28.641215], [77.323601, 28.6767135], [77.3329222, 28.6819602], [77.3232705, 28.6985753], [77.3310779, 28.7131017], [77.2915166, 28.7061532], [77.2907673, 28.7223844], [77.2764393, 28.7354494], [77.260822, 28.7341645], [77.256368, 28.7562008], [77.2355625, 28.7609155], [77.2358818, 28.7707333], [77.2218681, 28.7773908], [77.2341477, 28.7837184], [77.2026255, 28.792462], [77.2013018, 28.8129414], [77.2189634, 28.8082385], [77.2243934, 28.8253218], [77.2142359, 28.8558176], [77.1754049, 28.8583223], [77.15775, 28.8366899], [77.1459706, 28.8379155], [77.1403168, 28.8620601], [77.123366, 28.8576183]]]}}, {"type": "Feature", "properties": {"state_name": "Haryana", "stname": "HARYANA", "state_lgd": 6, "id": 12}, "geometry": {"type": "MultiPolygon", "coordinates": [[[[76.8424687, 30.8905627], [76.8224039, 30.9285429], [76.7760865, 30.9059712], [76.7841304, 30.8782638], [76.8146719, 30.8524441], [76.8139982, 30.8429866], [76.8466999, 30.8339056], [76.8453282, 30.807193], [76.8569871, 30.7947476], [76.8417811, 30.7744588], [76.8315008, 30.7395112], [76.8474196, 30.7314144], [76.843574, 30.7192136], [76.8494453, 30.718273], [76.8251561, 30.6882462], [76.8318882, 30.6832302], [76.8315394, 30.6647502], [76.8457905, 30.6686352], [76.8449556, 30.6590212], [76.8530186, 30.6571969], [76.8764472, 30.6805056], [76.8712192, 30.6421229], [76.8851205, 30.6452825], [76.8955532, 30.6289194], [76.9100775, 30.6261493], [76.9135167, 30.6114075], [76.9260114, 30.6100638], [76.9202192, 30.5932345], [76.9096551, 30.5918789], [76.9197993, 30.5851575], [76.908973, 30.5646947], [76.9161612, 30.5536634], [76.9049392, 30.5429528], [76.8864989, 30.5498295], [76.9151629, 30.5264425], [76.9320179, 30.5221881], [76.9311708, 30.5003552], [76.9189285, 30.489441], [76.9109358, 30.4942148], [76.8989596, 30.4887923], [76.9138145, 30.4676705], [76.8975523, 30.4371029], [76.9050479, 30.4340704], [76.9122898, 30.4429078], [76.9063759, 30.4335711], [76.9164899, 30.4262327], [76.9193616, 30.4074094], [76.9127157, 30.4008841], [76.9336997, 30.401243], [76.9414615, 30.3953523], [76.9386791, 30.3860944], [76.9168637, 30.3649077], [76.8982616, 30.3588187], [76.8903989, 30.3695529], [76.8979627, 30.3820966], [76.8808413, 30.3938145], [76.8833646, 30.4086454], [76.8561269, 30.4176464], [76.8467896, 30.4380788], [76.8216384, 30.4127073], [76.7870368, 30.4162106], [76.7743261, 30.4263975], [76.7848712, 30.4353518], [76.7734617, 30.4434055], [76.7655628, 30.4324932], [76.7410473, 30.4262179], [76.7377246, 30.408095], [76.7282244, 30.4003616], [76.7145531, 30.4024384], [76.7132495, 30.390719], [76.7194915, 30.3787672], [76.7312401, 30.379662], [76.719912, 30.363329], [76.745414, 30.3678295], [76.7511252, 30.3553044], [76.7460917, 30.3495337], [76.7326208, 30.348324], [76.7110226, 30.3257965], [76.7000519, 30.328051], [76.6956305, 30.3215744], [76.6885942, 30.3272714], [76.6807876, 30.3031312], [76.6654272, 30.3059027], [76.6392597, 30.2846052], [76.6352274, 30.2891235], [76.6234309, 30.2645521], [76.614414, 30.2725047], [76.5929227, 30.2617401], [76.5838178, 30.2702207], [76.5751426, 30.2618773], [76.55668, 30.262438], [76.560046, 30.2451851], [76.5456734, 30.2255471], [76.596333, 30.2552072], [76.6061003, 30.2483519], [76.6029337, 30.2413348], [76.6275063, 30.2271863], [76.6155349, 30.2116783], [76.6542599, 30.2034658], [76.6506422, 30.193144], [76.6571279, 30.1871215], [76.6354332, 30.169975], [76.6355013, 30.184542], [76.6456047, 30.1880653], [76.6141909, 30.2044333], [76.6073086, 30.1917767], [76.6437439, 30.1502113], [76.6234729, 30.1400763], [76.5989452, 30.1120892], [76.560546, 30.0933767], [76.5437594, 30.0742736], [76.5082976, 30.0703769], [76.5102249, 30.0827253], [76.4988871, 30.0940579], [76.4625486, 30.1010204], [76.4599624, 30.1294445], [76.4405284, 30.1314232], [76.4397667, 30.1436667], [76.4285913, 30.1505471], [76.4405821, 30.1658407], [76.4227375, 30.1922382], [76.4065662, 30.190389], [76.3871812, 30.1705939], [76.4100945, 30.1450355], [76.3911078, 30.1348029], [76.4000649, 30.1166705], [76.362203, 30.1201186], [76.3669452, 30.1241794], [76.3504903, 30.1468309], [76.3335078, 30.1381663], [76.3602316, 30.1201661], [76.3441515, 30.1008235], [76.3217633, 30.0950592], [76.2966029, 30.1144032], [76.2853391, 30.1061764], [76.2536883, 30.1215739], [76.2343819, 30.1449289], [76.20767, 30.1569935], [76.2077278, 30.1442655], [76.2242828, 30.1270759], [76.2159273, 30.1237427], [76.202437, 30.1360486], [76.1963781, 30.1234531], [76.2170887, 30.122807], [76.2167658, 30.1100103], [76.2421108, 30.1005105], [76.2517307, 30.1075026], [76.2653034, 30.0987823], [76.2262305, 30.0586645], [76.2224077, 30.0366872], [76.2139623, 30.0317213], [76.213171, 30.022096], [76.2319944, 30.0152075], [76.2092554, 30.0040578], [76.2107377, 29.9881543], [76.202413, 29.9893177], [76.20573, 29.9743022], [76.1980884, 29.9682593], [76.2127383, 29.9470914], [76.2101758, 29.9396132], [76.1837556, 29.9483009], [76.1719724, 29.9262724], [76.1878063, 29.9206265], [76.1856563, 29.8924411], [76.1934554, 29.885622], [76.2108361, 29.8913076], [76.2467573, 29.8759511], [76.2438162, 29.8524081], [76.2272463, 29.8517669], [76.2205515, 29.8378437], [76.1978174, 29.8447618], [76.1848718, 29.8227205], [76.1737398, 29.8179065], [76.1454877, 29.8190797], [76.1239504, 29.7909116], [76.1200098, 29.8008662], [76.0980828, 29.810605], [76.0849957, 29.8007287], [76.0826487, 29.7811587], [76.0568182, 29.7653516], [76.0438473, 29.7426771], [76.0261051, 29.7561527], [76.0167744, 29.742996], [75.9949024, 29.7392608], [75.9844116, 29.7271084], [75.9386924, 29.730664], [75.9063117, 29.7533315], [75.8988399, 29.7462411], [75.8702502, 29.7493027], [75.866745, 29.7665316], [75.8514143, 29.7726959], [75.8370121, 29.794249], [75.8377552, 29.813018], [75.8056504, 29.8047237], [75.7788323, 29.8223436], [75.7561747, 29.8049955], [75.7206756, 29.8135434], [75.7064467, 29.7531964], [75.6913603, 29.7559248], [75.6771746, 29.7765788], [75.6424632, 29.7750914], [75.6274519, 29.7483603], [75.616758, 29.7440832], [75.6052692, 29.7519471], [75.5799752, 29.7390919], [75.5621243, 29.770223], [75.5379611, 29.7733332], [75.523039, 29.758403], [75.5186035, 29.7758156], [75.5027654, 29.7778803], [75.4595417, 29.8075139], [75.4528756, 29.8018437], [75.4539769, 29.7820007], [75.4274757, 29.7708501], [75.4214234, 29.7750834], [75.406316, 29.7612491], [75.4047842, 29.7389945], [75.3881866, 29.7298812], [75.3921424, 29.713164], [75.3750593, 29.7139636], [75.3708173, 29.704464], [75.3457294, 29.6960034], [75.3601691, 29.6625993], [75.3337679, 29.6734738], [75.316592, 29.6306153], [75.2957375, 29.6250338], [75.2896959, 29.6078079], [75.3199402, 29.5874124], [75.3113003, 29.5801418], [75.3094755, 29.5608347], [75.2811698, 29.5614583], [75.2732715, 29.5499861], [75.2353672, 29.5420701], [75.2384141, 29.5588568], [75.2217285, 29.5802828], [75.2353823, 29.6030651], [75.1830731, 29.6283995], [75.1876259, 29.6517947], [75.1746606, 29.6555983], [75.1675966, 29.669539], [75.2068038, 29.6875137], [75.2077966, 29.7012121], [75.1977954, 29.7032478], [75.2006443, 29.7264808], [75.2103396, 29.7388071], [75.2263523, 29.7288722], [75.240763, 29.7485946], [75.2263089, 29.7891338], [75.2085384, 29.7926694], [75.2103065, 29.8328765], [75.191044, 29.8413665], [75.1656411, 29.8260406], [75.1590968, 29.8013251], [75.1668145, 29.7846872], [75.150992, 29.7755234], [75.1351135, 29.8072856], [75.100586, 29.8070772], [75.1015423, 29.8215479], [75.1189005, 29.8315825], [75.0900987, 29.8540049], [75.1147364, 29.8786505], [75.1093015, 29.9040914], [75.0987808, 29.9127815], [75.0864364, 29.9165469], [75.0699933, 29.8770484], [75.046987, 29.8850726], [75.0225468, 29.8662533], [74.9909925, 29.8678232], [74.9788583, 29.894306], [74.9480203, 29.907227], [74.9267073, 29.9504889], [74.8972023, 29.93969], [74.9029756, 29.9534822], [74.8879615, 29.966723], [74.8757875, 29.9576124], [74.8554153, 29.9564925], [74.8384822, 29.9711482], [74.8210599, 29.971025], [74.8243267, 29.9857667], [74.8114624, 29.9924006], [74.7784541, 29.971673], [74.7612786, 29.9733147], [74.7309881, 29.9614569], [74.7068305, 29.9705404], [74.7068721, 29.976986], [74.682145, 29.9434858], [74.6516869, 29.9265992], [74.6508061, 29.905084], [74.5972566, 29.9127699], [74.5798801, 29.9256698], [74.5590314, 29.9272804], [74.5315655, 29.9496724], [74.5097916, 29.9084242], [74.5438277, 29.9016836], [74.5610562, 29.8697761], [74.5441894, 29.8443947], [74.5079684, 29.8332852], [74.4846405, 29.8148934], [74.4733429, 29.7700701], [74.4778668, 29.7468073], [74.5031443, 29.7427512], [74.5346961, 29.7405871], [74.5485974, 29.7554926], [74.5773144, 29.7541437], [74.5781143, 29.7479886], [74.5874882, 29.7669076], [74.6000878, 29.7664865], [74.6159403, 29.7522663], [74.5854795, 29.6544688], [74.5913777, 29.6395372], [74.5815627, 29.6271559], [74.5749724, 29.5643207], [74.5899147, 29.5479059], [74.6230893, 29.531055], [74.6218939, 29.5222475], [74.6010138, 29.501036], [74.5846647, 29.4584908], [74.5437688, 29.4679688], [74.5346564, 29.4477163], [74.5366228, 29.4245464], [74.566413, 29.4204815], [74.57789, 29.3885011], [74.6029108, 29.364909], [74.6073436, 29.3562307], [74.5992864, 29.3274564], [74.6545091, 29.3329402], [74.6582259, 29.3719667], [74.7195193, 29.3700067], [74.7392142, 29.3541439], [74.762203, 29.3543764], [74.7875525, 29.3614274], [74.8203768, 29.3972073], [74.850576, 29.4035783], [74.8714024, 29.3948746], [74.8776616, 29.3835445], [74.9003113, 29.3847638], [74.9382847, 29.3620336], [74.9398946, 29.3400166], [74.9608953, 29.320254], [74.9484122, 29.3014721], [74.9611677, 29.2805822], [74.9832605, 29.2805733], [74.9992281, 29.2703065], [75.019878, 29.2862047], [75.0500008, 29.286076], [75.0604115, 29.2760083], [75.0758078, 29.2296546], [75.1196107, 29.2228652], [75.1243899, 29.2398696], [75.1628326, 29.2440162], [75.1743851, 29.2512488], [75.1686426, 29.2587481], [75.1880064, 29.2681908], [75.210142, 29.23465], [75.2383945, 29.2302381], [75.2446868, 29.2500007], [75.2837681, 29.2497884], [75.2874145, 29.2733245], [75.3057917, 29.2746027], [75.3220477, 29.2894919], [75.3406115, 29.2811345], [75.3387384, 29.2519748], [75.3281223, 29.2353137], [75.3498418, 29.2237736], [75.3599782, 29.227199], [75.362354, 29.2444269], [75.378023, 29.2568334], [75.3926641, 29.2613521], [75.4106984, 29.2554751], [75.4119917, 29.2427489], [75.3968234, 29.2175367], [75.4085766, 29.2133135], [75.4143807, 29.1843145], [75.406774, 29.169748], [75.3812521, 29.1689521], [75.3787426, 29.1422342], [75.3715002, 29.1381027], [75.4021633, 29.1279009], [75.4057756, 29.119803], [75.3921093, 29.1019863], [75.391257, 29.0627313], [75.4418192, 29.0575381], [75.4519268, 29.0391684], [75.4429523, 29.0230868], [75.4457189, 29.0083206], [75.4726094, 29.0143104], [75.5219959, 29.0037454], [75.5274204, 28.9710042], [75.510028, 28.9538796], [75.5115642, 28.9420615], [75.5008395, 28.9339273], [75.4772183, 28.9346983], [75.4733962, 28.9233798], [75.4965993, 28.8961616], [75.4984681, 28.8489562], [75.505293, 28.8512715], [75.5078274, 28.8392151], [75.5202469, 28.8339876], [75.5193716, 28.8127387], [75.5032613, 28.782531], [75.5169673, 28.7746793], [75.5360962, 28.745168], [75.5304562, 28.7382528], [75.5400237, 28.7244769], [75.5412104, 28.6604881], [75.5497966, 28.6410352], [75.560728, 28.6359159], [75.5615188, 28.6132146], [75.6217087, 28.6020678], [75.6334766, 28.5444379], [75.6657991, 28.5359909], [75.6709302, 28.5171176], [75.7019799, 28.4917746], [75.7394731, 28.484761], [75.7356696, 28.4688413], [75.7882945, 28.4535494], [75.7885241, 28.4335594], [75.7667165, 28.4142278], [75.7767944, 28.4003728], [75.8186695, 28.4099133], [75.8639509, 28.3852199], [75.8903974, 28.3830842], [75.8960374, 28.3898846], [75.9006383, 28.3717769], [75.9182428, 28.3719995], [75.9295494, 28.3591441], [75.9329727, 28.336604], [75.9550156, 28.333772], [75.9578387, 28.3138292], [75.9724562, 28.3185697], [75.9864397, 28.2929585], [76.0263195, 28.275032], [76.0129614, 28.2460443], [76.0162698, 28.2367998], [76.0558802, 28.2200222], [76.0473364, 28.1981424], [76.0719162, 28.1943223], [76.076178, 28.168549], [76.0954533, 28.150862], [76.0929434, 28.1400299], [76.0746996, 28.137138], [76.0653735, 28.1415259], [76.0706856, 28.1651452], [76.0317854, 28.1678598], [76.0168492, 28.150087], [76.0049251, 28.149448], [75.9996925, 28.1234859], [75.9766727, 28.1247513], [75.9455642, 28.1071646], [75.9386033, 28.0879421], [75.9834335, 28.0813505], [75.9883319, 28.0663037], [75.9748389, 28.0509933], [75.9844104, 28.0470852], [76.0076636, 28.0589301], [76.0232112, 28.0859333], [76.0407931, 28.0740436], [76.0253595, 28.0542411], [76.0082767, 28.0583939], [76.0170698, 28.0525633], [76.0163922, 28.0305092], [75.994622, 28.0385177], [75.9727343, 28.0236376], [75.9711151, 28.016075], [75.9955319, 28.0068844], [75.9899315, 27.9946936], [75.966718, 28.0000279], [75.9657994, 27.9836118], [75.9999352, 27.9775785], [75.9819595, 27.9653315], [75.9727151, 27.9326664], [75.9579149, 27.9359088], [75.9516789, 27.9477268], [75.9323559, 27.9301384], [75.9382766, 27.9140789], [75.9680738, 27.9143717], [75.9748036, 27.9117868], [75.9731746, 27.9020905], [75.9874869, 27.904163], [75.9753142, 27.8936589], [75.9844155, 27.8825916], [75.9713731, 27.8519663], [76.0046422, 27.8344457], [76.0095524, 27.8415232], [76.0408721, 27.8412798], [76.0480772, 27.8349836], [76.060639, 27.8482758], [76.0856709, 27.8447077], [76.0888834, 27.8605424], [76.123335, 27.8510143], [76.1353954, 27.8392863], [76.1322864, 27.8244738], [76.1536447, 27.8197486], [76.1749606, 27.7980735], [76.1995982, 27.8215579], [76.2173266, 27.8168105], [76.2251789, 27.8332565], [76.208855, 27.8400133], [76.2121637, 27.8464396], [76.1938058, 27.8595117], [76.2014647, 27.8925416], [76.1682069, 27.9033801], [76.1866407, 27.9654785], [76.1634542, 27.973424], [76.1669266, 27.9829858], [76.1578667, 27.9892965], [76.1768898, 28.0215494], [76.1968655, 28.0154831], [76.2033449, 28.0280261], [76.2148026, 28.0265827], [76.2166989, 28.0354801], [76.2037221, 28.0377506], [76.2018117, 28.0293485], [76.1895363, 28.0344536], [76.1779449, 28.0455982], [76.1804048, 28.054519], [76.2011336, 28.058423], [76.2380426, 28.0497156], [76.2429375, 28.0643397], [76.2609621, 28.0675288], [76.293556, 28.0492018], [76.2924081, 28.0257859], [76.2989775, 28.0227068], [76.3189543, 28.0155308], [76.3423634, 28.0305757], [76.3556697, 28.0707324], [76.343489, 28.0702043], [76.3288785, 28.0876803], [76.3014418, 28.0978693], [76.3092653, 28.1081883], [76.3365944, 28.1026078], [76.3598612, 28.1249187], [76.3331459, 28.1335597], [76.320969, 28.1485565], [76.2975829, 28.1491153], [76.3045632, 28.1593222], [76.2807061, 28.1655326], [76.2922659, 28.1792164], [76.3452508, 28.1693987], [76.357853, 28.1610586], [76.3565678, 28.1437333], [76.3817272, 28.1332354], [76.4008312, 28.1450177], [76.4326219, 28.1409158], [76.4374008, 28.1487145], [76.4757356, 28.1485832], [76.4720482, 28.1350777], [76.4919277, 28.1298509], [76.4870768, 28.1194057], [76.5026762, 28.1187112], [76.4990472, 28.1001984], [76.4636949, 28.1091587], [76.4478409, 28.0889598], [76.4789093, 28.0776692], [76.5012437, 28.0596873], [76.4894331, 28.0527827], [76.4625396, 28.0591056], [76.4546743, 28.0423265], [76.4974171, 28.04331], [76.5100712, 28.0296614], [76.5303702, 28.0402435], [76.5438199, 28.0342061], [76.5392725, 28.023199], [76.5454616, 28.0072895], [76.5363937, 28.0000007], [76.5427478, 27.9994843], [76.5359525, 27.9795151], [76.5380863, 27.9676954], [76.5481357, 27.9638437], [76.561687, 27.966129], [76.5644194, 27.9781047], [76.5803926, 27.9789049], [76.5898853, 27.9978574], [76.6406772, 28.002321], [76.6681576, 28.0138292], [76.654391, 28.0346821], [76.6572654, 28.089297], [76.6873569, 28.0876532], [76.6981894, 28.1119799], [76.7030203, 28.1075962], [76.7157582, 28.1277379], [76.7433198, 28.1212288], [76.7624478, 28.1426391], [76.7948108, 28.1483826], [76.8006297, 28.1623408], [76.7924879, 28.1841909], [76.7975235, 28.1918142], [76.812251, 28.1909103], [76.8047765, 28.1972954], [76.8083992, 28.2108638], [76.8312124, 28.2091675], [76.8381763, 28.2199526], [76.8681423, 28.2197316], [76.8749016, 28.2177691], [76.8709952, 28.206589], [76.9067667, 28.2003095], [76.8916243, 28.1902916], [76.9065392, 28.1718856], [76.931986, 28.1530452], [76.9509459, 28.1498822], [76.9481613, 28.1422138], [76.9705488, 28.138428], [76.9309912, 27.993853], [76.9379388, 27.9828205], [76.9315381, 27.9223485], [76.9516199, 27.9180253], [76.9505731, 27.8956423], [76.937659, 27.8962218], [76.942318, 27.8426178], [76.935577, 27.8288657], [76.9135844, 27.831701], [76.9099854, 27.8149039], [76.9190038, 27.8041403], [76.9133406, 27.7885892], [76.9061715, 27.7877834], [76.9016934, 27.743974], [76.8925455, 27.7323267], [76.894516, 27.7178329], [76.9123678, 27.7142481], [76.9247262, 27.6999214], [76.8893425, 27.6971509], [76.9062283, 27.6862927], [76.8985897, 27.6775352], [76.9108931, 27.6680208], [76.9115467, 27.6540277], [76.9269167, 27.6612558], [76.9333573, 27.656031], [76.9437702, 27.6737228], [76.9793729, 27.653599], [77.000098, 27.7369693], [77.011524, 27.7310819], [77.0198158, 27.7457705], [77.0364732, 27.7486112], [77.0596279, 27.7264879], [77.085661, 27.738089], [77.0763533, 27.7663159], [77.0595517, 27.7609127], [77.0561369, 27.7711984], [77.0265766, 27.7792392], [77.0447988, 27.8209822], [77.0746174, 27.8135604], [77.108479, 27.7854768], [77.1228515, 27.7926247], [77.1345151, 27.7860368], [77.1352192, 27.7750861], [77.143576, 27.7855937], [77.1585527, 27.787346], [77.1595108, 27.8163352], [77.1798507, 27.8171452], [77.189436, 27.8090197], [77.1690967, 27.7908984], [77.177024, 27.7854676], [77.1985691, 27.7988222], [77.1913501, 27.8090817], [77.2020726, 27.8237581], [77.2106519, 27.8010983], [77.2325974, 27.7965032], [77.2383665, 27.7918242], [77.2338857, 27.7859622], [77.2417366, 27.7835418], [77.2687571, 27.8149377], [77.2837236, 27.8010469], [77.2985654, 27.8151918], [77.2964776, 27.8252163], [77.3207011, 27.8253361], [77.3364258, 27.8342254], [77.3351572, 27.847418], [77.348333, 27.8555471], [77.4218558, 27.8543773], [77.4093234, 27.8741705], [77.4201349, 27.8904418], [77.4500369, 27.8711627], [77.4609164, 27.8762006], [77.4787559, 27.894448], [77.4752841, 27.929251], [77.4922359, 27.9384733], [77.5014655, 27.9252585], [77.5167576, 27.9330603], [77.5293013, 27.9252611], [77.5460773, 27.9579304], [77.518724, 27.9621251], [77.5188457, 27.9742104], [77.5377657, 27.9790209], [77.5424314, 27.9890934], [77.5242472, 28.0000015], [77.521328, 28.0141366], [77.5083882, 28.0227733], [77.5127584, 28.0318873], [77.4836411, 28.0404514], [77.5012418, 28.0585196], [77.4743526, 28.086718], [77.4821056, 28.1070287], [77.4993814, 28.0946066], [77.4984651, 28.1089156], [77.5123595, 28.1248426], [77.4913578, 28.136537], [77.5042441, 28.1454312], [77.5021014, 28.1611827], [77.5369569, 28.1656342], [77.5496409, 28.1797526], [77.5451548, 28.1908837], [77.5306224, 28.1858618], [77.5174791, 28.1931371], [77.5011936, 28.1816708], [77.4969636, 28.2053497], [77.5058758, 28.2095224], [77.5219644, 28.1965866], [77.5302608, 28.1986077], [77.5352461, 28.2102622], [77.5212848, 28.2244415], [77.5504209, 28.2423555], [77.5446125, 28.2487335], [77.5219996, 28.2422696], [77.4926907, 28.2519812], [77.4907883, 28.2713267], [77.503427, 28.2800703], [77.4984951, 28.2856006], [77.5069726, 28.3055027], [77.4712136, 28.3348209], [77.4962969, 28.3491391], [77.5046246, 28.3699822], [77.4734512, 28.3969958], [77.4837687, 28.4080858], [77.4776309, 28.4190553], [77.4635528, 28.4151522], [77.4625039, 28.4243576], [77.4355325, 28.4309469], [77.4334333, 28.4549161], [77.4000705, 28.4556392], [77.4080942, 28.4671687], [77.3804711, 28.4702683], [77.3700626, 28.4856953], [77.3717355, 28.4984398], [77.3524653, 28.4995984], [77.3451118, 28.5132296], [77.3141004, 28.4836066], [77.2902658, 28.4965353], [77.2432971, 28.47882], [77.2329201, 28.4579121], [77.2465642, 28.452707], [77.249302, 28.4241795], [77.2166055, 28.4097278], [77.1744832, 28.4046676], [77.1622958, 28.4289395], [77.1236294, 28.4454557], [77.1107776, 28.471312], [77.1207321, 28.4959402], [77.0934478, 28.5139497], [77.0717952, 28.5201884], [77.0589496, 28.5126417], [77.0066531, 28.5414072], [77.0002263, 28.5320937], [77.0171073, 28.5208348], [77.0102218, 28.5143473], [76.9965648, 28.5197482], [76.9903941, 28.5135042], [76.978102, 28.5213223], [76.9516726, 28.5042211], [76.9079291, 28.5138077], [76.8854473, 28.5011362], [76.880409, 28.5062008], [76.8871264, 28.520573], [76.8647152, 28.5435011], [76.8453574, 28.5504073], [76.8389109, 28.5734745], [76.8395331, 28.5827923], [76.8660667, 28.587957], [76.8883336, 28.6319557], [76.9064684, 28.6237969], [76.9202004, 28.6315033], [76.9345696, 28.6183544], [76.9429948, 28.6279975], [76.9249643, 28.6501463], [76.9353352, 28.6678607], [76.9537999, 28.6677218], [76.96783, 28.6996287], [76.9481975, 28.712988], [76.9600605, 28.7327359], [76.9444901, 28.7540727], [76.9555727, 28.7677777], [76.9498111, 28.7770615], [76.9538477, 28.7909094], [76.9418907, 28.7986617], [76.951014, 28.8181831], [76.961756, 28.8148096], [76.9670113, 28.8280507], [76.9796873, 28.8212324], [76.9948142, 28.8395095], [77.0402323, 28.8320631], [77.0578115, 28.8677484], [77.0746124, 28.8675178], [77.0826599, 28.8834996], [77.1209305, 28.8583108], [77.1403168, 28.8620601], [77.1424138, 28.8388608], [77.15775, 28.8366899], [77.175404, 28.858322], [77.2099144, 28.8577158], [77.189303, 28.8678823], [77.1954643, 28.8862062], [77.2281008, 28.8811861], [77.2312337, 28.9205307], [77.1959015, 28.9393282], [77.1929807, 28.9589141], [77.2027411, 28.9852625], [77.1891194, 29.0276684], [77.1669739, 29.033817], [77.1720156, 29.0463737], [77.1637626, 29.0794258], [77.1467647, 29.0805529], [77.1339739, 29.0960006], [77.1490846, 29.1176475], [77.1474494, 29.1335178], [77.1359565, 29.1419641], [77.1471566, 29.1805053], [77.1314142, 29.2174887], [77.150002, 29.2327608], [77.1389539, 29.2678433], [77.1582843, 29.3028815], [77.1611548, 29.3323601], [77.1517424, 29.3411059], [77.129526, 29.3425767], [77.1232954, 29.3703427], [77.1574069, 29.3873069], [77.1332535, 29.4008411], [77.1331179, 29.4187703], [77.1484237, 29.4340783], [77.1445218, 29.4453106], [77.1232088, 29.4553736], [77.1226759, 29.4688882], [77.1333088, 29.4830633], [77.0963714, 29.5194941], [77.1083469, 29.5478286], [77.1268364, 29.5594524], [77.0839502, 29.5872389], [77.1095295, 29.5974349], [77.113024, 29.6106303], [77.1015831, 29.6198302], [77.1062049, 29.6323311], [77.1315178, 29.6418401], [77.1410144, 29.6549663], [77.1380594, 29.6666258], [77.146548, 29.6722337], [77.1424462, 29.680448], [77.1565528, 29.6925825], [77.1495331, 29.7094896], [77.1342317, 29.7184297], [77.1390582, 29.7382097], [77.1198089, 29.7600789], [77.1253073, 29.7694969], [77.1466185, 29.771834], [77.1513706, 29.7882046], [77.1642933, 29.7917185], [77.1791991, 29.8126687], [77.1782493, 29.845799], [77.2020311, 29.8689039], [77.2001334, 29.8894931], [77.1883232, 29.8940607], [77.1857602, 29.9075308], [77.2174838, 29.9234192], [77.2440076, 29.959795], [77.2469808, 29.9765939], [77.2776638, 30.0002379], [77.2777841, 30.0418111], [77.3029804, 30.0553045], [77.3343034, 30.053739], [77.3774533, 30.0900228], [77.4061978, 30.0882508], [77.4238608, 30.1032065], [77.4031601, 30.1117464], [77.4134949, 30.1129435], [77.4250528, 30.1314548], [77.4197826, 30.135241], [77.4256893, 30.1581201], [77.4297567, 30.163982], [77.4578059, 30.1626681], [77.4805326, 30.1842249], [77.5046249, 30.2251955], [77.530236, 30.2504807], [77.5382469, 30.2779629], [77.5830992, 30.3076148], [77.5779808, 30.3307773], [77.6045912, 30.3673942], [77.5467901, 30.3960074], [77.5197969, 30.4453909], [77.502986, 30.4298326], [77.4987099, 30.4058152], [77.4929423, 30.4116858], [77.4453176, 30.3959981], [77.4384917, 30.4040409], [77.4228908, 30.4040797], [77.4238309, 30.4101551], [77.4615623, 30.4346111], [77.4662021, 30.4500147], [77.4590119, 30.458101], [77.4359808, 30.4327806], [77.4174171, 30.4253842], [77.4095404, 30.4097903], [77.3986419, 30.417419], [77.408314, 30.4287218], [77.3913692, 30.4316684], [77.3875586, 30.4419988], [77.3672271, 30.442219], [77.3639767, 30.4343731], [77.353583, 30.4607479], [77.3139287, 30.4482188], [77.2910655, 30.4606119], [77.2742609, 30.4587478], [77.2653622, 30.4768259], [77.2280864, 30.485449], [77.2135055, 30.4684072], [77.2130384, 30.4963892], [77.1950364, 30.5225717], [77.1453589, 30.5364512], [77.1217311, 30.5629377], [77.1737738, 30.600555], [77.176913, 30.6369743], [77.1630429, 30.6508369], [77.1685302, 30.6695355], [77.1612066, 30.6909313], [77.1421918, 30.6994643], [77.1243872, 30.721774], [77.1137262, 30.7181907], [77.1140965, 30.7285682], [77.0935285, 30.7423325], [77.068061, 30.7409396], [77.0471863, 30.7529545], [77.041622, 30.7501957], [77.0456172, 30.7413265], [77.027001, 30.7368662], [77.0175104, 30.74342], [77.0186146, 30.7655372], [77.0012665, 30.7704364], [77.0185901, 30.7803031], [77.0125207, 30.809186], [76.9775758, 30.8123514], [76.9600743, 30.8273092], [76.9508032, 30.8138303], [76.9426387, 30.8174293], [76.95123, 30.8505596], [76.9438295, 30.8529444], [76.9363997, 30.8745732], [76.9283878, 30.8714243], [76.9265793, 30.8725661], [76.9364741, 30.8846392], [76.9283937, 30.8914528], [76.9256553, 30.8848063], [76.917954, 30.8875782], [76.9168721, 30.9007655], [76.8695789, 30.8731223], [76.8424687, 30.8905627]], [[76.917692, 30.8864554], [76.9220304, 30.8826114], [76.9242442, 30.8764545], [76.917692, 30.8864554]]], [[[76.4391901, 28.1107471], [76.440738, 28.120776], [76.4288999, 28.1383952], [76.4228525, 28.1143226], [76.4391901, 28.1107471]]]]}}, {"type": "Feature", "properties": {"state_name": "Madhya Pradesh", "stname": "MADHYA PRADESH", "state_lgd": 23, "id": 36}, "geometry": {"type": "MultiPolygon", "coordinates": [[[[74.1752334, 22.4180625], [74.1571175, 22.4123329], [74.1791552, 22.3879938], [74.1752334, 22.4180625]]], [[[78.496645, 25.1536844], [78.5030616, 25.1632001], [78.5296346, 25.1802329], [78.5084201, 25.1779301], [78.496645, 25.1536844]]], [[[76.5551895, 25.453492], [76.5879557, 25.4310986], [76.5984655, 25.3923297], [76.6227875, 25.3767829], [76.639763, 25.3835329], [76.6694972, 25.3491034], [76.7002825, 25.3516265], [76.7293238, 25.3285691], [76.7775652, 25.3156086], [76.8572848, 25.3327846], [76.901539, 25.3236347], [76.9294083, 25.3031864], [76.9232984, 25.2854503], [76.9430946, 25.2821217], [76.9578097, 25.284411], [76.9606548, 25.2972945], [76.9737385, 25.3004059], [77.0316904, 25.2943874], [77.0458973, 25.321439], [77.0700509, 25.3184929], [77.0836734, 25.3365577], [77.1250826, 25.3302656], [77.1653577, 25.3082318], [77.2094176, 25.3063051], [77.205548, 25.3264785], [77.2172185, 25.3295302], [77.2152337, 25.3203441], [77.2233687, 25.3187909], [77.2339469, 25.3337726], [77.2243152, 25.3355341], [77.2339435, 25.3787009], [77.2478661, 25.3801857], [77.2899077, 25.4216931], [77.3154588, 25.4314693], [77.3499618, 25.4157173], [77.3609428, 25.4189936], [77.3705523, 25.4057335], [77.3576568, 25.398743], [77.3507293, 25.3725122], [77.366685, 25.3603108], [77.3421215, 25.3217707], [77.3688094, 25.3283796], [77.3815886, 25.3031587], [77.3739514, 25.2745212], [77.3626576, 25.2790124], [77.3541747, 25.2736017], [77.3556895, 25.262602], [77.3661138, 25.2599079], [77.3703748, 25.2460075], [77.3824166, 25.2456873], [77.3944237, 25.2299371], [77.4116965, 25.2240105], [77.426616, 25.1880743], [77.4001433, 25.1838806], [77.3930011, 25.1592295], [77.390582, 25.1233863], [77.4066169, 25.1116864], [77.394376, 25.1199223], [77.3572916, 25.093511], [77.3378103, 25.094853], [77.3107799, 25.0798328], [77.2700108, 25.116094], [77.2369575, 25.1066088], [77.1744248, 25.111809], [77.1671243, 25.0846098], [77.1493972, 25.0863572], [77.1477213, 25.0951105], [77.1225716, 25.0666539], [77.0959797, 25.0654295], [77.0848289, 25.0542395], [76.9990691, 25.0748461], [76.9746396, 25.0664255], [76.968205, 25.0511009], [76.961669, 25.0563738], [76.945095, 25.0467426], [76.8761587, 25.0414003], [76.8757268, 25.0072055], [76.8567789, 25.0024759], [76.8672141, 24.9901596], [76.8626886, 24.9598018], [76.8893692, 24.9339236], [76.8904879, 24.9196892], [76.9204155, 24.9167742], [76.9130546, 24.8878441], [76.9485633, 24.8690715], [76.9295288, 24.8486674], [76.8978862, 24.8382256], [76.8250801, 24.8355483], [76.8004038, 24.8240182], [76.8019968, 24.8101337], [76.8475199, 24.7692715], [76.8561298, 24.7424864], [76.8894778, 24.7472563], [76.9074936, 24.7315944], [76.953965, 24.7603603], [76.9745554, 24.7361969], [76.9955201, 24.7333282], [77.0016634, 24.7160393], [77.0316663, 24.711316], [77.0649858, 24.6438443], [77.0713312, 24.5727633], [77.0547096, 24.5262766], [77.0368941, 24.5278995], [77.0289728, 24.4960796], [77.0118293, 24.4916622], [77.0137408, 24.4832493], [77.0036036, 24.4737439], [76.9835786, 24.4727987], [76.9776095, 24.4613838], [76.9509501, 24.4617981], [76.9184204, 24.4806911], [76.9178965, 24.5434751], [76.9018661, 24.5458508], [76.8843076, 24.5214508], [76.8730661, 24.5270169], [76.8766558, 24.538786], [76.8619215, 24.5492986], [76.8163891, 24.5335833], [76.8530832, 24.465892], [76.8515899, 24.4501192], [76.8410299, 24.4435535], [76.8504461, 24.4241262], [76.8373785, 24.4097086], [76.8513852, 24.3705249], [76.8318849, 24.3579681], [76.8410542, 24.3224145], [76.8568849, 24.3029227], [76.862615, 24.2733194], [76.8882016, 24.2448928], [76.9126503, 24.2379501], [76.9228538, 24.225309], [76.9223026, 24.2116964], [76.9473974, 24.2013105], [76.9357677, 24.1837266], [76.9162928, 24.1878551], [76.9006002, 24.1274324], [76.8545887, 24.1358255], [76.8330837, 24.1220234], [76.8012869, 24.1166729], [76.7579205, 24.1682567], [76.7261906, 24.1685741], [76.719115, 24.1586901], [76.6983126, 24.1684673], [76.6758852, 24.1908467], [76.6904363, 24.2305689], [76.7027304, 24.2431993], [76.6927736, 24.2864819], [76.6651316, 24.2619343], [76.6434725, 24.2693907], [76.6372033, 24.2583351], [76.6176458, 24.2588295], [76.6111985, 24.2386521], [76.5835448, 24.2428658], [76.5952318, 24.2233208], [76.5702511, 24.2089885], [76.5642735, 24.1909452], [76.5777275, 24.1791743], [76.5274239, 24.1567343], [76.5129305, 24.1665905], [76.504535, 24.203087], [76.4805398, 24.2080813], [76.4705099, 24.2261504], [76.4522663, 24.2093635], [76.4162164, 24.2206344], [76.4205694, 24.2086416], [76.4116826, 24.2005062], [76.4015828, 24.2152736], [76.3572097, 24.2397448], [76.3229145, 24.2455449], [76.2873604, 24.2298605], [76.2823209, 24.2073077], [76.2399452, 24.2188855], [76.2125548, 24.2099399], [76.2033297, 24.2205158], [76.2021441, 24.2688302], [76.1945899, 24.2731929], [76.2047272, 24.3009046], [76.1855157, 24.3292765], [76.1741116, 24.3072129], [76.1646067, 24.3065862], [76.1688798, 24.2970667], [76.1625451, 24.2847252], [76.1432923, 24.2829025], [76.1367167, 24.2708055], [76.1484263, 24.2320251], [76.1173827, 24.1939877], [76.1137788, 24.1638689], [76.1244198, 24.1594514], [76.1224433, 24.1377014], [76.1311443, 24.1154933], [76.1206365, 24.1082104], [76.1267923, 24.0887305], [76.1006212, 24.0871149], [76.0758432, 24.070841], [76.0727489, 24.0766562], [76.0368089, 24.0628967], [76.0222267, 24.0472398], [76.0212975, 24.0341913], [75.9970195, 24.0176884], [75.9634552, 24.0187069], [75.9674382, 23.9912308], [75.9848542, 23.974028], [75.9876109, 23.9417365], [75.9813631, 23.9289699], [75.955315, 23.9208431], [75.9375149, 23.8966894], [75.8948375, 23.8894021], [75.8871008, 23.8791147], [75.8764159, 23.8800249], [75.8706316, 23.8904216], [75.8530247, 23.8874811], [75.840565, 23.87458], [75.8326486, 23.8799247], [75.8173586, 23.8678589], [75.7938466, 23.8670065], [75.7812495, 23.8487271], [75.7645419, 23.8517398], [75.7645415, 23.8755544], [75.7527008, 23.8873452], [75.7399997, 23.8890009], [75.7354095, 23.8976904], [75.7154748, 23.8930549], [75.7060872, 23.8990955], [75.701574, 23.8728331], [75.7108477, 23.8624083], [75.7352157, 23.8619913], [75.7364059, 23.8562458], [75.7189527, 23.8406668], [75.7264731, 23.8202057], [75.7215914, 23.8117927], [75.6901159, 23.8132464], [75.7018356, 23.7863864], [75.6867187, 23.7559393], [75.6756304, 23.7818879], [75.6599777, 23.7842317], [75.6545032, 23.7984038], [75.5834477, 23.794823], [75.5890121, 23.8097818], [75.5667854, 23.809576], [75.5593024, 23.8181795], [75.5606209, 23.8314249], [75.5746143, 23.8284831], [75.5793271, 23.8351131], [75.5664974, 23.8438678], [75.5632229, 23.8575771], [75.5214914, 23.884929], [75.505671, 23.8872534], [75.4916488, 23.9067813], [75.4620564, 23.9147626], [75.460036, 23.9324176], [75.4746801, 23.9828401], [75.5210511, 24.0250208], [75.5396301, 24.0090563], [75.5655074, 24.0076843], [75.5758019, 23.9941314], [75.5955248, 23.9899999], [75.6400535, 23.9978871], [75.6743385, 24.017676], [75.6781839, 24.0073104], [75.6877208, 24.0054617], [75.6869931, 23.988774], [75.698824, 23.9878445], [75.7017317, 23.9665928], [75.7175181, 23.9668585], [75.7411303, 23.9769387], [75.7422819, 23.9927226], [75.7653398, 23.9926751], [75.7626592, 24.0098849], [75.7733934, 24.0078667], [75.7830904, 24.0221373], [75.7816945, 24.0425289], [75.8367234, 24.0570634], [75.8356965, 24.092116], [75.8169037, 24.0855794], [75.8057025, 24.09957], [75.7928597, 24.0918474], [75.7826367, 24.1159467], [75.7700308, 24.1157895], [75.7509592, 24.143327], [75.7637572, 24.1744992], [75.7739428, 24.1812711], [75.7774445, 24.2099825], [75.7927985, 24.2103459], [75.807365, 24.2177655], [75.8093558, 24.2297035], [75.8156834, 24.2258088], [75.8302317, 24.2337591], [75.8140191, 24.2451909], [75.8192215, 24.2569662], [75.8116128, 24.2579101], [75.8117133, 24.2752814], [75.8184376, 24.2806912], [75.8107272, 24.2960904], [75.8018278, 24.3021344], [75.7664655, 24.298018], [75.7573436, 24.3192514], [75.7398381, 24.3321479], [75.738978, 24.3782382], [75.7294853, 24.3777485], [75.727751, 24.3905156], [75.7279086, 24.3964111], [75.7553071, 24.4065278], [75.7558905, 24.4206573], [75.7476001, 24.4241834], [75.7860635, 24.4532604], [75.7894036, 24.4715311], [75.8134733, 24.4620246], [75.8098608, 24.4340429], [75.8387902, 24.4141793], [75.8750858, 24.4263645], [75.9090597, 24.4550093], [75.911639, 24.4919123], [75.902818, 24.5045951], [75.8878551, 24.5080705], [75.8905268, 24.5188287], [75.9077736, 24.5129597], [75.9205501, 24.5216603], [75.9233388, 24.5351761], [75.9036683, 24.5489274], [75.9144166, 24.5722389], [75.8783661, 24.5833853], [75.8711548, 24.6066637], [75.8492394, 24.6108755], [75.8354622, 24.5949498], [75.836386, 24.606152], [75.8248471, 24.613454], [75.8447032, 24.6272176], [75.8409663, 24.6381067], [75.8487566, 24.6474008], [75.8477638, 24.6630191], [75.82494, 24.6674539], [75.8378043, 24.718005], [75.8336056, 24.7318455], [75.8021671, 24.7564634], [75.7568331, 24.7615534], [75.6834207, 24.7251186], [75.6459621, 24.6849157], [75.6107862, 24.6804074], [75.5829721, 24.7132649], [75.5482196, 24.7029378], [75.5334345, 24.7120494], [75.4894136, 24.6866455], [75.4564552, 24.68045], [75.2649016, 24.7175098], [75.2283831, 24.7176196], [75.2194432, 24.7025549], [75.1976443, 24.7432491], [75.1844004, 24.7485538], [75.1929096, 24.7735734], [75.2046248, 24.7695796], [75.2074373, 24.7707411], [75.2015768, 24.7717422], [75.2047202, 24.785583], [75.2152004, 24.8021181], [75.2441306, 24.8047109], [75.2523203, 24.8131054], [75.2490883, 24.8298232], [75.2251965, 24.8339838], [75.2240912, 24.8439243], [75.272937, 24.8428362], [75.2899587, 24.8336555], [75.2979362, 24.8071377], [75.3115953, 24.8011763], [75.3284273, 24.8190312], [75.4039289, 24.8451586], [75.4257551, 24.8690666], [75.4257974, 24.8842928], [75.4161258, 24.8860812], [75.3736317, 24.8677431], [75.3266394, 24.8748749], [75.3080504, 24.8560438], [75.2634343, 24.8748553], [75.2673085, 24.8994358], [75.2940673, 24.9075451], [75.2670845, 24.9471476], [75.2738923, 24.9640414], [75.2853067, 24.9647831], [75.2818721, 24.9530854], [75.2884017, 24.9516144], [75.2900877, 24.9376581], [75.3048731, 24.9286561], [75.3127363, 24.885137], [75.3184473, 24.894156], [75.3368848, 24.9548177], [75.3134563, 24.9800116], [75.3117661, 24.9953724], [75.3329848, 25.0166485], [75.3503515, 25.0175342], [75.3471765, 25.0321403], [75.3321598, 25.0414945], [75.268376, 25.0424407], [75.2251195, 25.0340957], [75.1988025, 25.0377095], [75.1968456, 25.0444854], [75.1839075, 25.0371191], [75.167081, 25.0484142], [75.1513603, 25.0261831], [75.1685695, 25.0059305], [75.1517707, 24.989074], [75.1321946, 24.9836108], [75.1411818, 24.9783465], [75.127571, 24.9678782], [75.1135612, 24.9668083], [75.1169303, 24.8782616], [75.0871949, 24.8707904], [75.0882054, 24.8787057], [75.0765344, 24.880681], [75.0654443, 24.86802], [75.0553054, 24.8718945], [75.0598961, 24.8635772], [75.0513067, 24.8526723], [75.0330476, 24.8444094], [75.0083146, 24.8564244], [74.9586622, 24.8581867], [74.9482075, 24.8645748], [74.952606, 24.8806824], [74.9238957, 24.8783023], [74.9104117, 24.8943708], [74.9163019, 24.9071648], [74.9029422, 24.929508], [74.8806966, 24.93736], [74.8694795, 24.9249741], [74.8590353, 24.9622348], [74.8426344, 24.9688493], [74.8263819, 24.9335201], [74.8252862, 24.9001492], [74.8307398, 24.88693], [74.8403749, 24.8848155], [74.8587604, 24.8385074], [74.8615188, 24.8041365], [74.8386955, 24.7980368], [74.8493729, 24.7761345], [74.860171, 24.7794173], [74.860435, 24.7984868], [74.8793201, 24.797377], [74.8804224, 24.7894146], [74.9067107, 24.7818278], [74.9145334, 24.7692006], [74.9308919, 24.7790988], [74.9756191, 24.7636875], [75.0014888, 24.7745241], [75.016033, 24.7321203], [74.992387, 24.7317458], [74.9919335, 24.6932231], [75.00172, 24.6864587], [74.9601863, 24.6777652], [74.9622783, 24.6564243], [74.9585511, 24.6609346], [74.9512975, 24.6472406], [74.9421964, 24.6471426], [74.9430899, 24.6378043], [74.905258, 24.640874], [74.9018206, 24.6328067], [74.8949789, 24.6439379], [74.8890785, 24.6338319], [74.8732269, 24.646468], [74.8593814, 24.6828435], [74.8514997, 24.6776654], [74.8545028, 24.6876481], [74.8358297, 24.7067394], [74.8087998, 24.7810496], [74.7997778, 24.7790681], [74.8039673, 24.733967], [74.7796046, 24.732452], [74.7876128, 24.7041772], [74.7719368, 24.6614807], [74.814585, 24.6657525], [74.8141386, 24.6501818], [74.8063148, 24.6483971], [74.8029426, 24.6341998], [74.7912824, 24.6317817], [74.7917371, 24.6197659], [74.7794001, 24.6154403], [74.7864299, 24.5859308], [74.7435129, 24.5714588], [74.7555349, 24.5348826], [74.7442224, 24.5323122], [74.7446258, 24.5134577], [74.71814, 24.5089763], [74.708727, 24.4864735], [74.7279467, 24.4890841], [74.7501168, 24.4666972], [74.7771385, 24.4605011], [74.7868846, 24.4722111], [74.8153452, 24.4684748], [74.8217582, 24.4531067], [74.8137526, 24.4367402], [74.8538726, 24.4445288], [74.8550986, 24.4241387], [74.8251913, 24.4000176], [74.8225921, 24.3795859], [74.8072589, 24.3808302], [74.8019931, 24.3585505], [74.7811796, 24.3383379], [74.781323, 24.2891746], [74.7471103, 24.2534685], [74.7543242, 24.2421675], [74.7748271, 24.2387108], [74.8108169, 24.2441789], [74.8517848, 24.2367376], [74.8675773, 24.2430861], [74.897104, 24.2272893], [74.8980238, 24.214488], [74.9103215, 24.2100832], [74.8797546, 24.1736077], [74.896108, 24.1579509], [74.9013521, 24.1260336], [74.9082408, 24.121243], [74.9035212, 24.1093037], [74.9181733, 24.0980642], [74.9209033, 24.0776684], [74.940677, 24.0699185], [74.9393414, 24.0539203], [74.9596603, 24.0460393], [74.9605685, 24.0388411], [74.9738212, 24.0397902], [74.9822982, 24.0254107], [74.9648219, 24.0059427], [74.959143, 23.9721612], [74.9307532, 23.9569858], [74.928237, 23.9394031], [74.9165084, 23.9317468], [74.9208987, 23.9190903], [74.9026183, 23.8729513], [74.9036695, 23.8527374], [74.9138361, 23.8416831], [74.9037077, 23.7943062], [74.92434, 23.796621], [74.9403631, 23.7647336], [74.924521, 23.7563857], [74.9363753, 23.7295804], [74.9202285, 23.71918], [74.9215928, 23.6946522], [74.8994607, 23.6822018], [74.9216806, 23.666486], [74.9365387, 23.6287707], [74.9149853, 23.6181054], [74.9029436, 23.625101], [74.8699051, 23.5919349], [74.8733637, 23.5769014], [74.8538034, 23.5711413], [74.8468314, 23.5518609], [74.8292315, 23.5505521], [74.8032961, 23.5330842], [74.7941094, 23.5508809], [74.7736837, 23.5443725], [74.7615104, 23.5211409], [74.7352881, 23.5205652], [74.7391218, 23.5137926], [74.7292392, 23.4966179], [74.7034917, 23.5050077], [74.6803375, 23.4947774], [74.6813105, 23.4852272], [74.6660597, 23.4825035], [74.6518837, 23.4622797], [74.6327705, 23.4695073], [74.6318725, 23.4613937], [74.6038866, 23.457265], [74.6099148, 23.4516256], [74.5990674, 23.4287497], [74.5723502, 23.4206667], [74.5689407, 23.3763017], [74.5577014, 23.3619081], [74.5398166, 23.3618656], [74.5352675, 23.3308198], [74.5140368, 23.3280456], [74.5150338, 23.3160982], [74.5297326, 23.320673], [74.527919, 23.3107539], [74.5466691, 23.277121], [74.5743658, 23.2951696], [74.5849935, 23.276938], [74.6168913, 23.2793812], [74.626765, 23.2590627], [74.6385555, 23.2554093], [74.6768244, 23.2736943], [74.6999554, 23.2683656], [74.6987826, 23.2573068], [74.7127675, 23.2505311], [74.7151139, 23.2366832], [74.6920658, 23.2191516], [74.726365, 23.2150056], [74.7475219, 23.2266531], [74.7421361, 23.2089123], [74.7150989, 23.1907136], [74.6715441, 23.1999599], [74.6066146, 23.1425592], [74.5393733, 23.1293016], [74.5455139, 23.109844], [74.510277, 23.0944637], [74.5058633, 23.0851413], [74.4638438, 23.081793], [74.4407165, 23.0906826], [74.4273793, 23.1066955], [74.386202, 23.1115179], [74.3416008, 23.0678988], [74.3189011, 23.0586612], [74.3219267, 23.0412226], [74.3449352, 23.0283978], [74.3653233, 22.9769662], [74.3393557, 22.9647181], [74.3394952, 22.9528889], [74.3934082, 22.8966029], [74.4135962, 22.9060941], [74.4105176, 22.9118425], [74.4184784, 22.9170417], [74.4332275, 22.9179489], [74.4336346, 22.9124901], [74.4468328, 22.9210811], [74.4607639, 22.9068428], [74.4764325, 22.8548159], [74.464773, 22.816391], [74.4337834, 22.8078993], [74.4355447, 22.7826008], [74.4016977, 22.7309737], [74.3790603, 22.6344334], [74.3293477, 22.6417329], [74.3147961, 22.6338705], [74.2773651, 22.6460041], [74.2661536, 22.6383528], [74.2635566, 22.6439724], [74.253578, 22.6346619], [74.2533951, 22.6214752], [74.2313686, 22.6118044], [74.2100331, 22.5642589], [74.1832955, 22.566488], [74.1895122, 22.5535992], [74.1706876, 22.5471491], [74.1503654, 22.5289664], [74.1511186, 22.521423], [74.1330942, 22.5202509], [74.1118402, 22.5396717], [74.1012999, 22.5344241], [74.0746385, 22.5514019], [74.0567795, 22.5501222], [74.0411415, 22.5417934], [74.0385132, 22.5158431], [74.029382, 22.5079544], [74.0325322, 22.4913278], [74.0407933, 22.4866526], [74.0529796, 22.5089328], [74.082517, 22.5067846], [74.0875384, 22.4822151], [74.0860143, 22.4768054], [74.0764553, 22.4835848], [74.075325, 22.4642954], [74.0856566, 22.4699061], [74.1041527, 22.4645271], [74.0997461, 22.4380401], [74.1191121, 22.4187615], [74.1253429, 22.4176598], [74.1338389, 22.4457309], [74.1492096, 22.4556583], [74.1604488, 22.4312105], [74.1841259, 22.4415388], [74.1799327, 22.4622157], [74.1907435, 22.4757753], [74.2030744, 22.4675385], [74.2016227, 22.43451], [74.2133796, 22.4315103], [74.2152414, 22.4412984], [74.2527857, 22.4329477], [74.2705901, 22.413148], [74.2674639, 22.4055519], [74.2911784, 22.3940124], [74.256735, 22.3996523], [74.2432926, 22.3760709], [74.2237073, 22.3799442], [74.2238798, 22.3563651], [74.2040414, 22.3667073], [74.2027736, 22.3485247], [74.1922005, 22.3463261], [74.1903338, 22.3202599], [74.1278609, 22.3327359], [74.1251188, 22.3560982], [74.1136723, 22.3571455], [74.1050734, 22.371815], [74.064766, 22.3546066], [74.0715689, 22.3359877], [74.0523795, 22.2940916], [74.0587982, 22.274615], [74.0744764, 22.265644], [74.0750357, 22.2475644], [74.0871828, 22.2427948], [74.0693275, 22.232716], [74.0721745, 22.2191572], [74.1062136, 22.2202481], [74.1223289, 22.2123968], [74.1214421, 22.1674007], [74.1338568, 22.1605414], [74.1227802, 22.1356843], [74.1288478, 22.1210361], [74.1244618, 22.097908], [74.1525573, 22.1060062], [74.1692926, 22.1005973], [74.178653, 22.0854767], [74.1647229, 22.0828483], [74.1600753, 22.058818], [74.1314073, 22.0478312], [74.1401494, 22.0403213], [74.0921419, 22.0148337], [74.097928, 21.9987057], [74.150595, 21.9865907], [74.149886, 21.9751666], [74.1403438, 21.9726706], [74.1441656, 21.9531269], [74.1930803, 21.9259711], [74.2811757, 21.9331121], [74.3076361, 21.9717556], [74.3484216, 21.9770007], [74.3871162, 22.0199789], [74.4316399, 22.0302694], [74.452181, 22.0046529], [74.4323306, 21.9994035], [74.4414631, 21.9900393], [74.4393896, 21.976724], [74.4533777, 21.9619384], [74.469719, 21.9670957], [74.4690991, 21.9596362], [74.4887304, 21.9561694], [74.4846709, 21.9458135], [74.5083891, 21.9373395], [74.5092255, 21.9206372], [74.5240504, 21.9111642], [74.5136385, 21.889966], [74.5100051, 21.829274], [74.4982107, 21.7900887], [74.5139522, 21.7656878], [74.5055882, 21.7263061], [74.5138583, 21.7186082], [74.5473673, 21.7196027], [74.5573903, 21.7040258], [74.554203, 21.6813997], [74.5798685, 21.6833268], [74.5820816, 21.6649891], [74.66413, 21.6525267], [74.6874614, 21.6315891], [74.7828739, 21.6106903], [74.8021747, 21.6153987], [74.8288583, 21.6097933], [74.8313253, 21.6182932], [74.8627638, 21.634455], [74.8653773, 21.6285576], [74.9016833, 21.629238], [74.9103349, 21.6145743], [74.9792285, 21.5952376], [75.0150212, 21.5696774], [75.0533154, 21.5648245], [75.0892083, 21.5167619], [75.0885293, 21.5009293], [75.1071648, 21.4626949], [75.2157613, 21.409265], [75.2346507, 21.4145797], [75.2548405, 21.4018892], [75.2953257, 21.4135732], [75.3011004, 21.409936], [75.2987402, 21.3855673], [75.3078547, 21.3927877], [75.3516034, 21.3908261], [75.3571619, 21.4008653], [75.3824384, 21.3795424], [75.4261291, 21.3910051], [75.4401527, 21.3844612], [75.4493313, 21.3904091], [75.5120107, 21.3820934], [75.5200544, 21.3870164], [75.5437243, 21.368528], [75.5559261, 21.3790329], [75.557168, 21.3732216], [75.5789539, 21.3764849], [75.5712404, 21.3814636], [75.6069396, 21.3918441], [75.6230255, 21.3750235], [75.6700903, 21.3745793], [75.7032387, 21.3880741], [75.7284709, 21.3886836], [75.755136, 21.3793806], [75.8027349, 21.3845694], [75.8333637, 21.3766365], [75.8413943, 21.384541], [75.8624601, 21.3799242], [75.8703524, 21.3912279], [75.8856136, 21.3947091], [75.9106581, 21.3825745], [75.9630597, 21.3897099], [75.9866156, 21.3687728], [76.0304991, 21.3653313], [76.0485857, 21.3497337], [76.0965993, 21.3717695], [76.1214661, 21.3233693], [76.1297404, 21.2867046], [76.1429279, 21.2862342], [76.1466307, 21.267872], [76.1593611, 21.255975], [76.1415607, 21.2409887], [76.1420362, 21.2281635], [76.1656591, 21.2216159], [76.1586352, 21.2135881], [76.1719247, 21.2053027], [76.1652075, 21.1904695], [76.176396, 21.1839952], [76.1716862, 21.1665604], [76.133864, 21.1694116], [76.1333348, 21.1759553], [76.1292607, 21.1758218], [76.1114098, 21.1611471], [76.1424684, 21.1351528], [76.1410094, 21.1297068], [76.1316291, 21.1328011], [76.1379281, 21.1198531], [76.1708871, 21.1039331], [76.1674008, 21.0794844], [76.260385, 21.090583], [76.2726327, 21.0887393], [76.2801316, 21.0706885], [76.3747665, 21.0725531], [76.3903328, 21.0857664], [76.4131944, 21.0884224], [76.4106957, 21.1024363], [76.4378272, 21.1004683], [76.4560894, 21.1083953], [76.4517648, 21.1212498], [76.4581439, 21.1332773], [76.4743914, 21.1369763], [76.4665537, 21.1426572], [76.4787261, 21.1473919], [76.480657, 21.1821637], [76.4931678, 21.1938632], [76.5302567, 21.1819324], [76.5672624, 21.1993944], [76.6138773, 21.1932168], [76.6234887, 21.1850389], [76.6372181, 21.2027139], [76.6418303, 21.2371338], [76.6496821, 21.2446818], [76.6616426, 21.2407073], [76.6628991, 21.2759649], [76.6217473, 21.3322914], [76.7395088, 21.4105572], [76.7444281, 21.4398653], [76.7840199, 21.4623735], [76.7956092, 21.4895828], [76.7634437, 21.5207674], [76.7893265, 21.5363785], [76.7814125, 21.5647209], [76.7952621, 21.5939108], [76.8329054, 21.5889541], [76.8544866, 21.613315], [76.901617, 21.5968439], [76.9532329, 21.6421343], [77.0732187, 21.719454], [77.0865384, 21.7144229], [77.1295735, 21.7222429], [77.1651228, 21.7107378], [77.1760337, 21.7257547], [77.1914526, 21.7207516], [77.1881318, 21.7017108], [77.2104244, 21.6896451], [77.2277492, 21.6995283], [77.2269109, 21.7167926], [77.2618824, 21.7122929], [77.2718764, 21.728143], [77.287217, 21.7219218], [77.2911365, 21.7328486], [77.2797307, 21.7542159], [77.2898879, 21.7603449], [77.3244255, 21.7527429], [77.3456841, 21.7577785], [77.4041741, 21.7524234], [77.4790941, 21.7699869], [77.4794672, 21.7541467], [77.5026728, 21.7458612], [77.5255515, 21.7243148], [77.5240213, 21.7126178], [77.5432257, 21.7042775], [77.575517, 21.6206392], [77.5771148, 21.5551706], [77.5952923, 21.5594315], [77.6114816, 21.5388206], [77.5967684, 21.527113], [77.5752276, 21.5264585], [77.5051888, 21.5516725], [77.4548862, 21.5538426], [77.450091, 21.5416767], [77.4255574, 21.5377404], [77.4223058, 21.5174799], [77.4433216, 21.4872524], [77.4421873, 21.4699108], [77.4735981, 21.4544465], [77.4716533, 21.4361254], [77.4875094, 21.4062179], [77.4880575, 21.3743587], [77.5145238, 21.3759396], [77.5317192, 21.4191461], [77.5614613, 21.3964566], [77.5567758, 21.3836376], [77.5634965, 21.3693096], [77.5871111, 21.3628396], [77.6078482, 21.3649373], [77.6049656, 21.3907346], [77.6531271, 21.3914565], [77.6664836, 21.3840482], [77.6699085, 21.3689235], [77.6919915, 21.397565], [77.7099885, 21.3574472], [77.7371076, 21.3622023], [77.7500412, 21.3828275], [77.7967675, 21.3890106], [77.8021451, 21.4094909], [77.8838461, 21.3841714], [77.883274, 21.3760383], [77.9411888, 21.3857716], [77.9425938, 21.3966086], [77.9847308, 21.4031921], [78.0660555, 21.4379667], [78.1762142, 21.499755], [78.1744742, 21.5079798], [78.1826289, 21.5117504], [78.1712507, 21.5255846], [78.1818867, 21.5573431], [78.223279, 21.5531573], [78.2738559, 21.5692548], [78.2602963, 21.5796586], [78.2664754, 21.5917326], [78.3029716, 21.5837419], [78.3068845, 21.5696397], [78.3427498, 21.5890555], [78.3554197, 21.5733217], [78.3630617, 21.5752038], [78.3816154, 21.5920375], [78.3726373, 21.6134451], [78.387425, 21.614839], [78.4271875, 21.5992068], [78.4190599, 21.5798502], [78.4278877, 21.5594274], [78.424238, 21.5444363], [78.4346404, 21.5340872], [78.4297922, 21.527672], [78.4384607, 21.5178471], [78.4320506, 21.51444], [78.4365007, 21.4995042], [78.4496546, 21.4955182], [78.486852, 21.5055327], [78.5116449, 21.5286901], [78.5701452, 21.5142554], [78.5678514, 21.5057921], [78.5853352, 21.4867217], [78.6087732, 21.4890602], [78.628684, 21.4756802], [78.6434278, 21.4855173], [78.6671221, 21.4770857], [78.6889102, 21.4819708], [78.7284659, 21.462293], [78.7455883, 21.4701869], [78.7508485, 21.4929839], [78.7668733, 21.4890351], [78.7761629, 21.4652922], [78.7801486, 21.4788736], [78.8002569, 21.4901552], [78.8410484, 21.4870028], [78.8680339, 21.4940779], [78.8908366, 21.4852625], [78.8992586, 21.5004616], [78.9366924, 21.4857667], [78.9443927, 21.5158752], [78.9274272, 21.5222487], [78.9298712, 21.5403606], [78.9067975, 21.5532591], [78.9318633, 21.5617601], [78.9137507, 21.5709854], [78.9143521, 21.5889862], [78.9439318, 21.5921466], [78.9755219, 21.6176379], [78.9980123, 21.6185735], [79.012369, 21.5994462], [79.0764653, 21.6053959], [79.0939582, 21.5981122], [79.1072064, 21.6050267], [79.1005273, 21.6176034], [79.1433004, 21.6369641], [79.1483129, 21.6611749], [79.2240204, 21.6488038], [79.2311805, 21.670351], [79.2218186, 21.6770375], [79.2208593, 21.6928692], [79.2373684, 21.713406], [79.2311858, 21.722284], [79.268069, 21.7154138], [79.2905883, 21.6925442], [79.3542704, 21.6848344], [79.3523681, 21.6780574], [79.3924871, 21.6741197], [79.4221978, 21.6918223], [79.4352488, 21.6828279], [79.4607346, 21.6875533], [79.4962061, 21.674225], [79.5042656, 21.6411009], [79.517231, 21.6257472], [79.503713, 21.6145932], [79.5120284, 21.5839734], [79.5425088, 21.5682248], [79.5406107, 21.5426801], [79.5658139, 21.5476358], [79.5813779, 21.5412959], [79.6185043, 21.5572602], [79.6520534, 21.5559847], [79.660936, 21.5768954], [79.6895477, 21.5809554], [79.6990697, 21.5929001], [79.7181569, 21.5930578], [79.7376286, 21.6038563], [79.7920707, 21.5865897], [79.8312491, 21.5469248], [79.8912446, 21.5181866], [79.9184649, 21.5245445], [79.9221865, 21.5418029], [79.9359005, 21.5562444], [79.9714828, 21.5577177], [79.9968058, 21.5336187], [80.0328654, 21.556214], [80.0666863, 21.5542024], [80.1012362, 21.5899905], [80.1160624, 21.5932531], [80.1197089, 21.609879], [80.154617, 21.606471], [80.1927783, 21.6354505], [80.2174569, 21.6334327], [80.2214786, 21.6209699], [80.2534472, 21.6247545], [80.2701387, 21.6160607], [80.2812954, 21.5960482], [80.2940697, 21.5933248], [80.2980617, 21.5758101], [80.3277544, 21.5714018], [80.3393078, 21.5550773], [80.331312, 21.5475422], [80.3771949, 21.5222466], [80.3839734, 21.4900991], [80.4090627, 21.4673678], [80.4221551, 21.4405395], [80.3960352, 21.4081072], [80.412236, 21.3767175], [80.4486317, 21.3720539], [80.4575559, 21.4026801], [80.4764653, 21.3948975], [80.4810891, 21.4009427], [80.4841912, 21.3953371], [80.5009688, 21.3985061], [80.5084152, 21.390821], [80.5276224, 21.3948705], [80.5431624, 21.3707053], [80.5701897, 21.3575165], [80.5666993, 21.3456521], [80.5894709, 21.3437166], [80.5893441, 21.3335985], [80.5991961, 21.3271226], [80.6208463, 21.3203598], [80.6529209, 21.3275046], [80.6777788, 21.3488058], [80.7065482, 21.4115556], [80.7057391, 21.4308838], [80.7243997, 21.4451844], [80.7374386, 21.4712955], [80.7275998, 21.4961975], [80.7407816, 21.5392259], [80.719994, 21.5549955], [80.7289145, 21.572575], [80.7153557, 21.58505], [80.7170484, 21.6029661], [80.730946, 21.6173477], [80.7268457, 21.6456234], [80.7192832, 21.6453709], [80.7143873, 21.6615499], [80.7159762, 21.6747283], [80.7341365, 21.6945068], [80.7261427, 21.7136657], [80.7320591, 21.7136626], [80.7403401, 21.7441287], [80.7559915, 21.762065], [80.7779249, 21.7547741], [80.7854326, 21.7403079], [80.8197392, 21.7480232], [80.8171223, 21.7621332], [80.8401817, 21.8021473], [80.8451789, 21.8288248], [80.83933, 21.8476534], [80.8525355, 21.8547523], [80.8432642, 21.865555], [80.8533097, 21.8727643], [80.8320989, 21.890238], [80.8321202, 21.9079674], [80.8476965, 21.9325331], [80.8430362, 21.9461193], [80.8289824, 21.9483831], [80.8254944, 21.9584206], [80.852673, 21.9573074], [80.8757764, 22.0110439], [80.8826942, 22.0590345], [80.8968107, 22.0643434], [80.9079341, 22.109573], [80.9219517, 22.1199505], [80.9475775, 22.1182659], [80.9569792, 22.110418], [80.9718804, 22.0823507], [80.9700419, 22.0574083], [80.9943909, 22.0492418], [80.9948784, 22.0586066], [81.0052665, 22.0615451], [81.0091052, 22.0708993], [81.0014496, 22.0834965], [81.0113334, 22.0955689], [80.9904764, 22.113554], [80.9809612, 22.1102145], [80.9783419, 22.1199651], [80.9948736, 22.1330214], [81.021913, 22.132729], [81.0267509, 22.1663901], [81.0166578, 22.1855291], [81.0306637, 22.1874027], [81.0316398, 22.1996535], [81.0194627, 22.2211845], [81.0500614, 22.2445505], [81.0726098, 22.2483748], [81.079549, 22.2393777], [81.0915269, 22.2490028], [81.1018545, 22.2783044], [81.1187182, 22.2912605], [81.1135481, 22.3241275], [81.1212109, 22.3425955], [81.1036631, 22.3833676], [81.1111641, 22.4375745], [81.1270083, 22.4492289], [81.1551153, 22.4549146], [81.1726923, 22.4879085], [81.1976665, 22.4895666], [81.1994617, 22.4630331], [81.2321909, 22.452155], [81.2619331, 22.4721696], [81.2621298, 22.493265], [81.2732863, 22.4931866], [81.2812693, 22.5029542], [81.313728, 22.4829212], [81.3227969, 22.4891599], [81.3172143, 22.5146143], [81.3265267, 22.5261441], [81.3543086, 22.5112568], [81.3820553, 22.5098183], [81.3900599, 22.4522642], [81.3964118, 22.4400813], [81.4067044, 22.440951], [81.4286994, 22.4568885], [81.4227774, 22.4700479], [81.4278386, 22.4798128], [81.4392137, 22.482125], [81.4473678, 22.4658756], [81.4589274, 22.4692925], [81.4466168, 22.4697636], [81.4508823, 22.4785889], [81.4425405, 22.4791977], [81.4510811, 22.4866034], [81.4426062, 22.4943509], [81.4847101, 22.4878301], [81.4966494, 22.5195183], [81.5093118, 22.526063], [81.5182449, 22.5198021], [81.5222305, 22.5390125], [81.5460835, 22.5275797], [81.5700331, 22.5322719], [81.5627525, 22.5423608], [81.5695494, 22.55073], [81.5918291, 22.5452184], [81.5999777, 22.5352593], [81.6219425, 22.5380155], [81.6290252, 22.5633593], [81.6427683, 22.5597145], [81.6599315, 22.5694555], [81.6578349, 22.5844419], [81.6454847, 22.584444], [81.6472545, 22.6132642], [81.6833154, 22.6469066], [81.7131403, 22.6480894], [81.7252565, 22.6730781], [81.7395284, 22.6750868], [81.7526278, 22.6444865], [81.7723707, 22.6682061], [81.7728435, 22.6847024], [81.7611526, 22.6975326], [81.7535928, 22.7285159], [81.7699286, 22.7355758], [81.7730711, 22.7505502], [81.7943917, 22.7664599], [81.7835867, 22.7793462], [81.781778, 22.8109454], [81.7613452, 22.8302873], [81.7765286, 22.8516405], [81.7756831, 22.8744368], [81.8616266, 22.889261], [81.8694914, 22.8945079], [81.866114, 22.9158106], [81.8782403, 22.9098086], [81.9189217, 22.9465453], [81.9463076, 22.9567787], [81.9504814, 22.9829269], [81.9215018, 23.040814], [81.9295492, 23.0616423], [81.9468543, 23.0691011], [81.9422512, 23.078965], [81.9631727, 23.0751939], [81.9911393, 23.0866118], [82.0341886, 23.0800474], [82.0722247, 23.1183247], [82.1222495, 23.1038014], [82.1379064, 23.1120005], [82.1406974, 23.1329326], [82.1613598, 23.1431148], [82.1609191, 23.1620522], [82.1443524, 23.1656481], [82.1493875, 23.1757401], [82.1439837, 23.195139], [82.1536058, 23.2127391], [82.1452745, 23.2267153], [82.1597846, 23.2463252], [82.1671789, 23.2458852], [82.1743543, 23.2687026], [82.1933809, 23.2779651], [82.1993882, 23.3134291], [82.1939619, 23.3238436], [82.1637288, 23.3346724], [82.1457483, 23.3611799], [82.1171374, 23.3554605], [82.1101137, 23.3631719], [82.1137655, 23.3841586], [82.1034126, 23.3982357], [82.0640624, 23.3929382], [82.0560039, 23.3767843], [82.0368463, 23.3887398], [82.0323111, 23.382416], [82.021898, 23.387322], [82.0290699, 23.4002037], [82.0238484, 23.4086708], [82.0327519, 23.4099902], [82.0254753, 23.4248811], [82.0095544, 23.4119931], [81.9996867, 23.4215576], [81.9853343, 23.414495], [81.9767411, 23.4237967], [81.9838984, 23.4292772], [81.9804045, 23.4470404], [81.9549796, 23.4679992], [81.957911, 23.5007021], [81.942343, 23.5056905], [81.9232862, 23.5326594], [81.9078733, 23.5353345], [81.8756047, 23.5127123], [81.8636867, 23.5175725], [81.8364251, 23.5109078], [81.8206893, 23.515242], [81.8090694, 23.5493413], [81.7582619, 23.5498714], [81.7466371, 23.5697971], [81.7252336, 23.5568689], [81.7225251, 23.5432997], [81.6996447, 23.5220168], [81.6681177, 23.5329453], [81.6589114, 23.5289972], [81.6581651, 23.5049075], [81.637276, 23.4903645], [81.6270488, 23.4913216], [81.6123191, 23.5102122], [81.6103165, 23.555083], [81.5840212, 23.553576], [81.5766845, 23.5853445], [81.5897039, 23.596026], [81.611969, 23.5952529], [81.6065141, 23.6138706], [81.6203295, 23.6514285], [81.6145652, 23.6629179], [81.6445455, 23.6571833], [81.6551724, 23.6631363], [81.6555493, 23.6820162], [81.6840781, 23.6909196], [81.6959093, 23.7213201], [81.6784653, 23.7393718], [81.6867621, 23.7475039], [81.6818492, 23.7533029], [81.6446617, 23.7701261], [81.6514467, 23.7990553], [81.635836, 23.8345131], [81.6132298, 23.8344775], [81.6031818, 23.8537101], [81.6222071, 23.8702386], [81.604235, 23.8817518], [81.6090176, 23.9032048], [81.6321838, 23.9058212], [81.6685823, 23.9249623], [81.6723101, 23.9133879], [81.6875443, 23.9064783], [81.690437, 23.8847631], [81.7073101, 23.8823592], [81.7074906, 23.8611325], [81.7319778, 23.8566779], [81.7254739, 23.8398241], [81.7911185, 23.8093468], [81.7959042, 23.8148886], [81.822816, 23.8077218], [81.8382005, 23.8211027], [81.8630704, 23.8244568], [81.8677123, 23.834145], [81.8881575, 23.8355482], [81.9060929, 23.8460643], [81.9204579, 23.8706148], [81.9289311, 23.8707205], [81.9577993, 23.852284], [82.0088132, 23.8610785], [82.0441805, 23.8416489], [82.038416, 23.8268405], [82.053581, 23.8183752], [82.1714624, 23.8182401], [82.1808519, 23.8362802], [82.2112282, 23.8516175], [82.2153195, 23.8410187], [82.2063125, 23.8274112], [82.2255089, 23.8200838], [82.2318132, 23.8053142], [82.2606107, 23.8212405], [82.3346565, 23.8025468], [82.3394669, 23.8086209], [82.3526509, 23.8035263], [82.3769326, 23.811027], [82.3931957, 23.7999369], [82.4406519, 23.8027905], [82.4692581, 23.8110597], [82.4930885, 23.7871615], [82.5233976, 23.7836774], [82.5381277, 23.7942503], [82.5514745, 23.790641], [82.548442, 23.8085486], [82.5330744, 23.8221469], [82.5886197, 23.8214385], [82.6354016, 23.8378208], [82.6381364, 23.8479827], [82.6471431, 23.848722], [82.6468258, 23.8591414], [82.6604658, 23.8551435], [82.6684478, 23.8717908], [82.6510584, 23.8894779], [82.6615901, 23.9076418], [82.6888836, 23.9097998], [82.7035064, 23.9244874], [82.7523838, 23.9197898], [82.7544609, 23.9341881], [82.7810668, 23.938362], [82.8007428, 23.9607996], [82.8126116, 23.9598694], [82.8022404, 23.9793], [82.8085012, 23.9860569], [82.8041829, 24.0035247], [82.7507045, 24.0119781], [82.7471838, 24.0272746], [82.7673686, 24.0485626], [82.7740195, 24.0763043], [82.7630502, 24.0699109], [82.7596834, 24.0777307], [82.7483168, 24.0708223], [82.7331373, 24.0804537], [82.7138994, 24.0762497], [82.70754, 24.0963914], [82.6643342, 24.1285595], [82.6741275, 24.1409707], [82.6707035, 24.1471229], [82.682885, 24.1545919], [82.6997115, 24.1392406], [82.7280776, 24.1351429], [82.7292981, 24.1479626], [82.7444369, 24.1654804], [82.7347147, 24.217311], [82.7592949, 24.2370571], [82.7561641, 24.2614229], [82.7715144, 24.2950423], [82.7659459, 24.3156998], [82.773638, 24.3434221], [82.7644986, 24.3542497], [82.7696993, 24.3695473], [82.7640063, 24.3762693], [82.7259693, 24.3679408], [82.713207, 24.3802358], [82.7234051, 24.4167849], [82.7392103, 24.4276439], [82.7308913, 24.4375763], [82.736361, 24.4616458], [82.7298949, 24.4726515], [82.7435632, 24.4953468], [82.7206341, 24.5140324], [82.7209419, 24.5295018], [82.7310275, 24.5350834], [82.7191827, 24.55247], [82.7516391, 24.5499068], [82.7555201, 24.5374468], [82.807545, 24.5489944], [82.803031, 24.597685], [82.7654619, 24.595771], [82.7795481, 24.6139359], [82.7722733, 24.6219344], [82.7743017, 24.6417747], [82.7530944, 24.6369516], [82.7322853, 24.64428], [82.7281343, 24.6353543], [82.7181729, 24.6346748], [82.7179614, 24.6425472], [82.7067018, 24.6362749], [82.6981987, 24.646201], [82.7008885, 24.6760187], [82.6708468, 24.6970267], [82.5396345, 24.6478514], [82.5297827, 24.6525309], [82.5229522, 24.6762697], [82.4502384, 24.6744097], [82.4530283, 24.688537], [82.4294479, 24.7025857], [82.4062045, 24.6811195], [82.4184463, 24.6517214], [82.4089955, 24.6252358], [82.4220227, 24.5996198], [82.4161102, 24.5911984], [82.3647673, 24.5971982], [82.3386389, 24.6203645], [82.3196392, 24.6062028], [82.2968041, 24.6058404], [82.3039015, 24.6536923], [82.2963645, 24.6612494], [82.3031431, 24.667103], [82.2880086, 24.6658626], [82.2851858, 24.6757826], [82.2687584, 24.683405], [82.2628594, 24.6782593], [82.2725509, 24.6735491], [82.260874, 24.6613124], [82.2490017, 24.6711617], [82.2401143, 24.6696643], [82.2397114, 24.6612731], [82.2297113, 24.6817872], [82.2501106, 24.697453], [82.2446975, 24.7306977], [82.2554759, 24.7482421], [82.2507296, 24.7697497], [82.2451605, 24.7444106], [82.2354198, 24.7602016], [82.2264583, 24.7612371], [82.2288405, 24.7455828], [82.2158499, 24.7548838], [82.2065692, 24.7471946], [82.2213045, 24.7223278], [82.2140387, 24.7344251], [82.1774543, 24.7323253], [82.2032568, 24.7583395], [82.1954199, 24.7641663], [82.1965451, 24.7780595], [82.2094449, 24.7715258], [82.2179224, 24.7766756], [82.2092121, 24.7784367], [82.2161504, 24.794141], [82.1842573, 24.795633], [82.2035916, 24.8192047], [82.1666505, 24.800875], [82.1789018, 24.7950663], [82.1670211, 24.7854419], [82.1385819, 24.7994094], [82.1338789, 24.7879798], [82.1156092, 24.7844363], [82.0976541, 24.8161487], [82.0452141, 24.8286189], [82.0170142, 24.8459216], [81.9715371, 24.8389342], [81.9652662, 24.8270395], [81.9379357, 24.8497266], [81.9337159, 24.8707042], [81.9078862, 24.8813466], [81.9028363, 24.8916753], [81.919645, 24.9281249], [81.9103613, 24.9373761], [81.9078576, 24.9801178], [81.9014559, 24.986497], [81.9072697, 25.005673], [81.8955982, 25.0095317], [81.9016864, 24.9993976], [81.8913135, 24.9888682], [81.8909033, 24.9957607], [81.8534686, 25.0026776], [81.8348153, 25.0169721], [81.8103811, 25.0126933], [81.8037662, 25.0017048], [81.7922127, 25.0044074], [81.7808887, 25.0188762], [81.7458027, 25.0334693], [81.7315077, 25.0486419], [81.7238783, 25.0501682], [81.7214113, 25.0382537], [81.713314, 25.036074], [81.6897523, 25.0389478], [81.6934391, 25.0487997], [81.6823159, 25.0611945], [81.667197, 25.0613621], [81.6665425, 25.075111], [81.6412249, 25.0567631], [81.6114341, 25.0565015], [81.6174544, 25.0609209], [81.6003506, 25.0738463], [81.6408635, 25.0984924], [81.6283385, 25.1067948], [81.6329435, 25.1171211], [81.6240816, 25.120037], [81.6083167, 25.0960549], [81.610109, 25.1125166], [81.5969553, 25.1190866], [81.5980643, 25.1313357], [81.6145878, 25.1443926], [81.6233203, 25.1410394], [81.6262105, 25.1604667], [81.6153978, 25.1690131], [81.5884634, 25.1657697], [81.595588, 25.181778], [81.5785742, 25.1908538], [81.5399142, 25.1860791], [81.5398041, 25.1803603], [81.5146034, 25.1843374], [81.514637, 25.1735776], [81.5365001, 25.1605479], [81.5226996, 25.1466729], [81.5308978, 25.1452069], [81.5272388, 25.1380911], [81.4995098, 25.1486817], [81.496384, 25.12898], [81.4800549, 25.1325492], [81.4903219, 25.109445], [81.5180982, 25.1007384], [81.5002376, 25.0963778], [81.5010845, 25.0774254], [81.4936321, 25.0801893], [81.4911345, 25.0723237], [81.4692699, 25.0797868], [81.4648069, 25.0901124], [81.40727, 25.1049143], [81.4476577, 25.1071722], [81.4385247, 25.1303347], [81.4061857, 25.1312876], [81.4142134, 25.1210186], [81.399921, 25.1192192], [81.3926149, 25.1309558], [81.3708976, 25.1348385], [81.3757272, 25.1417265], [81.3572777, 25.1631021], [81.3345164, 25.1692948], [81.3195634, 25.1567826], [81.3310405, 25.114661], [81.3214722, 25.1127659], [81.3119211, 25.1375647], [81.3134303, 25.1637355], [81.2775162, 25.1660002], [81.2816731, 25.1520602], [81.2661473, 25.1396866], [81.2647249, 25.1166929], [81.2521373, 25.1020766], [81.2666721, 25.0843897], [81.2594943, 25.0757323], [81.2688973, 25.0674469], [81.2638211, 25.0527645], [81.2266621, 25.0019616], [81.2089241, 24.9926175], [81.2208732, 24.9776111], [81.2071373, 24.9644842], [81.2195236, 24.9286373], [81.19291, 24.9253522], [81.2071941, 24.9304321], [81.1851514, 24.9520365], [81.168012, 24.9552292], [81.1601972, 24.9135553], [81.145462, 24.9103035], [81.1396043, 24.8875274], [81.0963022, 24.9211894], [81.0845072, 24.9499079], [81.0337306, 24.9526117], [81.0255788, 24.9400536], [81.0162666, 24.951503], [81.0288515, 24.9332624], [81.0230692, 24.9276208], [81.004512, 24.9372213], [80.986747, 24.9231968], [80.9853844, 24.9328844], [80.9738513, 24.9341924], [80.9571777, 24.9178535], [80.9587854, 24.93858], [80.9477125, 24.9409691], [80.9540479, 24.9543447], [80.9460041, 24.9662652], [80.8991485, 24.9486221], [80.9070764, 24.9350521], [80.8917167, 24.9451068], [80.8607268, 24.9286678], [80.8374416, 24.9283251], [80.8297974, 24.9180134], [80.8119911, 24.9225478], [80.8200498, 24.9329057], [80.8081709, 24.9386785], [80.8099259, 24.9527306], [80.7922077, 24.9648684], [80.8237925, 24.9677671], [80.8329236, 24.9819793], [80.8517359, 24.9882486], [80.8551261, 25.0039862], [80.8317817, 25.0328737], [80.8780406, 25.0654692], [80.8676034, 25.0753361], [80.8795879, 25.0992543], [80.8684388, 25.1156796], [80.8795248, 25.1383384], [80.8947815, 25.1340086], [80.912912, 25.1590831], [80.9037207, 25.1593075], [80.8820771, 25.1824369], [80.8846618, 25.1879389], [80.8687926, 25.1745109], [80.8641493, 25.1827751], [80.8441492, 25.1869023], [80.838143, 25.180347], [80.8486041, 25.1630078], [80.837471, 25.1394937], [80.8406087, 25.1086072], [80.8299135, 25.1001676], [80.8266498, 25.1214493], [80.8119484, 25.1240797], [80.8145615, 25.1335054], [80.8069944, 25.13689], [80.7863764, 25.1294424], [80.7787803, 25.142261], [80.7720594, 25.1326287], [80.7539068, 25.1328001], [80.7419527, 25.1236333], [80.7302416, 25.1463188], [80.71811, 25.1303394], [80.7043894, 25.1283749], [80.7076298, 25.1176531], [80.7273516, 25.1185525], [80.7254512, 25.0914311], [80.7519339, 25.0928876], [80.7571276, 25.0823216], [80.7835942, 25.0756058], [80.7877921, 25.0613901], [80.7757606, 25.054824], [80.7369059, 25.052957], [80.7323367, 25.0636941], [80.7207212, 25.0640089], [80.6797369, 25.0484571], [80.6738602, 25.0606147], [80.6850127, 25.0766073], [80.6729222, 25.0825246], [80.6617364, 25.0676054], [80.6559673, 25.0847137], [80.640425, 25.0924932], [80.6260259, 25.082943], [80.6080819, 25.098433], [80.6188085, 25.1004921], [80.6274093, 25.1174051], [80.6382269, 25.1168674], [80.6285102, 25.1333971], [80.6103385, 25.1290136], [80.6065422, 25.1503583], [80.5967844, 25.1437487], [80.5949984, 25.1271967], [80.6071867, 25.1179049], [80.5975647, 25.1139314], [80.5923274, 25.1031968], [80.5975206, 25.0895439], [80.5922863, 25.0901973], [80.5960261, 25.0798075], [80.5981953, 25.0872646], [80.6067255, 25.0862774], [80.6131362, 25.0656956], [80.5684466, 25.086877], [80.5675807, 25.0733626], [80.5458002, 25.0644018], [80.5215973, 25.0760458], [80.5181317, 25.094703], [80.4827222, 25.100211], [80.4807678, 25.0929138], [80.5066275, 25.0839742], [80.503382, 25.0730529], [80.4964141, 25.0729477], [80.5089857, 25.0587851], [80.5005792, 25.0415312], [80.5460686, 25.0324176], [80.5413677, 25.0166757], [80.5494757, 25.0024662], [80.4993023, 25.0062146], [80.4925856, 24.9893799], [80.4803896, 24.9859992], [80.4786561, 24.9739532], [80.4561447, 24.981636], [80.4628546, 25.0025334], [80.4370255, 24.9945229], [80.4367864, 25.0014812], [80.4548724, 25.0057291], [80.4524461, 25.0151461], [80.4330916, 25.0237355], [80.4540682, 25.0418214], [80.4743533, 25.0305295], [80.4955856, 25.0290965], [80.5018766, 25.0372488], [80.4888166, 25.0434826], [80.475147, 25.0379405], [80.4665065, 25.0649246], [80.4514299, 25.0622068], [80.4489819, 25.0786515], [80.433032, 25.0657583], [80.4161061, 25.0731755], [80.4086982, 25.0553539], [80.4006231, 25.0695725], [80.3880037, 25.0509145], [80.3736589, 25.0559116], [80.3705129, 25.0426863], [80.3898353, 25.0355584], [80.3778455, 25.0270236], [80.3964404, 25.0119462], [80.3873155, 25.0043144], [80.3784146, 25.0047392], [80.377464, 25.0195443], [80.3629491, 25.0235972], [80.3573826, 25.0115765], [80.3519971, 25.0175113], [80.3416648, 25.0134785], [80.330993, 24.9921999], [80.273623, 25.0259732], [80.287872, 25.0381197], [80.2903652, 25.0593702], [80.3113977, 25.0442343], [80.331478, 25.0479835], [80.3365533, 25.0589713], [80.3553346, 25.0556349], [80.3457837, 25.0649045], [80.3484314, 25.0866508], [80.3704759, 25.0997171], [80.3760823, 25.1163592], [80.3547181, 25.1264188], [80.3545575, 25.1383575], [80.3898101, 25.1580649], [80.4198902, 25.163182], [80.4316659, 25.1776171], [80.407734, 25.2180215], [80.4033438, 25.2440343], [80.3835765, 25.237289], [80.35681, 25.2617983], [80.3514265, 25.2771574], [80.3107999, 25.286407], [80.3226702, 25.3320891], [80.3095518, 25.3543628], [80.3203107, 25.3660527], [80.315411, 25.3888712], [80.2884455, 25.4170311], [80.2638382, 25.4240195], [80.2534192, 25.4008344], [80.2361605, 25.4078224], [80.2208209, 25.3967435], [80.2023719, 25.4140365], [80.1949315, 25.3781577], [80.1689619, 25.3768588], [80.1671639, 25.3640815], [80.1493881, 25.3576085], [80.1310969, 25.3342301], [80.0887808, 25.3558547], [80.0726699, 25.336947], [80.033415, 25.3420236], [80.018214, 25.3224425], [80.0222127, 25.2976162], [79.9989434, 25.2859729], [80.005115, 25.2657102], [79.9807778, 25.2618451], [79.9483304, 25.2686624], [79.9365355, 25.247536], [79.9276229, 25.2496112], [79.9175548, 25.2268252], [79.9165239, 25.2446227], [79.9074882, 25.2508899], [79.901967, 25.2408211], [79.8778835, 25.2510244], [79.864524, 25.2363457], [79.8513785, 25.235559], [79.8516134, 25.2265047], [79.8685893, 25.2164906], [79.8560198, 25.1940523], [79.8700943, 25.172275], [79.8665445, 25.1500948], [79.8815301, 25.142047], [79.8661435, 25.1410584], [79.8516169, 25.1285494], [79.8480064, 25.1105347], [79.8615318, 25.0962101], [79.8287015, 25.0993225], [79.8239689, 25.108249], [79.7484993, 25.1393513], [79.7172533, 25.1287686], [79.6833575, 25.1351547], [79.6732217, 25.1203581], [79.6415075, 25.1269234], [79.6227063, 25.1406098], [79.6011388, 25.1274868], [79.6069858, 25.1527686], [79.5956862, 25.1433677], [79.5693587, 25.171802], [79.5516373, 25.1607093], [79.5328913, 25.1333054], [79.5179475, 25.1270349], [79.5248946, 25.0969731], [79.5058356, 25.0954525], [79.4915042, 25.0796542], [79.4650246, 25.0880456], [79.4772405, 25.1274512], [79.4389206, 25.1012212], [79.4391973, 25.1278022], [79.4212965, 25.1354325], [79.415772, 25.133096], [79.4255238, 25.1301501], [79.426134, 25.1190553], [79.4057395, 25.1063594], [79.3931264, 25.1172693], [79.3960073, 25.1283608], [79.3875738, 25.1303072], [79.3906989, 25.1412751], [79.3839454, 25.1427066], [79.3900428, 25.1700458], [79.4116319, 25.1826977], [79.4120788, 25.2003189], [79.4403707, 25.1988195], [79.4488341, 25.2150736], [79.4326569, 25.2206371], [79.4624623, 25.2646665], [79.494459, 25.2669057], [79.4819156, 25.2685411], [79.4793032, 25.2784322], [79.467219, 25.283297], [79.4585785, 25.2797769], [79.4622706, 25.2710591], [79.4374528, 25.254877], [79.4088129, 25.2560911], [79.4076139, 25.2739159], [79.3685921, 25.2924564], [79.3738933, 25.2725024], [79.3698183, 25.2599861], [79.3628991, 25.2616964], [79.3552795, 25.2659022], [79.3583098, 25.2842368], [79.3361473, 25.2880963], [79.346579, 25.3050787], [79.3413269, 25.3189253], [79.3522311, 25.3298822], [79.2998861, 25.3376345], [79.2956777, 25.3236426], [79.2788976, 25.3239899], [79.2705167, 25.3097162], [79.2644659, 25.2689452], [79.2826787, 25.2621619], [79.2937874, 25.2835836], [79.3165177, 25.2559577], [79.3295855, 25.2576097], [79.3352149, 25.2698025], [79.3508622, 25.2639201], [79.3435758, 25.2270567], [79.3327571, 25.2282796], [79.3518943, 25.2121566], [79.3383635, 25.1979586], [79.328527, 25.2213228], [79.3089858, 25.2236806], [79.2991908, 25.2399295], [79.2792521, 25.2447295], [79.2846166, 25.1911877], [79.2922559, 25.1841734], [79.3014322, 25.2014339], [79.3085083, 25.1982867], [79.3043675, 25.1782307], [79.3231337, 25.1498295], [79.3136539, 25.1362352], [79.3069738, 25.1293129], [79.2871096, 25.1318617], [79.2781811, 25.1174304], [79.2599048, 25.1252577], [79.2688129, 25.1384488], [79.2644319, 25.1523386], [79.2445975, 25.1590499], [79.2241594, 25.1460477], [79.2492198, 25.1402977], [79.245436, 25.1139757], [79.2273724, 25.1220012], [79.2150295, 25.1114066], [79.2038447, 25.1256085], [79.2043052, 25.1399166], [79.1922096, 25.1462139], [79.1761801, 25.14006], [79.1746233, 25.1282076], [79.1872903, 25.1263792], [79.1859955, 25.1149331], [79.1731575, 25.1078242], [79.1439106, 25.1148678], [79.1318865, 25.1090141], [79.1235101, 25.1149097], [79.1321321, 25.1271099], [79.1160026, 25.1396489], [79.1260936, 25.1612199], [79.0958476, 25.174704], [79.0906303, 25.1908075], [79.0714861, 25.1702016], [79.0680038, 25.1496993], [79.0508056, 25.1339841], [79.0307632, 25.1384796], [79.0368763, 25.1613855], [79.0318371, 25.1639984], [79.0400404, 25.1709046], [79.0309138, 25.1844807], [79.0523292, 25.2074446], [79.0485871, 25.1934549], [79.0596661, 25.190409], [79.0636834, 25.2217578], [79.033655, 25.2337171], [79.0399858, 25.2426758], [79.0217734, 25.2415719], [79.017995, 25.249274], [79.0256092, 25.2612818], [79.0132216, 25.2740499], [78.9943746, 25.2731634], [78.9748443, 25.2404934], [79.0011862, 25.2336981], [79.0058734, 25.1950472], [78.9538581, 25.2189626], [78.9252126, 25.2044549], [78.9029637, 25.1703603], [78.8803959, 25.1576163], [78.8709758, 25.1869759], [78.8905848, 25.2144243], [78.869532, 25.2311074], [78.8809216, 25.2540109], [78.8997746, 25.243116], [78.9170258, 25.273585], [78.9451438, 25.2594196], [78.9545954, 25.2613557], [78.9486768, 25.2741773], [78.9555129, 25.2827586], [78.9799246, 25.2790465], [78.9574276, 25.3022381], [78.9606156, 25.3450834], [78.927934, 25.324129], [78.9322154, 25.3359438], [78.9225433, 25.3428981], [78.9118416, 25.3325607], [78.882004, 25.3436368], [78.881253, 25.3249238], [78.8675714, 25.3255511], [78.8626163, 25.314452], [78.8744644, 25.3084495], [78.8798956, 25.2859763], [78.8749757, 25.27838], [78.8666059, 25.2803883], [78.8496536, 25.2287854], [78.842801, 25.2276918], [78.8327392, 25.2525202], [78.8094722, 25.2706023], [78.8184488, 25.2989512], [78.8285661, 25.3027371], [78.8171543, 25.3066824], [78.7988132, 25.2891705], [78.7877818, 25.2960071], [78.7982366, 25.3139362], [78.8192991, 25.3069406], [78.8426137, 25.3365519], [78.8461571, 25.3269794], [78.8457431, 25.3555546], [78.8802427, 25.3858928], [78.9137956, 25.3843374], [78.9198068, 25.3969666], [78.9533001, 25.3999495], [78.9575494, 25.3936824], [78.9382949, 25.3748254], [78.9159356, 25.3814413], [78.8965376, 25.3740387], [78.9013391, 25.3616167], [78.92325, 25.3587945], [78.9387125, 25.3469767], [78.9591589, 25.3715111], [78.9752357, 25.3660667], [78.9893319, 25.3740408], [78.9699291, 25.3901137], [78.9762346, 25.4199619], [78.9669967, 25.4346232], [78.9509355, 25.4405496], [78.9382296, 25.422261], [78.9088728, 25.4424205], [78.9239864, 25.4594907], [78.9360237, 25.4616075], [78.9439061, 25.4829255], [78.9268085, 25.4899601], [78.9422405, 25.4921338], [78.9199007, 25.5154011], [78.9272016, 25.5249761], [78.9364213, 25.5197911], [78.9528473, 25.5375301], [78.9517899, 25.5487871], [78.9393662, 25.5572196], [78.9233659, 25.535936], [78.9112034, 25.5551623], [78.8826487, 25.5539615], [78.8742949, 25.5409495], [78.8864429, 25.5324277], [78.884382, 25.5155792], [78.8415376, 25.5125382], [78.8349595, 25.5058206], [78.8328181, 25.4995049], [78.855647, 25.4883704], [78.8661711, 25.4656686], [78.8606995, 25.4449965], [78.8441503, 25.4277525], [78.8280215, 25.4282493], [78.8207254, 25.438691], [78.8548879, 25.4476949], [78.83518, 25.4547861], [78.8408904, 25.4614991], [78.820608, 25.4677442], [78.8091637, 25.4534163], [78.8182495, 25.471652], [78.7915611, 25.4834194], [78.7678289, 25.4694281], [78.7473309, 25.4847572], [78.7462688, 25.496624], [78.7363497, 25.4938155], [78.7318273, 25.4580587], [78.7523644, 25.4467065], [78.7623597, 25.4269004], [78.7706532, 25.4228745], [78.7834277, 25.4348722], [78.8029707, 25.4371623], [78.8213736, 25.4225781], [78.7497399, 25.4110595], [78.7481452, 25.390989], [78.7679849, 25.4000311], [78.7569228, 25.3854439], [78.7736597, 25.3761676], [78.7659205, 25.3691482], [78.7745878, 25.3531041], [78.7241223, 25.3439673], [78.7087852, 25.3519883], [78.7140504, 25.3721472], [78.6996043, 25.3818886], [78.6946661, 25.3738593], [78.6589487, 25.3852866], [78.6662947, 25.3927275], [78.6588957, 25.4085042], [78.6660095, 25.4158142], [78.6748988, 25.3995673], [78.7114275, 25.4281027], [78.6898659, 25.445748], [78.6817124, 25.433222], [78.6598346, 25.4416601], [78.6413567, 25.4334939], [78.644932, 25.4126727], [78.6358165, 25.4006948], [78.6096667, 25.4160224], [78.5901935, 25.3860268], [78.5665047, 25.3935344], [78.5628906, 25.3772617], [78.5778447, 25.3811358], [78.5887685, 25.3659684], [78.5832905, 25.346974], [78.5613791, 25.341216], [78.5518387, 25.3566975], [78.531999, 25.3565781], [78.541226, 25.3455434], [78.5396441, 25.3277456], [78.5530676, 25.3196419], [78.5339957, 25.3101349], [78.531193, 25.3000183], [78.5088584, 25.2964547], [78.5023001, 25.3208994], [78.4734671, 25.2861158], [78.4537926, 25.3012662], [78.4350308, 25.284164], [78.4508536, 25.2621079], [78.5034337, 25.2895266], [78.51056, 25.2767769], [78.5308919, 25.2846315], [78.5336147, 25.2683705], [78.5779019, 25.2548188], [78.5555372, 25.2114193], [78.5702028, 25.2238785], [78.5705435, 25.2051922], [78.6006779, 25.155392], [78.6024495, 25.0944215], [78.628145, 25.0861992], [78.6526167, 25.0505925], [78.6440094, 24.9842926], [78.6317211, 24.9577979], [78.6523585, 24.94784], [78.6518635, 24.9383772], [78.6628491, 24.9387142], [78.6765598, 24.8986312], [78.7700367, 24.8590197], [78.7759317, 24.8307175], [78.7898391, 24.8109779], [78.7703977, 24.7884008], [78.7809999, 24.7060757], [78.7636444, 24.6904779], [78.7614675, 24.6708994], [78.7439279, 24.6540599], [78.7519642, 24.6424081], [78.7520302, 24.6001799], [78.7837871, 24.5885603], [78.8032248, 24.603534], [78.8346107, 24.6045555], [78.8433015, 24.6232903], [78.8597653, 24.6176406], [78.8680162, 24.6399896], [78.8832326, 24.6412935], [78.8992855, 24.6092868], [78.912574, 24.6001697], [78.9201519, 24.5748121], [78.9532101, 24.5468959], [78.9437004, 24.5344546], [78.9513214, 24.5187835], [78.9472554, 24.502404], [78.9714324, 24.4937588], [78.9634683, 24.4835349], [78.936219, 24.4794226], [78.9272234, 24.4820667], [78.9373253, 24.4907356], [78.9205759, 24.4997188], [78.9145546, 24.4593197], [78.9397569, 24.4535013], [78.9474838, 24.4366219], [78.9856281, 24.4416748], [78.9936477, 24.4227502], [78.969909, 24.3702813], [78.971454, 24.3476058], [78.9412478, 24.3152872], [78.9096377, 24.297995], [78.9186607, 24.2829829], [78.9160702, 24.2676263], [78.8843741, 24.25], [78.8880523, 24.2272786], [78.8818541, 24.2170092], [78.8609454, 24.2092126], [78.8468873, 24.21377], [78.8267481, 24.1954463], [78.8149461, 24.2068045], [78.8141496, 24.1842556], [78.8055314, 24.1781802], [78.7894314, 24.1771113], [78.7855839, 24.1840026], [78.7811288, 24.2060471], [78.7673704, 24.2202127], [78.7686514, 24.2484275], [78.7618916, 24.2595369], [78.7504242, 24.233887], [78.7404179, 24.2349844], [78.734166, 24.2524051], [78.7255716, 24.2364395], [78.7030579, 24.2269232], [78.6686337, 24.2400373], [78.6600457, 24.2675947], [78.6387658, 24.2851294], [78.625803, 24.2805906], [78.619966, 24.2928949], [78.6284428, 24.303938], [78.6036463, 24.3144997], [78.5860043, 24.3537423], [78.5732222, 24.3510527], [78.5298842, 24.3680952], [78.5298268, 24.3789065], [78.5183804, 24.3878188], [78.5022262, 24.3903435], [78.4936191, 24.381384], [78.4742943, 24.3563355], [78.4775814, 24.3384844], [78.4438906, 24.3193455], [78.4310867, 24.2840319], [78.4184007, 24.2849434], [78.4099655, 24.2711186], [78.3849007, 24.2700074], [78.3781007, 24.2840829], [78.3480462, 24.2995778], [78.3436879, 24.3173086], [78.3290835, 24.3271278], [78.3696708, 24.3749349], [78.3657865, 24.3859762], [78.3489003, 24.3874368], [78.3407491, 24.40207], [78.2696896, 24.4469392], [78.2641591, 24.4557017], [78.2749791, 24.4739234], [78.2458905, 24.4861392], [78.2460165, 24.5095391], [78.225822, 24.5201123], [78.2294432, 24.537534], [78.2644694, 24.5522023], [78.2779835, 24.6147576], [78.2626736, 24.6460018], [78.2766967, 24.6629931], [78.2261432, 24.746912], [78.2357446, 24.7717482], [78.2166786, 24.8085944], [78.197598, 24.8397822], [78.1732686, 24.8466937], [78.1689705, 24.8626199], [78.1735087, 24.8786381], [78.2105911, 24.8948078], [78.2238058, 24.9153104], [78.2945929, 24.9630568], [78.3168223, 24.9900143], [78.3338524, 24.9954996], [78.3473727, 25.0215315], [78.335489, 25.0665623], [78.338635, 25.0865814], [78.3834522, 25.1017199], [78.4068219, 25.1289342], [78.4468199, 25.121775], [78.4273813, 25.1541036], [78.4478548, 25.1527111], [78.4582615, 25.1637234], [78.4234031, 25.1693133], [78.4166378, 25.1835289], [78.3960778, 25.1872164], [78.3913821, 25.2011913], [78.4109519, 25.2126659], [78.3820566, 25.2225912], [78.3785243, 25.2386868], [78.3598, 25.2421932], [78.3725142, 25.2599069], [78.3501106, 25.2773273], [78.3545804, 25.2922534], [78.3117339, 25.3033016], [78.3435399, 25.3285776], [78.3280523, 25.3523115], [78.3008012, 25.3599315], [78.305312, 25.3767511], [78.3405303, 25.3995207], [78.3389011, 25.43102], [78.3545445, 25.4519791], [78.3776607, 25.4368106], [78.3949599, 25.4442068], [78.4003128, 25.4635507], [78.4164854, 25.4764781], [78.4313066, 25.4736296], [78.41681, 25.5017003], [78.4288474, 25.5115446], [78.4190565, 25.5181376], [78.4193405, 25.5329641], [78.4435992, 25.5632036], [78.4646937, 25.5455086], [78.4668536, 25.5593228], [78.4933385, 25.5786978], [78.5877417, 25.5566002], [78.5980232, 25.5706933], [78.6116929, 25.5698692], [78.6181362, 25.5836626], [78.6307968, 25.5789325], [78.624193, 25.5673784], [78.6586749, 25.5598867], [78.678863, 25.5853046], [78.6950789, 25.5878342], [78.7173291, 25.6053292], [78.731775, 25.6062536], [78.7421494, 25.5969932], [78.8117627, 25.6207825], [78.8198746, 25.6485701], [78.8167042, 25.6763215], [78.7955682, 25.6967208], [78.7999117, 25.7050682], [78.7633317, 25.7199297], [78.7528558, 25.7500024], [78.770813, 25.7486307], [78.7729596, 25.7586073], [78.7828829, 25.758483], [78.8082876, 25.8009712], [78.8286166, 25.7957076], [78.8283102, 25.8143382], [78.8143123, 25.8070396], [78.8062664, 25.8130929], [78.8184353, 25.8290073], [78.8455512, 25.8215549], [78.8446532, 25.8034204], [78.8577904, 25.7917699], [78.8724444, 25.801379], [78.8725785, 25.835093], [78.8621416, 25.8425934], [78.8514072, 25.8384625], [78.8524062, 25.8566465], [78.8730566, 25.8751388], [78.8873791, 25.8684948], [78.8948116, 25.8951671], [78.8846391, 25.9139295], [78.8985884, 25.9179401], [78.9274776, 25.9472545], [78.9389565, 25.9426871], [78.9304981, 25.9589335], [78.9376103, 25.9645269], [78.9331792, 25.9793319], [78.9435399, 25.9788715], [78.9568143, 25.996538], [78.9444939, 26.0062776], [78.9535098, 26.015218], [78.948263, 26.0277492], [78.9861419, 26.0536756], [78.9906885, 26.068827], [79.0027496, 26.0666458], [79.0120632, 26.0831848], [79.0086599, 26.0932057], [78.9935819, 26.0937098], [78.9755934, 26.1052047], [78.9768274, 26.1160352], [78.9488704, 26.1286798], [78.9629002, 26.1365292], [78.9669558, 26.1501426], [79.0048954, 26.1480498], [79.0045339, 26.169026], [78.9831139, 26.1843583], [78.9936657, 26.1968917], [79.0258304, 26.1917654], [79.020087, 26.1982239], [79.0278317, 26.2032794], [79.0258215, 26.220098], [78.9893556, 26.234976], [79.0194422, 26.2476091], [79.0345985, 26.2253705], [79.0634447, 26.2259047], [79.0696951, 26.2456966], [79.0456441, 26.2603073], [79.0556554, 26.2588638], [79.0646444, 26.277038], [79.0770085, 26.2806205], [79.0906482, 26.2700279], [79.0965178, 26.2784865], [79.0898921, 26.2877231], [79.1019288, 26.3068153], [79.1174166, 26.2989057], [79.1248969, 26.3115918], [79.1155273, 26.3204775], [79.134968, 26.3247376], [79.132625, 26.3353161], [79.1388308, 26.3375134], [79.08417, 26.3592697], [79.0963749, 26.372324], [79.0889967, 26.3966274], [79.0952064, 26.412636], [79.1046948, 26.4063782], [79.1259837, 26.4112536], [79.1243197, 26.4226124], [79.1351778, 26.440131], [79.0997184, 26.4525892], [79.0958956, 26.4425926], [79.069892, 26.4416189], [79.0621516, 26.4538368], [79.0526164, 26.4537383], [79.071696, 26.478869], [79.0681269, 26.4966211], [79.0563215, 26.495086], [79.0449312, 26.5102976], [79.0486179, 26.5179984], [79.0396609, 26.5151142], [79.0398055, 26.5298622], [79.0265961, 26.5357113], [79.028338, 26.5466876], [79.0077436, 26.5438697], [79.0144053, 26.5506668], [79.00724, 26.5654585], [79.0002052, 26.5784133], [78.9897835, 26.5784506], [78.9891381, 26.595559], [79.0170629, 26.601036], [78.9934602, 26.6419072], [79.0070464, 26.6713092], [78.9833369, 26.6768785], [78.9454989, 26.6548208], [78.9424751, 26.6640742], [78.9577227, 26.6830602], [78.9560559, 26.6916804], [78.9125639, 26.7068343], [78.8723623, 26.6977868], [78.8189903, 26.7609418], [78.7710182, 26.7590809], [78.7535969, 26.7870122], [78.7362138, 26.7746775], [78.7271928, 26.7764702], [78.7298839, 26.7922191], [78.7236493, 26.7971257], [78.684525, 26.7887538], [78.6705286, 26.7624067], [78.6284461, 26.7732292], [78.6129984, 26.7524304], [78.578395, 26.7487879], [78.5232304, 26.7803146], [78.4616975, 26.7881856], [78.4342927, 26.8257052], [78.3990484, 26.81848], [78.3626478, 26.8692373], [78.2825134, 26.8544354], [78.2731224, 26.8429352], [78.2691369, 26.8138429], [78.2252485, 26.830647], [78.2021091, 26.8213797], [78.1735287, 26.8244654], [78.1672677, 26.8154126], [78.1866392, 26.7960854], [78.1840016, 26.7838212], [78.1561873, 26.7839734], [78.1246755, 26.7964188], [78.1059613, 26.7888829], [78.1034541, 26.7633219], [78.123527, 26.7468822], [78.0959301, 26.7278017], [78.0957412, 26.6812262], [78.0897314, 26.6744674], [78.0740886, 26.6706002], [78.0560143, 26.6836329], [78.0004319, 26.6948568], [77.9801188, 26.6712092], [77.9531763, 26.6589388], [77.9042594, 26.6590635], [77.8975154, 26.6528542], [77.8942791, 26.6147115], [77.8506625, 26.6125387], [77.8273261, 26.596047], [77.8356794, 26.5760313], [77.8220113, 26.5495782], [77.7837129, 26.5520418], [77.7459096, 26.5387542], [77.7270113, 26.5023168], [77.6737165, 26.5028343], [77.6333214, 26.4786902], [77.6134829, 26.4527242], [77.5586654, 26.435182], [77.5383808, 26.4112965], [77.4373492, 26.4032769], [77.4446769, 26.3617615], [77.3904034, 26.3565188], [77.3745194, 26.365721], [77.3425095, 26.3520186], [77.3213914, 26.3340009], [77.3113014, 26.3047376], [77.2697555, 26.2668188], [77.2038889, 26.2298668], [77.1763553, 26.2388939], [77.1661928, 26.232261], [77.1347183, 26.2329477], [77.1164256, 26.220584], [77.0967513, 26.1832379], [77.031622, 26.1726106], [77.0063098, 26.1510219], [76.9976137, 26.1290667], [76.9774785, 26.1248607], [76.9476632, 26.1027378], [76.9006951, 26.0931546], [76.8848473, 26.0480392], [76.8407773, 26.0264855], [76.8067798, 25.9898081], [76.8074548, 25.9653724], [76.7890276, 25.9410925], [76.7488557, 25.9404695], [76.7566152, 25.9210109], [76.716332, 25.9011593], [76.6701141, 25.9107221], [76.6402644, 25.9076099], [76.6306202, 25.8991379], [76.6232224, 25.8705533], [76.5820528, 25.8704213], [76.5561063, 25.8349015], [76.5347342, 25.8191717], [76.52081, 25.7930554], [76.515483, 25.776445], [76.5237672, 25.7298318], [76.5013972, 25.7299693], [76.4734258, 25.7099185], [76.4794511, 25.6842034], [76.5041983, 25.6717215], [76.4965831, 25.6470712], [76.5098764, 25.6309226], [76.5123006, 25.6055459], [76.5033074, 25.5826884], [76.5199831, 25.5472738], [76.5164209, 25.5271547], [76.5549819, 25.4833602], [76.5551895, 25.453492]], [[75.2260678, 24.8450548], [75.2007325, 24.8678406], [75.2084736, 24.8943004], [75.220308, 24.8877705], [75.2216255, 24.8737807], [75.23894, 24.8865963], [75.2506706, 24.8805084], [75.2467222, 24.8619854], [75.2260678, 24.8450548]], [[79.3987568, 25.0337159], [79.3690388, 25.0543159], [79.3641776, 25.040978], [79.3561071, 25.0404694], [79.3597687, 25.0534454], [79.3511332, 25.0688829], [79.3668536, 25.0588638], [79.3798061, 25.0647923], [79.3746642, 25.0677264], [79.3795677, 25.0856093], [79.3725131, 25.0919859], [79.3796912, 25.1012223], [79.3505843, 25.1169847], [79.3603051, 25.1442613], [79.3741963, 25.1426037], [79.3638166, 25.1256457], [79.3808952, 25.122433], [79.3871906, 25.0856966], [79.4056642, 25.0777472], [79.4073888, 25.0647804], [79.4259113, 25.0585889], [79.422042, 25.0415747], [79.3987568, 25.0337159]], [[79.368113, 25.1739547], [79.3544659, 25.1758918], [79.3595206, 25.188553], [79.3722675, 25.1806611], [79.368113, 25.1739547]]]]}}, {"type": "Feature", "properties": {"state_name": "Jharkhand", "stname": "JHARKHAND", "state_lgd": 20, "id": 15}, "geometry": {"type": "Polygon", "coordinates": [[[87.5845162, 25.3334829], [87.5918544, 25.3418845], [87.5838901, 25.3491809], [87.5709727, 25.3332709], [87.5516934, 25.3324997], [87.5418257, 25.280665], [87.5168341, 25.2933456], [87.5016228, 25.2923271], [87.4936229, 25.3075104], [87.486025, 25.29579], [87.5004886, 25.2597922], [87.490575, 25.2612665], [87.4764045, 25.2378496], [87.4777981, 25.1943075], [87.4118345, 25.2150678], [87.4009809, 25.2269049], [87.3831468, 25.2243477], [87.3715163, 25.2062482], [87.3272895, 25.223618], [87.3154019, 25.1801291], [87.3189903, 25.1647705], [87.3049657, 25.142918], [87.2954021, 25.088537], [87.2503396, 25.1057348], [87.2374006, 25.0858413], [87.2142877, 25.0912299], [87.2127275, 25.0819452], [87.1777321, 25.0629789], [87.1588968, 25.0289734], [87.1493394, 25.0248948], [87.1436352, 24.9441416], [87.1517418, 24.931565], [87.142324, 24.9144047], [87.155547, 24.8850176], [87.1425886, 24.8605997], [87.1061221, 24.8550565], [87.0912045, 24.8254654], [87.0743359, 24.8198544], [87.0733069, 24.808601], [87.0957404, 24.8027164], [87.0787139, 24.7775335], [87.0843126, 24.7561257], [87.0696358, 24.74556], [87.0803341, 24.7262214], [87.0540695, 24.6693399], [87.046151, 24.6298657], [87.0506376, 24.6087831], [87.0381103, 24.6172311], [87.0230464, 24.6157049], [87.0212673, 24.6294623], [87.0107571, 24.6311881], [86.9960993, 24.6201057], [86.9775832, 24.6395657], [86.952786, 24.6314734], [86.9581993, 24.6475945], [86.9375906, 24.6501675], [86.9449365, 24.6358288], [86.9276124, 24.6245147], [86.9073223, 24.58816], [86.917611, 24.5608566], [86.9145796, 24.5422055], [86.8950603, 24.5608163], [86.886872, 24.5588354], [86.8805058, 24.5721928], [86.8636152, 24.5665996], [86.85684, 24.554885], [86.8430005, 24.5580967], [86.8426459, 24.5742253], [86.8031495, 24.570325], [86.8112374, 24.5982724], [86.7890094, 24.6186942], [86.7539925, 24.6212973], [86.7498362, 24.5950721], [86.734688, 24.5794904], [86.7230764, 24.5839899], [86.6702395, 24.5648783], [86.6241738, 24.5885674], [86.624386, 24.5993784], [86.610419, 24.5987006], [86.6145854, 24.608305], [86.6032934, 24.6083805], [86.580285, 24.566526], [86.5591769, 24.562266], [86.5637865, 24.5525492], [86.5523216, 24.535973], [86.5293577, 24.5402847], [86.509566, 24.522192], [86.4867314, 24.4641398], [86.4953228, 24.4562593], [86.4912793, 24.4280812], [86.4664965, 24.4238619], [86.4719266, 24.3933479], [86.4671266, 24.3810736], [86.4448998, 24.3678298], [86.4325519, 24.3801429], [86.4121344, 24.3809666], [86.3967538, 24.4037408], [86.3581626, 24.4292552], [86.3499005, 24.4473872], [86.3173772, 24.441519], [86.2949417, 24.4509204], [86.29847, 24.459586], [86.2760109, 24.465799], [86.3089787, 24.5097634], [86.2974667, 24.5335121], [86.3080406, 24.5488052], [86.3008404, 24.5601166], [86.3232051, 24.5867921], [86.2745501, 24.5865778], [86.2694571, 24.5847688], [86.2746712, 24.5771301], [86.2643384, 24.5842505], [86.2592145, 24.5786718], [86.214299, 24.6137908], [86.2144508, 24.5949284], [86.1804791, 24.5836789], [86.1615037, 24.586246], [86.1507246, 24.6025541], [86.1253172, 24.6114841], [86.1154594, 24.6436866], [86.1319034, 24.6758935], [86.1283552, 24.6986474], [86.1074131, 24.7347993], [86.0907309, 24.7459979], [86.0663092, 24.7516462], [86.0370908, 24.7411265], [86.0351, 24.7463614], [86.0568999, 24.761069], [86.0551048, 24.7796926], [85.980077, 24.7488177], [85.9690451, 24.7331253], [85.9443967, 24.7335702], [85.9139194, 24.7499856], [85.8865821, 24.7840649], [85.8894163, 24.7923611], [85.8672336, 24.8042467], [85.8273195, 24.8082702], [85.8095684, 24.7940176], [85.7782807, 24.7966277], [85.7621558, 24.8127716], [85.7367305, 24.8210605], [85.72235, 24.7856951], [85.7073595, 24.7797594], [85.7082581, 24.7259092], [85.6820005, 24.6919193], [85.6492139, 24.684766], [85.666769, 24.6608739], [85.6625628, 24.6496369], [85.6761985, 24.6166248], [85.6775263, 24.5906708], [85.6673829, 24.5788924], [85.6147268, 24.5807441], [85.6019881, 24.5955578], [85.5807675, 24.600681], [85.5659984, 24.5872542], [85.5717711, 24.5618199], [85.5602269, 24.5527365], [85.5407409, 24.5627191], [85.5407765, 24.5305103], [85.5239628, 24.5212707], [85.5073021, 24.5253052], [85.5088279, 24.5376574], [85.4916612, 24.5480997], [85.4346272, 24.528524], [85.3843534, 24.5554933], [85.3707762, 24.5553498], [85.397211, 24.5448648], [85.3919337, 24.5303452], [85.3222024, 24.5199903], [85.2880866, 24.5232607], [85.2813744, 24.5202172], [85.2823533, 24.491818], [85.2491092, 24.490728], [85.2259832, 24.4633569], [85.1607521, 24.4603393], [85.1544319, 24.4481661], [85.1639231, 24.4438936], [85.1739045, 24.4206203], [85.1230555, 24.401976], [85.1026904, 24.3848748], [85.103431, 24.377079], [85.0890463, 24.3724989], [85.073239, 24.3782272], [85.0831283, 24.3997131], [85.0810217, 24.4330357], [85.0611109, 24.4058626], [85.0311674, 24.4145728], [84.9983022, 24.3975621], [84.9748867, 24.3747138], [84.9547919, 24.371331], [84.9374833, 24.3799205], [84.9038295, 24.3722475], [84.9042166, 24.3954054], [84.8822813, 24.4247674], [84.8872773, 24.4632833], [84.874802, 24.4672137], [84.8639921, 24.4572733], [84.854014, 24.4667066], [84.8400953, 24.4521913], [84.8406135, 24.4688935], [84.832924, 24.4702142], [84.8389388, 24.5126113], [84.8255585, 24.5254274], [84.8082561, 24.5220398], [84.8018911, 24.5307444], [84.7860903, 24.5038276], [84.7555808, 24.4999639], [84.7290127, 24.4701546], [84.7102048, 24.4712404], [84.685318, 24.4551246], [84.6705012, 24.4281164], [84.6744783, 24.4109478], [84.6650665, 24.3908777], [84.6462606, 24.4031102], [84.5868277, 24.4005803], [84.5843838, 24.4126727], [84.5681915, 24.4094399], [84.5620953, 24.3966266], [84.5741004, 24.3891604], [84.572359, 24.38262], [84.5537935, 24.3728564], [84.5278205, 24.3757353], [84.5351231, 24.3631502], [84.5245242, 24.3500482], [84.5314409, 24.3382077], [84.5099707, 24.3160512], [84.5070124, 24.2978887], [84.4959043, 24.2860687], [84.4891597, 24.2945199], [84.4968184, 24.2995834], [84.4843542, 24.3019674], [84.4886068, 24.3151953], [84.5076215, 24.3248097], [84.5052855, 24.3313314], [84.4844914, 24.3126704], [84.4663919, 24.3173093], [84.459607, 24.3370943], [84.4244017, 24.3298375], [84.4311136, 24.3565229], [84.400357, 24.364625], [84.4065736, 24.3748935], [84.3938731, 24.3733924], [84.3882417, 24.3892919], [84.3731896, 24.3836224], [84.3416231, 24.3935455], [84.3445545, 24.399446], [84.3303493, 24.4105924], [84.3345265, 24.420642], [84.3205346, 24.421071], [84.3244515, 24.4274689], [84.3355654, 24.4248991], [84.3356028, 24.4314897], [84.321791, 24.4463685], [84.2973752, 24.4493914], [84.2960978, 24.4734779], [84.3275283, 24.4923554], [84.3224718, 24.5166975], [84.3124133, 24.5234647], [84.2968378, 24.5605764], [84.2705317, 24.5600142], [84.2798641, 24.5478732], [84.2567927, 24.5268846], [84.2423491, 24.541453], [84.2362672, 24.5389162], [84.2363998, 24.549321], [84.2208763, 24.5460906], [84.2150633, 24.5327191], [84.199927, 24.5539975], [84.1872329, 24.5529289], [84.1843173, 24.5447912], [84.173184, 24.5447004], [84.1849469, 24.5195936], [84.1697494, 24.5033302], [84.1524558, 24.5151746], [84.1634884, 24.5334045], [84.1442791, 24.5382517], [84.134305, 24.5243223], [84.1405339, 24.5005333], [84.1276088, 24.4952391], [84.1247379, 24.4807399], [84.1108091, 24.4767352], [84.0856258, 24.5051822], [84.0932161, 24.5336452], [84.0780695, 24.5404169], [84.072867, 24.5672059], [84.060608, 24.5736472], [84.0617566, 24.586463], [84.0509503, 24.5866386], [84.0572068, 24.5924782], [84.0468963, 24.6041825], [84.0520228, 24.6099224], [84.0330848, 24.6203754], [84.0334432, 24.6300266], [84.0243875, 24.6285988], [84.0273071, 24.633494], [84.0077915, 24.6428916], [83.994007, 24.6316977], [83.9754158, 24.5914125], [83.9361324, 24.5491159], [83.8731464, 24.5317504], [83.8617562, 24.5367259], [83.8001832, 24.5295318], [83.7205663, 24.5034526], [83.6881643, 24.5136759], [83.5970041, 24.5124631], [83.504633, 24.5255805], [83.4015049, 24.5034332], [83.3865682, 24.448162], [83.3941182, 24.4346481], [83.4048941, 24.4359986], [83.4050702, 24.4047845], [83.4344185, 24.4007526], [83.4572662, 24.3645495], [83.445166, 24.3588447], [83.4334599, 24.3387791], [83.4114159, 24.3398644], [83.3800328, 24.3131317], [83.3861866, 24.2988285], [83.4071667, 24.2887821], [83.4091018, 24.2663282], [83.3976396, 24.2438439], [83.3787319, 24.2303607], [83.3829919, 24.197918], [83.3540621, 24.1249067], [83.3293539, 24.101329], [83.3882891, 24.0999615], [83.4066442, 24.0804442], [83.4322474, 24.0859808], [83.4377735, 24.0581674], [83.4528894, 24.0419904], [83.5157225, 24.0271636], [83.5239034, 24.0113779], [83.5138012, 23.9963519], [83.5153032, 23.9806894], [83.5473902, 23.9375448], [83.5534441, 23.8980682], [83.5857579, 23.8864027], [83.5694865, 23.8690801], [83.5711901, 23.8621354], [83.6594941, 23.8492635], [83.6684876, 23.8366649], [83.6644908, 23.8276555], [83.6828158, 23.8193808], [83.6914931, 23.8264152], [83.705347, 23.8207573], [83.705136, 23.803872], [83.7226227, 23.7865785], [83.7215894, 23.771489], [83.737736, 23.7604897], [83.746068, 23.7194949], [83.7421159, 23.7038294], [83.7228596, 23.6858647], [83.7611238, 23.651463], [83.7519193, 23.6386656], [83.759449, 23.6260107], [83.7751391, 23.6219435], [83.7753201, 23.6089542], [83.8006439, 23.6020163], [83.8072235, 23.5874711], [83.8152899, 23.5960194], [83.9376938, 23.5689921], [83.9319061, 23.6204135], [83.9804493, 23.6248854], [83.9806499, 23.6336518], [84.0165933, 23.6343789], [84.0077051, 23.6222959], [84.0300593, 23.5999954], [84.028056, 23.5456019], [84.0146489, 23.5034984], [84.0007831, 23.4969293], [83.98482, 23.4657092], [83.9739431, 23.4598519], [83.9857624, 23.4258301], [83.9670024, 23.3875845], [83.9802782, 23.3645915], [84.0048035, 23.3540094], [84.0118918, 23.3544739], [84.0238615, 23.3765033], [84.0508371, 23.3747685], [84.0543267, 23.352395], [84.0748205, 23.3331217], [84.0621862, 23.3076616], [84.0681196, 23.2937848], [84.0537342, 23.2472989], [84.0631663, 23.2056496], [84.0323943, 23.1604848], [84.037469, 23.1398786], [84.0582994, 23.1261735], [84.0664033, 23.1106679], [84.093171, 23.1127814], [84.1334605, 23.0830897], [84.1255495, 23.0364782], [84.1402035, 23.0095709], [84.1492484, 22.9656739], [84.1755135, 22.9760089], [84.1752408, 23.0095418], [84.1858018, 23.0270917], [84.2016724, 23.0210664], [84.2008472, 23.0053429], [84.2187098, 22.9792892], [84.2410359, 22.9836137], [84.253025, 22.9729269], [84.2778224, 22.9933694], [84.2739989, 22.9811788], [84.2841582, 22.9633906], [84.3076339, 22.9674342], [84.3281069, 22.9819008], [84.3728955, 22.9783759], [84.3936827, 22.9424509], [84.3948529, 22.9231515], [84.3751878, 22.9045037], [84.3831511, 22.893427], [84.3726008, 22.8653223], [84.3336168, 22.8605685], [84.3229943, 22.8480165], [84.315098, 22.8006529], [84.2979398, 22.7942737], [84.2893595, 22.7661171], [84.2596454, 22.7669872], [84.2312652, 22.7399617], [84.2382117, 22.691734], [84.2332074, 22.6792404], [84.1524675, 22.6368006], [84.0840162, 22.6381164], [84.0541257, 22.5981072], [84.0244333, 22.5918032], [84.0095054, 22.5730486], [84.0028459, 22.5459039], [84.0092112, 22.5255774], [84.0597149, 22.5164318], [84.075489, 22.5061981], [84.070237, 22.5013522], [84.1134899, 22.4756864], [84.1406843, 22.4739151], [84.1409252, 22.425619], [84.1561327, 22.4077351], [84.1989553, 22.3758149], [84.2514559, 22.3780779], [84.2688108, 22.354552], [84.2953349, 22.3410248], [84.3656352, 22.3481984], [84.3703188, 22.3557318], [84.4003202, 22.3464623], [84.4281327, 22.3532658], [84.4349595, 22.3741652], [84.48463, 22.3888474], [84.4767311, 22.4052775], [84.4824352, 22.413273], [84.5362015, 22.4273745], [84.5492906, 22.4210417], [84.5978545, 22.4347967], [84.602588, 22.4288251], [84.6286481, 22.434553], [84.6680576, 22.4180644], [84.7497429, 22.418989], [84.7593155, 22.4474657], [84.812524, 22.4529313], [84.8176323, 22.437605], [84.8385532, 22.4309257], [84.8823947, 22.4484662], [84.8855764, 22.4210794], [84.9102263, 22.4232832], [84.9261511, 22.434949], [84.9238567, 22.4435523], [84.9402054, 22.4452039], [84.9566684, 22.4582254], [84.9593515, 22.4430537], [85.0371813, 22.4728191], [85.0359479, 22.4824297], [85.0672574, 22.4841693], [85.0780035, 22.4775492], [85.0771496, 22.4637522], [85.0605527, 22.4471249], [85.0820837, 22.4165298], [85.0878682, 22.3884666], [85.0766702, 22.3562068], [85.0833324, 22.3453361], [85.0957488, 22.3447406], [85.0907359, 22.3185804], [85.1180958, 22.3175946], [85.115997, 22.2940933], [85.0996285, 22.2935734], [85.0706145, 22.2736522], [85.0782035, 22.2573909], [85.0491874, 22.1954133], [85.0526581, 22.1824569], [85.0290983, 22.1634942], [85.0341655, 22.1470158], [85.0268451, 22.122516], [84.9833935, 22.0955248], [84.9845554, 22.0866068], [84.9924654, 22.0812326], [85.0086511, 22.0888606], [85.0213427, 22.1084304], [85.0402982, 22.1158557], [85.0948751, 22.1083564], [85.1200654, 22.0701768], [85.1547989, 22.0788302], [85.1738656, 22.0513788], [85.1676159, 22.0695056], [85.1805709, 22.0732328], [85.1857154, 22.059213], [85.2134473, 22.0496918], [85.2214333, 22.0179852], [85.2362925, 22.0098033], [85.2517028, 22.0269722], [85.2751258, 22.0822889], [85.3096498, 22.1179316], [85.346194, 22.1302637], [85.363935, 22.1234565], [85.3661188, 22.1589145], [85.3978541, 22.1631854], [85.5149734, 22.1156379], [85.5397757, 22.1018479], [85.5429796, 22.0904731], [85.5604361, 22.0960743], [85.5971825, 22.0791237], [85.6111816, 22.0870428], [85.6134451, 22.0815386], [85.6324636, 22.0841692], [85.6516237, 22.0954385], [85.6848727, 22.0542269], [85.6916831, 22.0622891], [85.7091675, 22.0582277], [85.7493923, 22.0735663], [85.8074254, 22.1161119], [85.8210436, 22.1064957], [85.8133179, 22.0942948], [85.832685, 22.0930432], [85.8358633, 22.0801575], [85.8161126, 22.0735706], [85.7934374, 22.0818101], [85.7749422, 22.0562853], [85.7837575, 22.0401819], [85.7607995, 22.0145367], [85.7629934, 21.996144], [85.7827517, 21.9849462], [85.8169925, 21.9857748], [85.8243707, 21.9754487], [85.8957663, 21.9844133], [85.9082496, 21.9706667], [85.9161535, 22.0087768], [85.9308803, 22.0233406], [85.9435942, 22.0203562], [86.0073843, 22.1170929], [85.9967615, 22.132448], [86.031432, 22.190851], [85.9738759, 22.2470785], [85.9897035, 22.2544088], [85.9883225, 22.2669745], [86.014251, 22.2972871], [86.0472059, 22.3089563], [86.0137033, 22.3130694], [86.0119344, 22.3223177], [86.0267119, 22.334864], [85.9980567, 22.3418391], [86.0191891, 22.3608976], [86.0271953, 22.3862118], [86.0150015, 22.4287294], [85.9846132, 22.435447], [85.9656364, 22.4511524], [85.9678847, 22.4611935], [85.9571234, 22.4648187], [85.9734034, 22.505855], [85.9851371, 22.5154783], [86.0265298, 22.5240218], [86.0338368, 22.53449], [86.0240271, 22.5446246], [86.0454436, 22.5675074], [86.0754638, 22.544107], [86.1166315, 22.4870038], [86.2079329, 22.4734856], [86.2225778, 22.4672531], [86.2173987, 22.4626126], [86.2246802, 22.4525461], [86.268463, 22.4421722], [86.2813008, 22.4486617], [86.320817, 22.3974088], [86.321157, 22.385418], [86.3501638, 22.3642943], [86.3581437, 22.3492127], [86.4268073, 22.3175806], [86.4372016, 22.3041565], [86.4448327, 22.3286557], [86.4619469, 22.3261071], [86.4872598, 22.3476809], [86.4969148, 22.3472007], [86.5081849, 22.327862], [86.5270908, 22.3235007], [86.523188, 22.3147308], [86.5327635, 22.3009592], [86.5407394, 22.3082408], [86.5540716, 22.2984716], [86.5768558, 22.2955649], [86.5822548, 22.3016452], [86.5930834, 22.2785591], [86.6104794, 22.2833491], [86.6273096, 22.2695122], [86.6443807, 22.268489], [86.6548306, 22.2359338], [86.6695867, 22.2425365], [86.6843381, 22.2224115], [86.7497791, 22.21169], [86.7764136, 22.2178646], [86.7776753, 22.2365942], [86.7949051, 22.2277877], [86.7844693, 22.2305973], [86.7790733, 22.2169155], [86.8024146, 22.2175498], [86.812023, 22.2412268], [86.7948618, 22.2431694], [86.7922617, 22.266302], [86.8011121, 22.2651971], [86.7980059, 22.2470216], [86.8039925, 22.2435846], [86.8135921, 22.267391], [86.8182516, 22.2537202], [86.8239556, 22.2667552], [86.8863246, 22.2572386], [86.8877902, 22.2974594], [86.8315715, 22.3287809], [86.8463542, 22.3990831], [86.8070744, 22.421259], [86.7645311, 22.4272629], [86.7631735, 22.4483844], [86.7510077, 22.456706], [86.7498713, 22.4829476], [86.7911737, 22.4774257], [86.8016036, 22.4888318], [86.7937762, 22.4964587], [86.802388, 22.5030404], [86.7868517, 22.5268548], [86.7892874, 22.5490032], [86.7690952, 22.5545762], [86.7668552, 22.5750227], [86.7111485, 22.5823945], [86.6595178, 22.5750358], [86.6570307, 22.5907993], [86.6394347, 22.5978209], [86.6341097, 22.6103881], [86.6423852, 22.6570135], [86.6360365, 22.6649699], [86.5441953, 22.7216029], [86.5129312, 22.7166188], [86.5113412, 22.7050108], [86.4932141, 22.7263948], [86.4815436, 22.7278612], [86.4601822, 22.7619106], [86.4484248, 22.7619299], [86.4176087, 22.7836763], [86.4225161, 22.8099752], [86.4388457, 22.8310233], [86.4349712, 22.8605124], [86.4507717, 22.8615353], [86.4534261, 22.8858654], [86.467138, 22.8999269], [86.4529675, 22.9024627], [86.4353401, 22.9251852], [86.4763181, 22.9511754], [86.4891334, 22.9372428], [86.5025803, 22.9518734], [86.52598, 22.9476053], [86.5316034, 22.965208], [86.5447773, 22.9656939], [86.5505629, 22.9779911], [86.5456062, 22.9902783], [86.5211942, 22.9707097], [86.5086171, 22.9730351], [86.5137771, 22.977486], [86.5011475, 22.9935903], [86.4464225, 22.9882366], [86.4192589, 23.0002741], [86.3985478, 22.9798933], [86.3727518, 22.9981533], [86.3544338, 22.9993437], [86.3545274, 22.9929686], [86.3436953, 22.9964929], [86.3395333, 22.9898141], [86.3088953, 23.0034176], [86.3037384, 23.0159984], [86.2484992, 22.9949103], [86.1863688, 23.0050077], [86.1677441, 23.0325599], [86.1560167, 23.031172], [86.1580446, 23.0461792], [86.14198, 23.0542497], [86.1462571, 23.0749591], [86.1271628, 23.0869202], [86.0980241, 23.0841952], [86.0900472, 23.0947133], [86.0512566, 23.1055262], [86.0559136, 23.1227391], [86.0445219, 23.1442378], [86.0245488, 23.1442803], [86.017798, 23.1547141], [86.0009993, 23.14838], [85.9576144, 23.1610455], [85.9513689, 23.15173], [85.9277073, 23.14857], [85.8945422, 23.1551283], [85.8815746, 23.1702585], [85.8825232, 23.198729], [85.8638145, 23.2223818], [85.836581, 23.2205262], [85.8386057, 23.2468344], [85.8196735, 23.2681201], [85.8383835, 23.3064969], [85.8681995, 23.3297839], [85.8662528, 23.3415221], [85.8830678, 23.3507821], [85.8751659, 23.3598252], [85.8784327, 23.3816765], [85.8708125, 23.3888142], [85.9025429, 23.3971147], [85.8986604, 23.4050206], [85.8867294, 23.4046019], [85.8914358, 23.4102224], [85.8802876, 23.4223947], [85.8866331, 23.4251348], [85.8825825, 23.4305842], [85.8638924, 23.4313559], [85.8624899, 23.4615183], [85.8871516, 23.4843132], [85.9532411, 23.4709449], [86.0538364, 23.4870567], [86.0567103, 23.4950806], [86.0381906, 23.4977755], [86.0392365, 23.5150386], [86.0236558, 23.5369205], [86.0276476, 23.5421104], [86.0162778, 23.5473172], [86.0178006, 23.5594446], [86.0401273, 23.5752597], [86.0420644, 23.5868814], [86.0521605, 23.5861507], [86.077429, 23.5792127], [86.072736, 23.5688411], [86.0808674, 23.5656789], [86.1266653, 23.5694012], [86.1312493, 23.5592884], [86.1583469, 23.5599805], [86.1486284, 23.519346], [86.1623929, 23.5084856], [86.148825, 23.4652573], [86.1782883, 23.4698417], [86.1817247, 23.4600843], [86.2283833, 23.4428824], [86.2326166, 23.4622431], [86.2455679, 23.4593172], [86.2298712, 23.4308228], [86.2343105, 23.420892], [86.2488649, 23.4224677], [86.2473935, 23.4111352], [86.259147, 23.4133065], [86.2522073, 23.426773], [86.2640928, 23.4307684], [86.2894869, 23.4290555], [86.2909425, 23.4175935], [86.3105533, 23.4113593], [86.3175715, 23.4264682], [86.3057663, 23.4348246], [86.3347869, 23.4465777], [86.3367999, 23.4401809], [86.351459, 23.4420937], [86.3497201, 23.4515472], [86.3596976, 23.4522483], [86.3640901, 23.471689], [86.3794628, 23.4736398], [86.3788023, 23.484791], [86.3624199, 23.4842486], [86.3635684, 23.5016106], [86.3751946, 23.5103425], [86.3651078, 23.5326896], [86.3893821, 23.5611993], [86.3881589, 23.5739487], [86.4135602, 23.5757054], [86.4212256, 23.5901005], [86.4470844, 23.5981359], [86.446429, 23.6187182], [86.4618067, 23.6302995], [86.4920323, 23.6382797], [86.5353974, 23.6312369], [86.5744444, 23.6480492], [86.5989737, 23.6654953], [86.5975701, 23.6737566], [86.6337935, 23.6751677], [86.7149477, 23.6988756], [86.7390596, 23.6942325], [86.7473355, 23.6787866], [86.7990376, 23.6890325], [86.8058088, 23.6958572], [86.7992937, 23.7037004], [86.8122855, 23.7447614], [86.8260944, 23.7492133], [86.828366, 23.7601953], [86.819839, 23.7882545], [86.8033575, 23.801299], [86.8100887, 23.8214095], [86.7993456, 23.8318193], [86.8047608, 23.8368466], [86.814776, 23.8299438], [86.8155082, 23.8173578], [86.8265356, 23.8139398], [86.8387851, 23.8245883], [86.8528985, 23.8249523], [86.8636289, 23.8444606], [86.8742155, 23.8473097], [86.8902968, 23.8205022], [86.8928163, 23.8372823], [86.8802432, 23.8623247], [86.8959192, 23.8782867], [86.9155578, 23.8824316], [86.9451532, 23.8468837], [86.9604086, 23.8482756], [86.9732392, 23.8687727], [87.0379678, 23.8392143], [87.0652122, 23.816723], [87.0867074, 23.8089696], [87.0918037, 23.8153678], [87.1039209, 23.8043954], [87.1164324, 23.8077013], [87.1109731, 23.8002855], [87.1217762, 23.7966547], [87.1398959, 23.8042294], [87.1504878, 23.7975648], [87.1670157, 23.8245264], [87.1300203, 23.8539117], [87.1330643, 23.8701907], [87.165752, 23.864755], [87.1798989, 23.8519658], [87.1957657, 23.8574092], [87.1885824, 23.8431548], [87.2030736, 23.8477486], [87.2058128, 23.8563337], [87.2138834, 23.8505553], [87.2212138, 23.860573], [87.2336839, 23.8571338], [87.2165405, 23.8317059], [87.2386986, 23.8264276], [87.2549387, 23.8470353], [87.244296, 23.8569411], [87.2487297, 23.8687428], [87.2419045, 23.869682], [87.2451232, 23.9082017], [87.2521613, 23.9130341], [87.2582813, 23.9063124], [87.2590486, 23.8831721], [87.2691496, 23.874584], [87.2814124, 23.8885101], [87.285525, 23.8840387], [87.2950331, 23.902341], [87.2835447, 23.9209068], [87.2932491, 23.9586347], [87.2615317, 23.9675752], [87.2641558, 24.000608], [87.2505034, 23.9970364], [87.2445639, 24.0166386], [87.2328878, 24.0237437], [87.2453961, 24.0450648], [87.2874582, 24.0288625], [87.337123, 24.0343095], [87.3358002, 24.0206804], [87.3191741, 24.0084817], [87.3281661, 23.9986651], [87.3519934, 23.9991809], [87.3604239, 24.0130918], [87.4277192, 23.9923486], [87.4367653, 23.9821157], [87.4603943, 23.9838291], [87.4616938, 23.994866], [87.4383379, 24.0135542], [87.4593604, 24.0188215], [87.4761291, 24.0122702], [87.5119805, 24.0358357], [87.5093898, 24.0469525], [87.4935051, 24.0541645], [87.4998522, 24.0651627], [87.4906142, 24.0705943], [87.5107494, 24.0822466], [87.48983, 24.0901148], [87.5004141, 24.1018395], [87.4976167, 24.1189733], [87.5321933, 24.108354], [87.543057, 24.0860912], [87.5539225, 24.0887917], [87.5599203, 24.0819689], [87.5802213, 24.0863688], [87.5765971, 24.1122572], [87.5910083, 24.1270139], [87.6102302, 24.1325337], [87.5761452, 24.1612822], [87.6152791, 24.1661249], [87.6315751, 24.1642698], [87.6422013, 24.1530511], [87.6575476, 24.1589038], [87.6787288, 24.1480772], [87.6944234, 24.1502424], [87.7029025, 24.1791974], [87.6986066, 24.1878127], [87.6763457, 24.1937308], [87.6755836, 24.2083347], [87.6386059, 24.2139894], [87.6466267, 24.2315264], [87.6343746, 24.2416529], [87.6387771, 24.2543828], [87.6591663, 24.2361196], [87.6622013, 24.2449217], [87.6875374, 24.2464395], [87.6903593, 24.2578504], [87.7058912, 24.2614364], [87.7136738, 24.2943992], [87.7293017, 24.2884217], [87.7548573, 24.3102541], [87.7616024, 24.3084671], [87.7629653, 24.3213065], [87.7706298, 24.3221427], [87.7644026, 24.3393282], [87.7938226, 24.383071], [87.8011028, 24.3822172], [87.7939501, 24.3992859], [87.8098092, 24.4057489], [87.8112769, 24.4178338], [87.7998987, 24.409184], [87.7888314, 24.4165496], [87.7954888, 24.4214285], [87.7945617, 24.4363908], [87.8039422, 24.4416108], [87.8031362, 24.4540016], [87.8237724, 24.4584566], [87.8226722, 24.4710325], [87.8107042, 24.4763634], [87.8145602, 24.4886433], [87.8272865, 24.4892665], [87.828151, 24.4986154], [87.8116833, 24.4907683], [87.8172301, 24.5006123], [87.8093395, 24.5145176], [87.8012634, 24.4937201], [87.7941433, 24.5011374], [87.8042416, 24.5192274], [87.797564, 24.5387971], [87.8085881, 24.5466948], [87.792459, 24.571661], [87.770188, 24.5704895], [87.7712177, 24.5830194], [87.8121799, 24.5785595], [87.8253418, 24.5691318], [87.8262956, 24.5587229], [87.8494078, 24.5538351], [87.8523544, 24.5617702], [87.8693777, 24.5560196], [87.8692239, 24.5645005], [87.8892682, 24.5650519], [87.8919315, 24.5841816], [87.9132768, 24.5934638], [87.9107675, 24.6104344], [87.8934703, 24.6054808], [87.8758323, 24.6152294], [87.9060343, 24.6150055], [87.9057716, 24.6292757], [87.8879168, 24.630344], [87.9141417, 24.6377095], [87.916609, 24.665753], [87.8877491, 24.6799872], [87.9011393, 24.6941219], [87.9083519, 24.7216175], [87.8900077, 24.7252224], [87.8830175, 24.7413248], [87.8656087, 24.7320254], [87.8163941, 24.7596891], [87.8301478, 24.7700127], [87.836237, 24.7902097], [87.8421025, 24.7857018], [87.8359788, 24.7783245], [87.8374016, 24.7657853], [87.8522827, 24.7619877], [87.8692332, 24.7750256], [87.8697563, 24.7939119], [87.8783007, 24.7897366], [87.8816044, 24.8053682], [87.8691215, 24.8246378], [87.87933, 24.8224939], [87.882753, 24.8295264], [87.8826092, 24.8232701], [87.9002712, 24.824099], [87.8913278, 24.8560357], [87.9167015, 24.8845404], [87.952928, 24.9077635], [87.9627974, 24.9370573], [87.9577504, 24.970891], [87.9405383, 24.9908548], [87.8993604, 25.0067847], [87.8572751, 25.0546309], [87.8057904, 25.0726523], [87.7743644, 25.1213639], [87.7891324, 25.2001279], [87.7866353, 25.2473887], [87.7112319, 25.2577162], [87.7115218, 25.2745924], [87.6930911, 25.2851096], [87.698618, 25.3039558], [87.6847813, 25.3068688], [87.6919861, 25.3115383], [87.6550139, 25.3075684], [87.6304356, 25.3196949], [87.6269941, 25.3116337], [87.61743, 25.3181015], [87.6119682, 25.3126577], [87.5845162, 25.3334829]]]}}, {"type": "Feature", "properties": {"state_name": "West Bengal", "stname": "WEST BENGAL", "state_lgd": 19, "id": 34}, "geometry": {"type": "MultiPolygon", "coordinates": [[[[88.0173352, 21.5600934], [88.0099702, 21.5582278], [88.0137491, 21.5468373], [88.0185579, 21.5516677], [88.0173352, 21.5600934]]], [[[88.9446756, 21.5992677], [88.9481132, 21.5984896], [88.9466464, 21.600721], [88.9446756, 21.5992677]]], [[[88.5371998, 21.5780136], [88.4979767, 21.6009595], [88.4869485, 21.5798102], [88.4847748, 21.5521979], [88.4992496, 21.5479322], [88.4968905, 21.5402003], [88.5063325, 21.53416], [88.5344896, 21.5272191], [88.5477851, 21.5376076], [88.530653, 21.5635551], [88.5371998, 21.5780136]]], [[[89.1403419, 21.5955123], [89.1364022, 21.6011076], [89.1422344, 21.5924686], [89.1510523, 21.6000358], [89.1403419, 21.5955123]]], [[[88.1861462, 21.5819477], [88.1661312, 21.5897478], [88.1670184, 21.602947], [88.163943, 21.5861041], [88.175673, 21.5498578], [88.1993263, 21.5421317], [88.2044018, 21.5470245], [88.1885886, 21.5578508], [88.1861462, 21.5819477]]], [[[88.8340105, 21.6080366], [88.8259828, 21.5721344], [88.831884, 21.5509617], [88.855775, 21.5366063], [88.8814185, 21.5341555], [88.9059879, 21.5475602], [88.8918892, 21.5811982], [88.8340105, 21.6080366]]], [[[88.6315833, 21.6494131], [88.6369605, 21.6656693], [88.6385209, 21.6665452], [88.6423774, 21.6791934], [88.6308787, 21.6732876], [88.6315833, 21.6494131]]], [[[88.042926, 21.6923462], [88.045943, 21.6973871], [88.0454296, 21.6993964], [88.0444104, 21.6988088], [88.042926, 21.6923462]]], [[[88.0513312, 21.6962291], [88.0501693, 21.7002521], [88.0494138, 21.6944897], [88.0513312, 21.6962291]]], [[[88.3093801, 21.7048609], [88.3161095, 21.6627397], [88.306447, 21.6149462], [88.3178477, 21.6052192], [88.3443047, 21.6276019], [88.3504589, 21.6468037], [88.3437077, 21.6619035], [88.3514204, 21.6772835], [88.3336748, 21.6998162], [88.3093801, 21.7048609]]], [[[88.042427, 21.7028493], [88.0447033, 21.702286], [88.0427665, 21.7089682], [88.042427, 21.7028493]]], [[[88.0533087, 21.7030577], [88.056248, 21.710135], [88.0557496, 21.7113947], [88.0530063, 21.7085712], [88.0533087, 21.7030577]]], [[[88.7497833, 21.6496203], [88.701797, 21.6878697], [88.6925109, 21.7201562], [88.6844261, 21.6843065], [88.7139681, 21.651267], [88.7188403, 21.6347352], [88.7085916, 21.5847194], [88.7154438, 21.5724639], [88.7420263, 21.5621882], [88.7761139, 21.5698358], [88.8000479, 21.5912395], [88.7729555, 21.62577], [88.7769132, 21.6434605], [88.7689777, 21.6559505], [88.7497833, 21.6496203]]], [[[88.2067355, 21.7091553], [88.2035357, 21.7258421], [88.1860287, 21.7080532], [88.1808221, 21.6890214], [88.2021913, 21.7060688], [88.1823918, 21.6866981], [88.1828583, 21.6771249], [88.2086443, 21.6079084], [88.2274965, 21.6500563], [88.2250675, 21.6659923], [88.2056787, 21.6717576], [88.1935901, 21.6841941], [88.2067355, 21.7091553]]], [[[88.4281388, 21.7025078], [88.4016458, 21.7372755], [88.3958289, 21.7546376], [88.3891179, 21.7357506], [88.3687611, 21.7269769], [88.3959313, 21.7253007], [88.4042373, 21.7166295], [88.3995711, 21.6990914], [88.3824026, 21.6828409], [88.3809381, 21.6628906], [88.393615, 21.6235374], [88.3848286, 21.6103593], [88.3969418, 21.5899336], [88.407342, 21.5898734], [88.4117749, 21.6117782], [88.431949, 21.6204475], [88.4110512, 21.6558291], [88.4133261, 21.6929295], [88.4281388, 21.7025078]]], [[[88.3858718, 21.7638774], [88.3436721, 21.7548296], [88.3485315, 21.7225404], [88.3384388, 21.7115834], [88.3572836, 21.6865112], [88.394509, 21.7132215], [88.3632759, 21.7259064], [88.3859284, 21.7404651], [88.3858718, 21.7638774]]], [[[88.5935333, 21.7204233], [88.6176041, 21.7309389], [88.6188844, 21.7391936], [88.5872612, 21.7533037], [88.5838853, 21.7761791], [88.5692875, 21.7701373], [88.5845847, 21.7484319], [88.5790234, 21.7270984], [88.5935333, 21.7204233]]], [[[88.3049595, 21.7324572], [88.2891128, 21.7787516], [88.2797582, 21.7349235], [88.2918932, 21.7120628], [88.3049595, 21.7324572]]], [[[88.1974703, 21.7648406], [88.1926091, 21.7797126], [88.1926476, 21.7581911], [88.1974703, 21.7648406]]], [[[88.6215219, 21.7811608], [88.5904446, 21.7807776], [88.5873858, 21.7572098], [88.6217264, 21.7400471], [88.6202769, 21.72804], [88.5970572, 21.715678], [88.6109181, 21.7047747], [88.6275649, 21.729309], [88.6297451, 21.7514705], [88.6215219, 21.7811608]]], [[[88.1815248, 21.7838259], [88.1856901, 21.790214], [88.1790502, 21.7993333], [88.1763401, 21.7926013], [88.1815248, 21.7838259]]], [[[88.4221763, 21.810581], [88.3834168, 21.7776909], [88.3965687, 21.7558477], [88.4053128, 21.7544737], [88.4031733, 21.7383816], [88.4324884, 21.7043804], [88.4191406, 21.6829259], [88.4203829, 21.6531446], [88.4411307, 21.6228284], [88.4271579, 21.6053214], [88.433995, 21.6037115], [88.4501609, 21.6117703], [88.4715063, 21.673877], [88.4527956, 21.7184115], [88.4530498, 21.7515911], [88.47144, 21.7924661], [88.4555742, 21.7891284], [88.4418171, 21.8004936], [88.4299914, 21.7992716], [88.4221763, 21.810581]]], [[[88.6087356, 21.619941], [88.5910073, 21.6583416], [88.6086198, 21.6814827], [88.573552, 21.72266], [88.5726286, 21.7478445], [88.56007, 21.7679175], [88.5732712, 21.7884925], [88.5422679, 21.811443], [88.5161715, 21.7873567], [88.5062855, 21.7583588], [88.5281408, 21.6924237], [88.5262193, 21.6628662], [88.5423449, 21.6408977], [88.566817, 21.6350741], [88.5966886, 21.6125976], [88.6087356, 21.619941]]], [[[88.4825049, 21.8350234], [88.4518883, 21.8136362], [88.4639261, 21.8002145], [88.4854568, 21.7988606], [88.499898, 21.8113307], [88.4825049, 21.8350234]]], [[[88.2017927, 21.8179027], [88.1979081, 21.8389506], [88.1972899, 21.8405224], [88.1920616, 21.8304006], [88.2017927, 21.8179027]]], [[[88.190722, 21.8305591], [88.1946683, 21.8403835], [88.1663624, 21.8697394], [88.1781429, 21.8447154], [88.190722, 21.8305591]]], [[[88.1710025, 21.8093151], [88.1359484, 21.8753478], [88.1258566, 21.8681683], [88.0768105, 21.7774198], [88.0764907, 21.7517573], [88.0552133, 21.7209451], [88.0569295, 21.7097154], [88.051007, 21.6876176], [88.041351, 21.6755561], [88.0413518, 21.6495322], [88.0609778, 21.6378454], [88.0914356, 21.6386957], [88.0913404, 21.6304308], [88.1186814, 21.6254039], [88.1348749, 21.628014], [88.1450763, 21.6389773], [88.1433121, 21.6699642], [88.1341949, 21.6784792], [88.153242, 21.6819565], [88.1712519, 21.7400964], [88.165602, 21.7948259], [88.1710025, 21.8093151]]], [[[88.1692454, 21.868786], [88.174073, 21.867737], [88.1652813, 21.8791637], [88.1692454, 21.868786]]], [[[88.570763, 21.8795011], [88.5540544, 21.8756744], [88.5599727, 21.8515096], [88.5582551, 21.8422519], [88.5518805, 21.8324323], [88.5566854, 21.827693], [88.5651481, 21.8520037], [88.5662144, 21.8470777], [88.5739549, 21.8560573], [88.570763, 21.8795011]]], [[[88.5624095, 21.89719], [88.5414311, 21.9021883], [88.548782, 21.8919687], [88.5504676, 21.8793801], [88.5415134, 21.8695498], [88.5432589, 21.8545951], [88.5308949, 21.8476525], [88.5379179, 21.8322899], [88.5391387, 21.8369416], [88.5440008, 21.8429904], [88.5388126, 21.8323264], [88.5519952, 21.8166231], [88.5502702, 21.8321515], [88.558541, 21.8500092], [88.552975, 21.8766764], [88.5761512, 21.8830612], [88.5704257, 21.9004938], [88.5624095, 21.89719]]], [[[88.670068, 21.9124188], [88.6366405, 21.9217753], [88.5848129, 21.8449837], [88.576827, 21.8179285], [88.5919731, 21.7976438], [88.6445649, 21.7879378], [88.6527899, 21.8724914], [88.670068, 21.9124188]]], [[[88.1246222, 21.9306139], [88.1153986, 21.9192435], [88.1300129, 21.8991315], [88.145015, 21.9173372], [88.1246222, 21.9306139]]], [[[89.0313432, 21.8639624], [88.9118203, 21.9308823], [88.8919012, 21.9173117], [88.8492973, 21.9127176], [88.8190052, 21.9292604], [88.8254273, 21.913877], [88.853155, 21.8888897], [88.8537392, 21.8662487], [88.8367997, 21.8430263], [88.8415302, 21.8156344], [88.8350565, 21.7827922], [88.8583167, 21.7810353], [88.8772203, 21.7666134], [88.8802605, 21.7458607], [88.8696481, 21.7041675], [88.8841326, 21.6611737], [88.922967, 21.6323077], [88.9401325, 21.6890416], [88.9351615, 21.7028163], [88.9146731, 21.716179], [88.9208401, 21.7623866], [88.9317087, 21.7444257], [88.9212624, 21.7215208], [88.9513095, 21.6938539], [88.9387231, 21.6461424], [88.9541532, 21.6272243], [88.979808, 21.6154075], [88.997268, 21.6219711], [88.9979755, 21.6032257], [89.0237822, 21.6029137], [89.0365417, 21.6183341], [89.0199616, 21.6404336], [89.0264829, 21.6581878], [89.029177, 21.6351291], [89.0488038, 21.6239398], [89.050495, 21.6155666], [89.0681314, 21.6173798], [89.0941989, 21.6413393], [89.0935561, 21.6636795], [89.0676433, 21.6910738], [89.0716594, 21.7018514], [89.0559238, 21.7325241], [89.0194595, 21.766152], [89.0123661, 21.7942262], [89.0284407, 21.8314032], [89.0313432, 21.8639624]]], [[[88.5679584, 21.9584816], [88.5563046, 21.9729041], [88.5443772, 21.9708576], [88.5426697, 21.9602769], [88.5507957, 21.9358699], [88.5500963, 21.9223816], [88.5667869, 21.9123595], [88.5836235, 21.8916428], [88.6015862, 21.9054957], [88.6099793, 21.9247105], [88.5999495, 21.937312], [88.590992, 21.9514756], [88.5679584, 21.9584816]]], [[[88.5986077, 21.9675795], [88.6071002, 22.0000467], [88.6029935, 21.9974502], [88.5996392, 21.9914983], [88.5958099, 21.9885852], [88.578077, 21.9820875], [88.5764869, 21.9606428], [88.5919698, 21.9515481], [88.6103854, 21.9293028], [88.6150308, 21.937508], [88.5986077, 21.9675795]]], [[[88.9875878, 21.9714666], [88.9830698, 21.9855086], [88.9436363, 22.0008705], [88.9408877, 21.9793538], [88.9248678, 21.9651079], [88.9288227, 21.9451078], [88.9464807, 21.9287823], [89.0122936, 21.9030116], [89.0169699, 21.9264067], [88.9885724, 21.9510379], [89.0097676, 21.9803333], [88.9875878, 21.9714666]]], [[[89.823026, 26.3297844], [89.8000068, 26.3506053], [89.7897213, 26.3418328], [89.8174147, 26.3209353], [89.823026, 26.3297844]]], [[[88.0343715, 27.2210369], [88.0142566, 27.2129144], [88.0124375, 27.1778704], [88.019106, 27.171387], [88.0072935, 27.1432871], [87.9913271, 27.1304958], [87.9909038, 27.1057338], [88.0025863, 27.1045931], [88.0209437, 27.0877611], [88.0160762, 27.0736822], [88.0378452, 27.036323], [88.0599035, 27.0296418], [88.0774543, 27.0354156], [88.0921428, 27.0046956], [88.1173935, 26.9875466], [88.1344041, 26.9862399], [88.1201347, 26.9507077], [88.1447039, 26.922478], [88.1363576, 26.8985201], [88.1739663, 26.8653168], [88.1677603, 26.8375057], [88.1878516, 26.7718059], [88.181721, 26.7197546], [88.1672399, 26.699128], [88.1602994, 26.6364391], [88.1420985, 26.6257547], [88.139213, 26.6067472], [88.1299146, 26.6013015], [88.1303802, 26.5738342], [88.1125781, 26.5718091], [88.1135062, 26.5586885], [88.1054614, 26.561054], [88.1115608, 26.5451154], [88.1034925, 26.5385237], [88.1327971, 26.5164395], [88.1678061, 26.5403898], [88.1762312, 26.5353713], [88.1793929, 26.5482542], [88.2116103, 26.539944], [88.2052458, 26.5434948], [88.2162381, 26.5486916], [88.2082157, 26.5500592], [88.2109533, 26.56092], [88.2254876, 26.5567452], [88.2296833, 26.5350447], [88.1912842, 26.5115285], [88.1797016, 26.4995842], [88.1798866, 26.4876431], [88.2107336, 26.4730923], [88.212456, 26.4832452], [88.2243602, 26.4819468], [88.2211673, 26.4715288], [88.2098231, 26.4692253], [88.2251534, 26.4536643], [88.2438241, 26.4538397], [88.250858, 26.4331462], [88.2695789, 26.4204452], [88.2524168, 26.4160517], [88.2279377, 26.3927474], [88.232215, 26.3795982], [88.2465691, 26.3741804], [88.2575587, 26.3812799], [88.276265, 26.3794379], [88.279806, 26.3596835], [88.290188, 26.3599695], [88.2937958, 26.3517297], [88.2789086, 26.3493939], [88.2746931, 26.328571], [88.2683811, 26.3379851], [88.2472527, 26.3281209], [88.2455361, 26.3145383], [88.2356956, 26.3033269], [88.2294331, 26.3103673], [88.2269325, 26.2909001], [88.2106318, 26.2777914], [88.1831769, 26.2736756], [88.1741941, 26.2557894], [88.1443979, 26.2522412], [88.1367394, 26.2412216], [88.1398154, 26.227195], [88.1144164, 26.2237246], [88.0718483, 26.1742024], [88.0590714, 26.1705008], [88.037234, 26.1787072], [88.0196751, 26.1598217], [88.0099815, 26.1615382], [88.0141541, 26.1493066], [87.9998794, 26.1383958], [87.9920707, 26.1509604], [87.985882, 26.14268], [87.9749022, 26.1433738], [87.981397, 26.1260571], [87.9692715, 26.1176215], [87.9837574, 26.1157114], [87.9868033, 26.1014072], [87.9636055, 26.0946263], [87.9856216, 26.0776602], [87.9529125, 26.0764672], [87.9485506, 26.0696005], [87.9545195, 26.065671], [87.9455021, 26.0607608], [87.9349155, 26.0636809], [87.9280484, 26.0830673], [87.892402, 26.0611556], [87.8892376, 26.0485958], [87.8559251, 26.0359763], [87.8451255, 25.994123], [87.8465716, 25.9633446], [87.8366773, 25.9601198], [87.8336969, 25.9458483], [87.8384338, 25.9314931], [87.8073742, 25.9298524], [87.8129958, 25.9176423], [87.8080282, 25.912161], [87.8225803, 25.9121264], [87.8223396, 25.8819465], [87.8298278, 25.870648], [87.8743719, 25.8682183], [87.8827124, 25.8593631], [87.892111, 25.8657442], [87.9146902, 25.8539469], [87.9042063, 25.8364514], [87.8967307, 25.8379374], [87.9028542, 25.8339468], [87.888037, 25.830663], [87.9025392, 25.8305168], [87.8991121, 25.824614], [87.9158848, 25.8163962], [87.8994578, 25.807486], [87.9079679, 25.8034226], [87.9016355, 25.8022503], [87.9041711, 25.7711307], [87.9379726, 25.7739322], [87.9462609, 25.7462389], [87.9613655, 25.738662], [87.9657011, 25.7256205], [87.9988548, 25.7219036], [88.0210668, 25.709689], [88.0206456, 25.6958644], [88.0308436, 25.6944994], [88.0312201, 25.7033006], [88.0481415, 25.6978992], [88.0481653, 25.6462213], [88.0368009, 25.6416427], [88.0552608, 25.637821], [88.0350767, 25.6239447], [88.0432319, 25.6086491], [88.0300783, 25.6053012], [88.0398226, 25.6010602], [88.0242124, 25.6020385], [88.0296853, 25.5926137], [88.0202649, 25.5911494], [88.0288137, 25.5810994], [88.0255367, 25.5720704], [88.0385117, 25.5693978], [88.0258214, 25.5588553], [88.0383347, 25.5529915], [88.0372757, 25.5383222], [88.0578394, 25.5340409], [88.0711294, 25.517446], [88.0665468, 25.5103942], [88.0765349, 25.5080962], [88.0713165, 25.4842587], [88.0302773, 25.491538], [88.0246556, 25.5016467], [88.0103821, 25.5015955], [88.0135213, 25.5112115], [88.0067182, 25.5101365], [88.0069805, 25.4970516], [87.9957753, 25.4995445], [87.9941515, 25.5119908], [87.9850226, 25.5153287], [87.9937986, 25.5224126], [87.9765499, 25.5247002], [87.9633339, 25.5395352], [87.9169604, 25.5329524], [87.9027617, 25.5053242], [87.8843707, 25.5205728], [87.8863742, 25.5080795], [87.8678087, 25.4938522], [87.869307, 25.4689965], [87.8393461, 25.4678411], [87.8226837, 25.437081], [87.8116695, 25.4355465], [87.7872515, 25.450378], [87.781331, 25.4325421], [87.7699292, 25.4262108], [87.7751923, 25.4089097], [87.7643249, 25.41314], [87.7725326, 25.4042183], [87.7696626, 25.3789766], [87.792312, 25.373548], [87.7881788, 25.3390621], [87.7959601, 25.3262029], [87.855435, 25.2968851], [87.8624084, 25.2741058], [87.8552684, 25.2552696], [87.8273034, 25.2352886], [87.7671801, 25.2609766], [87.7130736, 25.2579765], [87.7866353, 25.2473887], [87.7891324, 25.2001279], [87.7743644, 25.1213639], [87.8057904, 25.0726523], [87.8572751, 25.0546309], [87.8993604, 25.0067847], [87.9405383, 24.9908548], [87.9577504, 24.970891], [87.9628253, 24.934534], [87.952928, 24.9077635], [87.9167015, 24.8845404], [87.8913278, 24.8560357], [87.9002712, 24.824099], [87.8826092, 24.8232701], [87.882753, 24.8295264], [87.87933, 24.8224939], [87.8691215, 24.8246378], [87.8816044, 24.8053682], [87.8783007, 24.7897366], [87.8697563, 24.7939119], [87.8692332, 24.7750256], [87.8522827, 24.7619877], [87.8374016, 24.7657853], [87.8421025, 24.7857018], [87.836237, 24.7902097], [87.8301478, 24.7700127], [87.8163941, 24.7596891], [87.8656087, 24.7320254], [87.8830175, 24.7413248], [87.8900077, 24.7252224], [87.9083519, 24.7216175], [87.9011393, 24.6941219], [87.8877491, 24.6799872], [87.916609, 24.665753], [87.9141417, 24.6377095], [87.8879168, 24.630344], [87.9057716, 24.6292757], [87.9060343, 24.6150055], [87.8758323, 24.6152294], [87.8934703, 24.6054808], [87.9107675, 24.6104344], [87.9132768, 24.5934638], [87.8919315, 24.5841816], [87.8892682, 24.5650519], [87.8692239, 24.5645005], [87.8693777, 24.5560196], [87.8523544, 24.5617702], [87.8494078, 24.5538351], [87.8262956, 24.5587229], [87.8253418, 24.5691318], [87.8121799, 24.5785595], [87.7712177, 24.5830194], [87.770188, 24.5704895], [87.792459, 24.571661], [87.8085881, 24.5466948], [87.797564, 24.5387971], [87.8042416, 24.5192274], [87.7941433, 24.5011374], [87.8012634, 24.4937201], [87.8093395, 24.5145176], [87.8172301, 24.5006123], [87.8116833, 24.4907683], [87.828151, 24.4986154], [87.8272865, 24.4892665], [87.8145602, 24.4886433], [87.8107042, 24.4763634], [87.8226722, 24.4710325], [87.8237724, 24.4584566], [87.8031362, 24.4540016], [87.8039422, 24.4416108], [87.7945617, 24.4363908], [87.7954888, 24.4214285], [87.7888314, 24.4165496], [87.7998987, 24.409184], [87.8112769, 24.4178338], [87.8098092, 24.4057489], [87.7939501, 24.3992859], [87.8011028, 24.3822172], [87.7938226, 24.383071], [87.7644026, 24.3393282], [87.7706298, 24.3221427], [87.7629653, 24.3213065], [87.7616024, 24.3084671], [87.7548573, 24.3102541], [87.7293017, 24.2884217], [87.7136738, 24.2943992], [87.7058912, 24.2614364], [87.6903593, 24.2578504], [87.6875374, 24.2464395], [87.6622013, 24.2449217], [87.6591663, 24.2361196], [87.6387771, 24.2543828], [87.6343746, 24.2416529], [87.6466267, 24.2315264], [87.6386059, 24.2139894], [87.6755836, 24.2083347], [87.6763457, 24.1937308], [87.6986066, 24.1878127], [87.7029025, 24.1791974], [87.6944234, 24.1502424], [87.6787288, 24.1480772], [87.6575476, 24.1589038], [87.6422013, 24.1530511], [87.6315751, 24.1642698], [87.6152791, 24.1661249], [87.5761452, 24.1612822], [87.6102302, 24.1325337], [87.5910083, 24.1270139], [87.5765971, 24.1122572], [87.5802213, 24.0863688], [87.5599203, 24.0819689], [87.5539225, 24.0887917], [87.543057, 24.0860912], [87.5321933, 24.108354], [87.4976167, 24.1189733], [87.5004141, 24.1018395], [87.48983, 24.0901148], [87.5107494, 24.0822466], [87.4906142, 24.0705943], [87.4998522, 24.0651627], [87.4935051, 24.0541645], [87.5093898, 24.0469525], [87.5119805, 24.0358357], [87.4761291, 24.0122702], [87.4593604, 24.0188215], [87.4383379, 24.0135542], [87.4616938, 23.994866], [87.4603943, 23.9838291], [87.4367653, 23.9821157], [87.4277192, 23.9923486], [87.3604239, 24.0130918], [87.3519934, 23.9991809], [87.3281661, 23.9986651], [87.3191741, 24.0084817], [87.3358002, 24.0206804], [87.337123, 24.0343095], [87.2874582, 24.0288625], [87.2453961, 24.0450648], [87.2328878, 24.0237437], [87.2445639, 24.0166386], [87.2505034, 23.9970364], [87.2641558, 24.000608], [87.2615317, 23.9675752], [87.2932491, 23.9586347], [87.2835447, 23.9209068], [87.2950331, 23.902341], [87.285525, 23.8840387], [87.2814124, 23.8885101], [87.2691496, 23.874584], [87.2590486, 23.8831721], [87.2582813, 23.9063124], [87.2521613, 23.9130341], [87.2451232, 23.9082017], [87.2419045, 23.869682], [87.2487297, 23.8687428], [87.244296, 23.8569411], [87.2549387, 23.8470353], [87.2386986, 23.8264276], [87.2165405, 23.8317059], [87.2336839, 23.8571338], [87.2212138, 23.860573], [87.2138834, 23.8505553], [87.2058128, 23.8563337], [87.2030736, 23.8477486], [87.1885824, 23.8431548], [87.1957657, 23.8574092], [87.1798989, 23.8519658], [87.165752, 23.864755], [87.1330643, 23.8701907], [87.1300203, 23.8539117], [87.1670157, 23.8245264], [87.1504878, 23.7975648], [87.1398959, 23.8042294], [87.1217762, 23.7966547], [87.1109731, 23.8002855], [87.1164324, 23.8077013], [87.1039209, 23.8043954], [87.0918037, 23.8153678], [87.0867074, 23.8089696], [87.0652122, 23.816723], [87.0379678, 23.8392143], [86.9732392, 23.8687727], [86.9604086, 23.8482756], [86.9451532, 23.8468837], [86.9155578, 23.8824316], [86.8959192, 23.8782867], [86.8802432, 23.8623247], [86.8928163, 23.8372823], [86.8902968, 23.8205022], [86.8742155, 23.8473097], [86.8636289, 23.8444606], [86.8528985, 23.8249523], [86.8387851, 23.8245883], [86.8265356, 23.8139398], [86.8155082, 23.8173578], [86.814776, 23.8299438], [86.8047608, 23.8368466], [86.7993456, 23.8318193], [86.8100887, 23.8214095], [86.8033575, 23.801299], [86.819839, 23.7882545], [86.828366, 23.7601953], [86.8260944, 23.7492133], [86.8122855, 23.7447614], [86.7992937, 23.7037004], [86.8058088, 23.6958572], [86.7990376, 23.6890325], [86.7473355, 23.6787866], [86.7390596, 23.6942325], [86.7149477, 23.6988756], [86.6337935, 23.6751677], [86.5975701, 23.6737566], [86.5989737, 23.6654953], [86.5744444, 23.6480492], [86.5353974, 23.6312369], [86.4920323, 23.6382797], [86.4618067, 23.6302995], [86.446429, 23.6187182], [86.4470844, 23.5981359], [86.4212256, 23.5901005], [86.4135602, 23.5757054], [86.3881589, 23.5739487], [86.3893821, 23.5611993], [86.3651078, 23.5326896], [86.3751946, 23.5103425], [86.3635684, 23.5016106], [86.3624199, 23.4842486], [86.3788023, 23.484791], [86.3794628, 23.4736398], [86.3640901, 23.471689], [86.3596976, 23.4522483], [86.3497201, 23.4515472], [86.351459, 23.4420937], [86.3367999, 23.4401809], [86.3347869, 23.4465777], [86.3057663, 23.4348246], [86.3175715, 23.4264682], [86.3105533, 23.4113593], [86.2909425, 23.4175935], [86.2894869, 23.4290555], [86.2640928, 23.4307684], [86.2522073, 23.426773], [86.259147, 23.4133065], [86.2473935, 23.4111352], [86.2488649, 23.4224677], [86.2343105, 23.420892], [86.2298712, 23.4308228], [86.2455679, 23.4593172], [86.2326166, 23.4622431], [86.2283833, 23.4428824], [86.1817247, 23.4600843], [86.1782883, 23.4698417], [86.148825, 23.4652573], [86.1623929, 23.5084856], [86.1486284, 23.519346], [86.1583469, 23.5599805], [86.1312493, 23.5592884], [86.1266653, 23.5694012], [86.0808674, 23.5656789], [86.072736, 23.5688411], [86.077429, 23.5792127], [86.0420644, 23.5868814], [86.0401273, 23.5752597], [86.0178006, 23.5594446], [86.0162778, 23.5473172], [86.0276476, 23.5421104], [86.0236558, 23.5369205], [86.0392365, 23.5150386], [86.0381906, 23.4977755], [86.0567103, 23.4950806], [86.0538364, 23.4870567], [85.9549932, 23.4710162], [85.9071999, 23.4837056], [85.8871516, 23.4843132], [85.8700012, 23.4749455], [85.8624899, 23.4615183], [85.8638924, 23.4313559], [85.8825825, 23.4305842], [85.8866331, 23.4251348], [85.8802876, 23.4223947], [85.8914358, 23.4102224], [85.8867294, 23.4046019], [85.8986604, 23.4050206], [85.9025429, 23.3971147], [85.8708125, 23.3888142], [85.8784327, 23.3816765], [85.8751659, 23.3598252], [85.8830678, 23.3507821], [85.8662528, 23.3415221], [85.8681995, 23.3297839], [85.8383835, 23.3064969], [85.8196735, 23.2681201], [85.8386057, 23.2468344], [85.836581, 23.2205262], [85.8638145, 23.2223818], [85.8825232, 23.198729], [85.8815746, 23.1702585], [85.8945422, 23.1551283], [85.9277073, 23.14857], [85.9513689, 23.15173], [85.9576144, 23.1610455], [86.0009993, 23.14838], [86.017798, 23.1547141], [86.0245488, 23.1442803], [86.0445219, 23.1442378], [86.0559136, 23.1227391], [86.0512566, 23.1055262], [86.0900472, 23.0947133], [86.0980241, 23.0841952], [86.1271628, 23.0869202], [86.1462571, 23.0749591], [86.14198, 23.0542497], [86.1580446, 23.0461792], [86.1560167, 23.031172], [86.1677441, 23.0325599], [86.1850256, 23.0053836], [86.2484992, 22.9949103], [86.3037384, 23.0159984], [86.3088953, 23.0034176], [86.3395333, 22.9898141], [86.3436953, 22.9964929], [86.3545274, 22.9929686], [86.3544338, 22.9993437], [86.3727518, 22.9981533], [86.3985478, 22.9798933], [86.4192589, 23.0002741], [86.4464225, 22.9882366], [86.5011475, 22.9935903], [86.5137771, 22.977486], [86.5086171, 22.9730351], [86.5211942, 22.9707097], [86.5456062, 22.9902783], [86.5505629, 22.9779911], [86.5447773, 22.9656939], [86.5316034, 22.965208], [86.52598, 22.9476053], [86.5025803, 22.9518734], [86.4891334, 22.9372428], [86.4763181, 22.9511754], [86.4353401, 22.9251852], [86.4529675, 22.9024627], [86.467138, 22.8999269], [86.4534261, 22.8858654], [86.4507717, 22.8615353], [86.4349712, 22.8605124], [86.4388457, 22.8310233], [86.4225161, 22.8099752], [86.4176087, 22.7836763], [86.4484248, 22.7619299], [86.4601822, 22.7619106], [86.4815436, 22.7278612], [86.4932141, 22.7263948], [86.5113412, 22.7050108], [86.5129312, 22.7166188], [86.5441953, 22.7216029], [86.6360365, 22.6649699], [86.6423852, 22.6570135], [86.6341097, 22.6103881], [86.6394347, 22.5978209], [86.6570307, 22.5907993], [86.6595178, 22.5750358], [86.7111485, 22.5823945], [86.7668552, 22.5750227], [86.7690952, 22.5545762], [86.7892874, 22.5490032], [86.7868517, 22.5268548], [86.802388, 22.5030404], [86.7938875, 22.4971857], [86.8016036, 22.4888318], [86.7925679, 22.4777559], [86.7498713, 22.4829476], [86.7510077, 22.456706], [86.7631735, 22.4483844], [86.7618659, 22.4317041], [86.8070744, 22.421259], [86.8463542, 22.3990831], [86.8321107, 22.3272278], [86.8877902, 22.2974594], [86.8863246, 22.2572386], [86.8239556, 22.2667552], [86.8182516, 22.2537202], [86.8135921, 22.267391], [86.8039925, 22.2435846], [86.7980059, 22.2470216], [86.8011121, 22.2651971], [86.7922617, 22.266302], [86.7948618, 22.2431694], [86.812023, 22.2412268], [86.8024146, 22.2175498], [86.7790733, 22.2169155], [86.7844693, 22.2305973], [86.7949051, 22.2277877], [86.7776753, 22.2365942], [86.7764136, 22.2178646], [86.7542196, 22.211435], [86.724962, 22.2180201], [86.7163667, 22.1863191], [86.7197107, 22.1472815], [86.7938453, 22.1574844], [86.8020072, 22.1507062], [86.7994105, 22.130372], [86.8099676, 22.1274101], [86.8064141, 22.1197053], [86.8246214, 22.1189219], [86.8337382, 22.0986998], [86.8436332, 22.0963089], [86.8501537, 22.1037787], [86.9579597, 22.0885526], [86.9931417, 22.0552479], [87.0266956, 22.0370857], [87.0223398, 22.0194861], [87.0303534, 21.9853431], [86.9997218, 21.9132455], [87.0353029, 21.8693959], [87.0979317, 21.8669217], [87.0988463, 21.8907188], [87.0905749, 21.9010669], [87.0970997, 21.9139375], [87.1614026, 21.9349203], [87.1619867, 21.9676126], [87.1704137, 21.9799379], [87.1968086, 21.9595503], [87.2106027, 21.9643619], [87.2318051, 21.9570435], [87.2498126, 21.9349727], [87.2492003, 21.9151499], [87.2343815, 21.9006383], [87.2523208, 21.8771112], [87.2490281, 21.8532258], [87.2597894, 21.8488311], [87.2708773, 21.8270599], [87.2638955, 21.818584], [87.2751935, 21.8169702], [87.2767828, 21.8055016], [87.2969822, 21.8115544], [87.2983805, 21.8012099], [87.310656, 21.7938548], [87.3216351, 21.7976745], [87.319462, 21.7907242], [87.3360308, 21.7935424], [87.3385715, 21.7847646], [87.3555165, 21.7921733], [87.3718256, 21.7787587], [87.3696604, 21.7654329], [87.3850627, 21.7767671], [87.397747, 21.7665787], [87.4455533, 21.7681643], [87.4454255, 21.7437856], [87.4543214, 21.7390854], [87.4447782, 21.7340321], [87.4691844, 21.7325165], [87.4634626, 21.7253804], [87.4735898, 21.7145688], [87.4736312, 21.6971067], [87.4603704, 21.6513973], [87.4725629, 21.6524699], [87.4860148, 21.6322358], [87.484787, 21.6112612], [87.5517208, 21.6315477], [87.5535577, 21.6380465], [87.6319524, 21.6478029], [87.6439332, 21.6631058], [87.6448204, 21.6496805], [87.6739626, 21.6525287], [87.7331372, 21.6754636], [87.7395428, 21.680973], [87.7318068, 21.6796324], [87.7312965, 21.6820848], [87.747701, 21.6889015], [87.746989, 21.6997756], [87.7854616, 21.6941964], [87.805074, 21.703418], [87.8607729, 21.7533248], [87.8555236, 21.7524618], [87.8835316, 21.7819771], [87.8832665, 21.7933498], [87.9355394, 21.8192026], [87.9680839, 21.8547706], [88.0119806, 21.9209197], [88.0166163, 21.9402133], [88.0156519, 21.9418788], [88.0119884, 21.9412893], [88.0107965, 21.9428464], [88.0181334, 21.943768], [88.055613, 22.0200554], [88.0630773, 22.0133142], [88.0862653, 22.0233776], [88.1536566, 22.0635907], [88.1834126, 22.0944508], [88.1901088, 22.116267], [88.1366813, 22.1841955], [88.1033717, 22.1921954], [88.0737047, 22.1871312], [88.0347768, 22.2089323], [88.0234171, 22.199687], [88.0067489, 22.2026287], [87.9816962, 22.2318878], [87.9752252, 22.2333992], [87.983886, 22.2140698], [87.973403, 22.2227944], [87.9710755, 22.2377552], [87.9476431, 22.2547542], [87.9559319, 22.2697323], [87.9683595, 22.2647289], [87.9864903, 22.2382589], [88.0001367, 22.2429641], [88.0221769, 22.2177658], [88.0605713, 22.2057705], [88.0829889, 22.2363968], [88.084606, 22.2563421], [88.0876773, 22.2424215], [88.0690492, 22.213504], [88.0727799, 22.2094776], [88.1168013, 22.2094456], [88.1880126, 22.1880313], [88.210433, 22.148945], [88.2231569, 22.0706854], [88.1980649, 22.0078653], [88.1497543, 21.9568838], [88.1710539, 21.9285624], [88.163444, 21.8836707], [88.1743441, 21.8689875], [88.1763839, 21.8631349], [88.1945982, 21.8455629], [88.199788, 21.8359695], [88.2024025, 21.8227376], [88.2018631, 21.8177526], [88.2004771, 21.8120005], [88.200699, 21.8108895], [88.2152922, 21.7780312], [88.2112145, 21.724723], [88.2204303, 21.7018824], [88.1992309, 21.6896601], [88.199754, 21.6826967], [88.2058617, 21.6754237], [88.2297792, 21.6731707], [88.2370518, 21.6438006], [88.2184625, 21.6159319], [88.2362787, 21.6049886], [88.2455551, 21.5875063], [88.2370492, 21.576539], [88.2484234, 21.561739], [88.2764788, 21.5566779], [88.2935298, 21.5630274], [88.3103014, 21.5816352], [88.2844158, 21.6007064], [88.3026497, 21.6606154], [88.3011723, 21.6824219], [88.2754285, 21.7269507], [88.261496, 21.7321572], [88.2817172, 21.7622667], [88.2829739, 21.7894564], [88.2999648, 21.7814097], [88.3094826, 21.7338544], [88.306146, 21.717678], [88.3208018, 21.708738], [88.3290794, 21.7090431], [88.327255, 21.7264852], [88.3338909, 21.7139304], [88.3442983, 21.7210359], [88.3428053, 21.7613274], [88.3746325, 21.7681314], [88.3793655, 21.7876164], [88.4174236, 21.8131561], [88.4258818, 21.8145221], [88.429929, 21.8005992], [88.4451615, 21.8030275], [88.4598742, 21.7920613], [88.4474933, 21.8131993], [88.47329, 21.8375343], [88.487863, 21.8403754], [88.4830353, 21.8720328], [88.4750652, 21.8898427], [88.4620808, 21.8927354], [88.4578772, 21.8945256], [88.4541779, 21.8985372], [88.4506635, 21.9049193], [88.4343106, 21.8989698], [88.4180489, 21.9026052], [88.4495896, 21.9056649], [88.4512828, 21.9046572], [88.4532799, 21.9022133], [88.4556676, 21.8975069], [88.4599334, 21.8942356], [88.4969107, 21.886117], [88.4968749, 21.8764847], [88.5253724, 21.8526118], [88.5367277, 21.8562218], [88.5391982, 21.8624728], [88.5355471, 21.8643356], [88.5292868, 21.8722117], [88.5211871, 21.8741846], [88.5186271, 21.8756054], [88.529722, 21.8724965], [88.5387647, 21.8632356], [88.5392133, 21.8732604], [88.5465007, 21.8789402], [88.5374636, 21.8785562], [88.5475779, 21.882061], [88.5390185, 21.8991119], [88.5410313, 21.9074216], [88.560241, 21.8989006], [88.5687453, 21.9040831], [88.5488344, 21.9202722], [88.5412237, 21.9659882], [88.5407053, 21.9668279], [88.5374761, 21.9671783], [88.5348951, 21.9687278], [88.553984, 21.976362], [88.5738921, 21.9610891], [88.574099, 21.9778959], [88.5841363, 21.9897114], [88.5712433, 22.0004395], [88.5950352, 21.9887204], [88.5994067, 21.9918324], [88.6024319, 21.997247], [88.6089655, 22.0038598], [88.6235052, 22.0114591], [88.6384899, 22.0041409], [88.6307175, 21.9543603], [88.6568224, 21.9536531], [88.6786202, 21.9430949], [88.6906694, 21.9556846], [88.6955823, 21.9513387], [88.6896472, 21.9716328], [88.7101992, 21.9959541], [88.7514647, 22.0062309], [88.7503913, 21.9975687], [88.7254943, 21.9795431], [88.7227456, 21.9321545], [88.6960432, 21.8425867], [88.711148, 21.8068873], [88.7112766, 21.7869824], [88.6937597, 21.7453079], [88.711408, 21.6895811], [88.7447904, 21.6608319], [88.7702555, 21.6657232], [88.7964489, 21.6559209], [88.8079423, 21.6626769], [88.8099326, 21.7044839], [88.7687033, 21.6936879], [88.7565486, 21.7029727], [88.7775733, 21.7212835], [88.7523521, 21.7332991], [88.7531836, 21.7520398], [88.7597663, 21.7617965], [88.7455262, 21.7732424], [88.7641206, 21.7895687], [88.7770399, 21.8254375], [88.7811471, 21.8251674], [88.7656797, 21.7863607], [88.7501328, 21.7704896], [88.7672085, 21.763308], [88.7558694, 21.7353158], [88.7898979, 21.7378725], [88.7834965, 21.7414105], [88.7904916, 21.7500345], [88.7861547, 21.7413818], [88.7938345, 21.7370055], [88.7809023, 21.731961], [88.783912, 21.7190706], [88.7627089, 21.7019719], [88.8029822, 21.7175267], [88.8145945, 21.7107279], [88.8224427, 21.6670249], [88.8044948, 21.6371634], [88.845588, 21.6191027], [88.8440936, 21.6264458], [88.8615487, 21.6409408], [88.8431586, 21.682453], [88.8411645, 21.71688], [88.8646953, 21.7614425], [88.8325823, 21.7661963], [88.8214762, 21.7814425], [88.8308326, 21.8080695], [88.8200666, 21.8377584], [88.839801, 21.8863601], [88.8132806, 21.9038321], [88.7998745, 21.9267545], [88.8161389, 21.941771], [88.8582409, 21.9203638], [88.9043615, 21.9278907], [88.9024683, 22.0038531], [88.9151065, 22.0084628], [88.917806, 21.9809307], [88.9329266, 21.990793], [88.935651, 22.0118056], [88.9535932, 22.01219], [88.9862908, 21.9868232], [88.9882932, 21.9743909], [89.0003226, 21.9876679], [89.0137425, 21.9965276], [89.0303826, 22.0010483], [89.0012262, 21.9864036], [89.0118166, 21.984262], [89.0140981, 21.9767227], [88.9973935, 21.9502495], [89.0283064, 21.9286911], [89.0679867, 21.9316471], [89.079675, 21.983968], [89.0768632, 22.0084097], [89.0432765, 22.0616689], [89.0378567, 22.0942141], [89.0507567, 22.1162015], [89.098708, 22.1518667], [89.0911545, 22.1582477], [89.0710692, 22.1472756], [89.0639509, 22.1690985], [89.0716139, 22.1968879], [89.0388944, 22.2306944], [89.0341997, 22.2582583], [89.0138809, 22.2539632], [89.0204661, 22.2685034], [88.9950973, 22.2862646], [88.9994424, 22.2970116], [89.024302, 22.2984289], [89.0004237, 22.3242793], [88.9844797, 22.3266972], [88.9893472, 22.3642799], [88.9823227, 22.3734863], [88.9942514, 22.3887332], [88.9719068, 22.4098858], [89.0000702, 22.4298395], [88.9884903, 22.4451135], [88.9961236, 22.4689524], [88.9746912, 22.4962439], [88.9618646, 22.5487334], [88.9406974, 22.5613483], [88.9389389, 22.5922053], [88.9600814, 22.6166332], [88.9349458, 22.621197], [88.9271137, 22.6496472], [88.9450263, 22.6623945], [88.9623664, 22.6949724], [88.9279058, 22.7184222], [88.91569, 22.7365378], [88.9207511, 22.7532015], [88.9110402, 22.7577891], [88.9380869, 22.7929696], [88.9578865, 22.7958648], [88.9555243, 22.8118102], [88.9684626, 22.8450432], [88.9453748, 22.8806746], [88.9283325, 22.87249], [88.9094297, 22.8798561], [88.8956789, 22.9130739], [88.9081359, 22.9197804], [88.8868906, 22.9332087], [88.8942644, 22.9519989], [88.8792734, 22.9540149], [88.8594448, 22.9431895], [88.8570489, 22.9688835], [88.8709675, 22.9786331], [88.8645101, 23.0010236], [88.8450863, 23.0098583], [88.8797546, 23.0063256], [88.8721991, 23.0173553], [88.8841172, 23.0404327], [88.8748948, 23.0445044], [88.8741507, 23.0657847], [88.8610071, 23.0773053], [88.8746405, 23.0897681], [88.8684463, 23.1010677], [88.8998712, 23.1119171], [88.9103276, 23.1297362], [88.917897, 23.1290802], [88.9232719, 23.1451187], [88.9308436, 23.1431926], [88.9278653, 23.1630379], [88.934024, 23.161762], [88.9390941, 23.1768039], [88.9562298, 23.181899], [88.9623075, 23.1931447], [88.9753364, 23.1923491], [88.9760653, 23.1818586], [88.9803847, 23.1825473], [88.9877225, 23.2026531], [88.9796531, 23.212553], [88.9957247, 23.2147002], [88.982809, 23.2217686], [88.9795636, 23.2154931], [88.975931, 23.2244327], [88.9787314, 23.214483], [88.9708822, 23.2226507], [88.9422748, 23.2062412], [88.9266599, 23.217949], [88.9145869, 23.2134704], [88.9148927, 23.2288428], [88.906851, 23.235965], [88.8861732, 23.2259452], [88.8556926, 23.2361527], [88.8448968, 23.230514], [88.8365139, 23.2433089], [88.8238216, 23.2334144], [88.8287989, 23.2448686], [88.8114624, 23.2560878], [88.8059001, 23.2374782], [88.811439, 23.2215478], [88.789801, 23.2183404], [88.7744192, 23.2244135], [88.7780634, 23.2360859], [88.7695376, 23.2448442], [88.7518768, 23.2401806], [88.7188942, 23.2547982], [88.7244099, 23.2716213], [88.7113799, 23.2782157], [88.7089547, 23.2897373], [88.6976374, 23.2917399], [88.6963613, 23.3022903], [88.7112353, 23.3127364], [88.7064445, 23.3043379], [88.7246443, 23.2983036], [88.7247582, 23.3179626], [88.730417, 23.3195825], [88.7318006, 23.308033], [88.7452985, 23.3078202], [88.7496652, 23.3214719], [88.7326628, 23.3280703], [88.7390519, 23.34345], [88.7320321, 23.3519866], [88.7459528, 23.3490074], [88.7477132, 23.362002], [88.7581598, 23.3599375], [88.7654345, 23.3678839], [88.7585416, 23.3741118], [88.7628939, 23.3872085], [88.7529978, 23.3894155], [88.7492615, 23.4005539], [88.7612302, 23.4084278], [88.7544448, 23.416384], [88.7643144, 23.4482056], [88.7732757, 23.4483162], [88.7791209, 23.4372904], [88.7850677, 23.4447958], [88.7948859, 23.4430653], [88.7873122, 23.4690822], [88.8014132, 23.4858098], [88.7945554, 23.4855793], [88.800787, 23.4971241], [88.7927476, 23.5028665], [88.784499, 23.4971727], [88.7876497, 23.5059946], [88.7859515, 23.5072401], [88.7682505, 23.4901307], [88.7749081, 23.4798512], [88.7606789, 23.4899193], [88.7609057, 23.4783856], [88.7414215, 23.4796798], [88.7242789, 23.5125285], [88.714921, 23.5085316], [88.6957533, 23.5173114], [88.6783366, 23.5458304], [88.6542532, 23.5561534], [88.6505623, 23.5853683], [88.6387632, 23.5907351], [88.6455316, 23.6092839], [88.6056881, 23.6001472], [88.6062728, 23.6103565], [88.5971858, 23.6019461], [88.5803251, 23.6028816], [88.5853167, 23.6165436], [88.5940885, 23.6175954], [88.5937649, 23.6408102], [88.5621949, 23.6371502], [88.558208, 23.6491543], [88.5738206, 23.6669409], [88.5645063, 23.7113291], [88.5766028, 23.7329666], [88.570082, 23.7480847], [88.5808149, 23.7605356], [88.5795653, 23.7746965], [88.5560353, 23.7842114], [88.5781268, 23.7865761], [88.5816436, 23.7972788], [88.5962021, 23.8048889], [88.5851471, 23.8136455], [88.5944583, 23.8088506], [88.6021291, 23.8172159], [88.5869509, 23.8299604], [88.5910928, 23.8530152], [88.5783818, 23.8506713], [88.5756406, 23.8615517], [88.5874895, 23.8714524], [88.6080483, 23.8623493], [88.616439, 23.8765121], [88.624818, 23.8751057], [88.6264117, 23.8649416], [88.6377321, 23.8713936], [88.6675859, 23.869445], [88.6642828, 23.8824223], [88.682935, 23.8886232], [88.6883874, 23.9014828], [88.7043386, 23.8991749], [88.6993271, 23.9101814], [88.7064168, 23.9157866], [88.7334035, 23.9109751], [88.7350179, 23.9325928], [88.7434265, 23.9301698], [88.7424901, 23.9510304], [88.7324861, 23.9611272], [88.7382391, 23.9829861], [88.7689455, 23.9821973], [88.7601949, 24.0060582], [88.7290455, 23.9961136], [88.734683, 24.0174905], [88.7574906, 24.032095], [88.7247544, 24.041612], [88.7246403, 24.0477044], [88.7411136, 24.0485525], [88.7416313, 24.0571224], [88.7254583, 24.065437], [88.6931903, 24.1111529], [88.6974807, 24.1205324], [88.7070039, 24.1191417], [88.7464907, 24.1470647], [88.731408, 24.1733873], [88.7409624, 24.2539186], [88.7354391, 24.2764955], [88.7247769, 24.2977869], [88.6965876, 24.3153534], [88.6284884, 24.3050934], [88.6235634, 24.3156751], [88.6033178, 24.3100954], [88.5878861, 24.3143457], [88.5871894, 24.3240549], [88.5676882, 24.3266536], [88.5551349, 24.2933413], [88.5271192, 24.3443787], [88.5079034, 24.3424841], [88.4464324, 24.3785806], [88.4249042, 24.3831926], [88.3893373, 24.3718795], [88.3339842, 24.3813926], [88.2719232, 24.4405805], [88.1984014, 24.4624955], [88.1735493, 24.4930464], [88.1407553, 24.5112405], [88.0969185, 24.5564515], [88.0411758, 24.6433142], [88.0087564, 24.6678343], [88.0628456, 24.7215965], [88.0725004, 24.7436418], [88.0657599, 24.7507076], [88.074546, 24.7607467], [88.0683069, 24.7691502], [88.0778722, 24.769098], [88.089018, 24.7829017], [88.106098, 24.7795673], [88.1111017, 24.8128527], [88.123545, 24.8231094], [88.1359233, 24.805143], [88.1319124, 24.8360124], [88.1409102, 24.8343767], [88.1449492, 24.8511], [88.1603222, 24.848557], [88.1622491, 24.8579653], [88.1750191, 24.8601512], [88.1526802, 24.8844145], [88.1693394, 24.8924521], [88.1403749, 24.9140391], [88.1380444, 24.936161], [88.1575179, 24.9335161], [88.1702086, 24.9503628], [88.2261127, 24.9597061], [88.2604704, 24.9192637], [88.2644518, 24.8980705], [88.2582663, 24.8775502], [88.2672105, 24.8783188], [88.2760838, 24.8977954], [88.278126, 24.888053], [88.3019087, 24.8858632], [88.3019176, 24.8718906], [88.3210589, 24.8834685], [88.330619, 24.8701398], [88.3470076, 24.8924334], [88.3438802, 24.8995677], [88.3327775, 24.8971474], [88.3242747, 24.916683], [88.3365902, 24.9186772], [88.3404112, 24.9400839], [88.3546666, 24.9420259], [88.3640403, 24.9532862], [88.3816146, 24.9391303], [88.398838, 24.9453202], [88.3952475, 24.9690788], [88.4057144, 24.9723458], [88.4050959, 24.9797172], [88.4174276, 24.9748331], [88.412093, 24.9988112], [88.4204905, 24.9996865], [88.4255692, 25.0164343], [88.4274725, 25.0076514], [88.4365395, 25.0064538], [88.4385632, 25.0223098], [88.4526584, 25.0368711], [88.4355573, 25.0502509], [88.4528698, 25.0793049], [88.4464419, 25.082794], [88.4415182, 25.1275281], [88.4586585, 25.1355697], [88.4614036, 25.1493856], [88.4572343, 25.1646158], [88.4420456, 25.1743389], [88.4436878, 25.1972969], [88.4717724, 25.1974427], [88.4754837, 25.2133828], [88.4985777, 25.2103486], [88.5000515, 25.2034348], [88.5377777, 25.1978176], [88.5339775, 25.1875202], [88.5576107, 25.1925933], [88.5557601, 25.1789699], [88.5655792, 25.1750881], [88.5796375, 25.1768183], [88.5912108, 25.1850926], [88.590013, 25.1926068], [88.5978929, 25.1908638], [88.6128911, 25.2041321], [88.6426793, 25.2061174], [88.6689007, 25.1982759], [88.6800773, 25.2089], [88.7116398, 25.2075453], [88.7330054, 25.1987579], [88.7345533, 25.1846063], [88.7509291, 25.1828152], [88.7490962, 25.1768524], [88.7694012, 25.1898451], [88.7736727, 25.1793562], [88.8058604, 25.1704506], [88.8438048, 25.2137569], [88.85161, 25.200526], [88.8649173, 25.2005928], [88.8643802, 25.1899924], [88.8749536, 25.1962237], [88.8755047, 25.1793281], [88.9109829, 25.1803055], [88.9123958, 25.1680237], [88.9230756, 25.1649089], [88.9325869, 25.180883], [88.9488193, 25.176579], [88.9475557, 25.1944457], [88.9339095, 25.1997319], [88.936437, 25.2105225], [88.9617712, 25.2090705], [88.951955, 25.2301095], [88.9549409, 25.2533336], [88.982274, 25.2648812], [88.9868212, 25.2744508], [89.0076294, 25.2636166], [89.0094419, 25.2990344], [88.9925758, 25.2961983], [88.9853075, 25.3059418], [88.9294614, 25.3040833], [88.9278016, 25.3171956], [88.915521, 25.3120275], [88.9061977, 25.3376714], [88.888482, 25.3371208], [88.8838293, 25.3262986], [88.8664809, 25.3429719], [88.86892, 25.3522086], [88.8401849, 25.3637604], [88.8408559, 25.3976341], [88.812295, 25.4105436], [88.8183472, 25.4180632], [88.8300013, 25.4169446], [88.8343081, 25.4316586], [88.8262384, 25.4444808], [88.8393312, 25.4583385], [88.829657, 25.4902547], [88.8122668, 25.4912883], [88.8105267, 25.5231416], [88.7802819, 25.5152245], [88.7588436, 25.5252642], [88.7688457, 25.4985406], [88.7448056, 25.4879008], [88.7421498, 25.5049946], [88.7138208, 25.4955652], [88.7075166, 25.4998674], [88.7104095, 25.4805954], [88.6994954, 25.4711941], [88.6629982, 25.4736442], [88.659971, 25.4816955], [88.6470517, 25.4778193], [88.6426962, 25.4926844], [88.648364, 25.4963989], [88.6224766, 25.4969553], [88.6073801, 25.5085928], [88.6090869, 25.5163022], [88.5954526, 25.5059624], [88.5600843, 25.5125086], [88.5523562, 25.5207869], [88.5399528, 25.5082961], [88.5402878, 25.5326143], [88.532797, 25.5322152], [88.5330923, 25.5420992], [88.523492, 25.5351606], [88.5196905, 25.5446169], [88.5090915, 25.5441365], [88.4935448, 25.5589414], [88.4999154, 25.5839493], [88.4695054, 25.5831404], [88.4576498, 25.598684], [88.4447394, 25.5965424], [88.4451633, 25.6154947], [88.4558051, 25.6285808], [88.4535534, 25.6649988], [88.4019556, 25.6725276], [88.4051834, 25.68422], [88.3901923, 25.6840078], [88.3915071, 25.6935186], [88.3715576, 25.696927], [88.3742519, 25.7170662], [88.3375879, 25.737623], [88.3208362, 25.7378125], [88.3171692, 25.7525222], [88.2665844, 25.7825788], [88.2695537, 25.8081767], [88.2596559, 25.8138265], [88.2486402, 25.8134031], [88.2469176, 25.8059694], [88.236267, 25.8094402], [88.2310152, 25.7967499], [88.2156704, 25.8014272], [88.2095096, 25.7868087], [88.1837731, 25.8016902], [88.173105, 25.7866128], [88.1595751, 25.7875962], [88.1514947, 25.7755509], [88.1416855, 25.7801461], [88.1436654, 25.7936945], [88.1144768, 25.7979408], [88.1201136, 25.812435], [88.1070987, 25.8151053], [88.1116133, 25.8216518], [88.1017221, 25.8288005], [88.1083293, 25.8387155], [88.1012218, 25.8430801], [88.1138703, 25.8545025], [88.1103479, 25.8685173], [88.1024605, 25.8618147], [88.1020334, 25.8715676], [88.0941724, 25.873366], [88.1030168, 25.8892497], [88.0902836, 25.8965241], [88.0943715, 25.908482], [88.0862788, 25.9174729], [88.0947762, 25.9314334], [88.111462, 25.9332504], [88.1125886, 25.9434676], [88.1223745, 25.9483726], [88.1151785, 25.9627761], [88.1242744, 25.9661462], [88.119294, 25.971564], [88.1278949, 25.9766144], [88.1296923, 25.9969435], [88.1436988, 26.0003648], [88.1397865, 26.012978], [88.1832077, 26.026777], [88.1718124, 26.0327843], [88.1695367, 26.0451995], [88.1793226, 26.0464998], [88.1833455, 26.0728856], [88.1686027, 26.0835539], [88.1583797, 26.0798264], [88.1656403, 26.0881384], [88.1584517, 26.0952966], [88.1633392, 26.1072773], [88.1783933, 26.1235666], [88.1772762, 26.1480566], [88.1950796, 26.1522151], [88.1967903, 26.1634887], [88.2056556, 26.1592401], [88.2162174, 26.1633029], [88.2144284, 26.1700017], [88.2269355, 26.1683891], [88.2418261, 26.1890833], [88.269342, 26.1864837], [88.2858127, 26.2001517], [88.3198448, 26.2028546], [88.3312018, 26.2170485], [88.35051, 26.2204227], [88.3596632, 26.2423594], [88.3485841, 26.2502773], [88.349668, 26.2822499], [88.3846612, 26.3132587], [88.4149387, 26.3148229], [88.4156473, 26.3243166], [88.4041341, 26.3293904], [88.4130238, 26.337372], [88.4354562, 26.3357654], [88.4577234, 26.3766599], [88.4586197, 26.3621078], [88.482362, 26.3497028], [88.4919131, 26.3514068], [88.488402, 26.360276], [88.5078376, 26.3622326], [88.5049987, 26.3485501], [88.5232381, 26.3605427], [88.5153723, 26.3653348], [88.5247864, 26.3747959], [88.5171922, 26.370568], [88.5128252, 26.3777665], [88.519213, 26.3900015], [88.5129098, 26.3876312], [88.5050452, 26.3987142], [88.5089631, 26.4072076], [88.502799, 26.4030423], [88.4955942, 26.4095419], [88.5027536, 26.4174809], [88.494013, 26.4187381], [88.4983815, 26.4251933], [88.4896606, 26.4300135], [88.4962151, 26.4370617], [88.4789301, 26.4523039], [88.4852456, 26.4602567], [88.4277342, 26.4730136], [88.4197593, 26.4657461], [88.4049217, 26.4858367], [88.3885454, 26.4783005], [88.3712392, 26.4882054], [88.3605339, 26.4845604], [88.3657267, 26.4710911], [88.3548236, 26.4470216], [88.3408591, 26.4781653], [88.3319214, 26.4818005], [88.3321215, 26.4930571], [88.3593939, 26.5300696], [88.3571529, 26.5417676], [88.3708865, 26.5605525], [88.3760392, 26.5946956], [88.3984179, 26.603512], [88.3869569, 26.6119844], [88.4096395, 26.6347325], [88.4179223, 26.6215662], [88.4211702, 26.571017], [88.43597, 26.5450268], [88.4482651, 26.5352872], [88.4564835, 26.5368933], [88.4588879, 26.5471179], [88.4850097, 26.5406853], [88.4898715, 26.5105741], [88.5072682, 26.5164033], [88.5213934, 26.5105072], [88.5264817, 26.4813789], [88.556764, 26.4847992], [88.5526206, 26.4753229], [88.5627531, 26.4665525], [88.5595336, 26.4574867], [88.5929522, 26.4498141], [88.5947536, 26.4706372], [88.6228897, 26.4710645], [88.6237602, 26.4350123], [88.6497966, 26.4295878], [88.6444594, 26.4187456], [88.6678068, 26.4071853], [88.6867548, 26.4060287], [88.6723285, 26.395702], [88.6891721, 26.3956834], [88.688262, 26.3866791], [88.7022702, 26.3884436], [88.681012, 26.3794079], [88.6984979, 26.3571581], [88.6941049, 26.3467287], [88.7040231, 26.3418715], [88.7027639, 26.3343945], [88.712847, 26.3436521], [88.7261503, 26.3412675], [88.7359172, 26.3479672], [88.7332623, 26.3538317], [88.7453008, 26.3478595], [88.7338667, 26.3286553], [88.7487423, 26.3319274], [88.7465083, 26.3223855], [88.7306487, 26.3236208], [88.7188238, 26.312115], [88.7151523, 26.3179037], [88.6935327, 26.3140317], [88.6957331, 26.3287261], [88.6751306, 26.320072], [88.6830925, 26.308453], [88.6786735, 26.2988271], [88.6680447, 26.2971729], [88.6722452, 26.2684895], [88.6662267, 26.2626568], [88.6810082, 26.2596399], [88.6923598, 26.2690398], [88.6860713, 26.2767546], [88.6997382, 26.2841657], [88.717111, 26.2810823], [88.7296918, 26.294605], [88.7473177, 26.301049], [88.7585788, 26.2947592], [88.7935644, 26.30997], [88.8191101, 26.2944942], [88.8100187, 26.2768111], [88.8129421, 26.2559902], [88.8291634, 26.2497064], [88.8276671, 26.2396397], [88.8417256, 26.2307197], [88.8778646, 26.233378], [88.8776917, 26.2421948], [88.8614689, 26.2519991], [88.8613851, 26.2726633], [88.8759338, 26.2865789], [88.898269, 26.2886439], [88.9262808, 26.2837781], [88.9573168, 26.2402965], [89.028122, 26.2475209], [89.0506857, 26.2416534], [89.0521611, 26.2560049], [89.0626424, 26.2537515], [89.0633396, 26.2703659], [89.0538886, 26.277141], [89.0624775, 26.278661], [89.0594891, 26.2933344], [89.0458687, 26.2953511], [89.0482687, 26.2799941], [89.03988, 26.2765235], [89.0407733, 26.285767], [89.0275188, 26.2824682], [89.0197478, 26.2898106], [89.0266103, 26.3054016], [89.0211569, 26.3090818], [89.0180385, 26.2897102], [89.0068517, 26.30439], [88.9957383, 26.2902378], [88.997562, 26.2996316], [88.9849418, 26.3005863], [88.9826901, 26.3094022], [88.9846204, 26.3179573], [88.9971183, 26.3137373], [88.9915887, 26.3217942], [89.000968, 26.3297475], [88.9848568, 26.3339492], [88.9871462, 26.3483513], [88.9614106, 26.3522956], [88.9568664, 26.3299742], [88.9517556, 26.3425896], [88.9589722, 26.3435337], [88.9461535, 26.3438754], [88.9585051, 26.3579212], [88.9533119, 26.3659517], [88.9467714, 26.3556923], [88.9260839, 26.3647422], [88.919389, 26.3593791], [88.9200794, 26.3662333], [88.9110058, 26.3680504], [88.9214021, 26.3771754], [88.9090932, 26.3800318], [88.9182267, 26.4002584], [88.9099541, 26.4007758], [88.9047889, 26.408459], [88.9265597, 26.4067882], [88.9313134, 26.4141881], [88.9230327, 26.4233608], [88.9327985, 26.4268335], [88.9261928, 26.4320505], [88.9447667, 26.4255917], [88.9512003, 26.4336141], [88.9461689, 26.4479385], [88.9653556, 26.4514901], [88.9558416, 26.4602081], [88.9651401, 26.4578082], [88.983266, 26.4465093], [88.980752, 26.4252669], [88.9942276, 26.4128376], [88.9937371, 26.4229896], [89.0054846, 26.4215673], [89.0072267, 26.4127341], [89.0224644, 26.4136387], [89.0198544, 26.404119], [89.0299349, 26.4070698], [89.0335604, 26.3954424], [89.0631529, 26.4007488], [89.0739491, 26.3911056], [89.0843826, 26.3982661], [89.0815872, 26.3901857], [89.0962506, 26.3911549], [89.0884621, 26.3656915], [89.0797295, 26.3628147], [89.0983159, 26.3589297], [89.0933301, 26.3529137], [89.1013432, 26.3365339], [89.0834867, 26.3223601], [89.0919228, 26.3202939], [89.0970701, 26.3292337], [89.1127354, 26.3183888], [89.1363077, 26.3201069], [89.1295534, 26.3128368], [89.1364417, 26.307938], [89.1252154, 26.3053362], [89.1325047, 26.2987154], [89.1220335, 26.2871633], [89.1047112, 26.3157998], [89.0999248, 26.3045682], [89.1071462, 26.2916435], [89.1001047, 26.2794677], [89.1252288, 26.263462], [89.1199816, 26.2527862], [89.1409425, 26.2358408], [89.1420973, 26.2147636], [89.149175, 26.2088666], [89.1346119, 26.1811709], [89.1410097, 26.16937], [89.1572802, 26.1631963], [89.1485404, 26.158096], [89.1553806, 26.1386108], [89.1923502, 26.1236352], [89.2030826, 26.1292753], [89.2294373, 26.1238536], [89.2292233, 26.1165973], [89.2517826, 26.1011849], [89.2516228, 26.0913504], [89.2667988, 26.0926373], [89.2544074, 26.0641208], [89.2708791, 26.059949], [89.2809149, 26.0656491], [89.275756, 26.0490802], [89.3004372, 26.0504322], [89.3257431, 26.0362841], [89.3490621, 26.0103507], [89.3927929, 26.0071906], [89.3908571, 26.0229212], [89.4030242, 26.0273062], [89.4074231, 26.04151], [89.4238434, 26.0469201], [89.4328021, 26.0375012], [89.4287389, 26.0122653], [89.4803525, 25.9960677], [89.4912837, 26.005965], [89.540896, 26.0059014], [89.5481469, 25.9986788], [89.5355314, 25.9901651], [89.5382132, 25.9733643], [89.5560052, 25.9652165], [89.5659687, 25.9803422], [89.5689068, 25.9677565], [89.5778655, 25.9692767], [89.5758894, 25.9814395], [89.5851797, 25.9758984], [89.5787222, 26.0262617], [89.5853507, 26.026277], [89.5870906, 26.0383784], [89.5977499, 26.0378502], [89.5922324, 26.0447954], [89.6128262, 26.0526439], [89.6053991, 26.0637535], [89.620511, 26.0532773], [89.6306265, 26.062657], [89.649901, 26.0624841], [89.6335659, 26.0808704], [89.6396759, 26.0900601], [89.6299588, 26.1070435], [89.6139612, 26.1036101], [89.617292, 26.0946873], [89.6101372, 26.0959086], [89.6086224, 26.0883931], [89.5938827, 26.1021613], [89.6003102, 26.1040601], [89.5979479, 26.1127008], [89.6162233, 26.1068587], [89.6303575, 26.1182725], [89.625346, 26.1285966], [89.6205124, 26.1197153], [89.6120444, 26.1277007], [89.6042397, 26.1174542], [89.6012898, 26.1234172], [89.6074826, 26.1251116], [89.596597, 26.1350324], [89.5976931, 26.1544067], [89.591398, 26.1576131], [89.6000064, 26.160832], [89.60902, 26.1536238], [89.6197599, 26.1677587], [89.6112489, 26.1685948], [89.615153, 26.1758782], [89.6074558, 26.1791413], [89.6239077, 26.1791256], [89.6239895, 26.1711154], [89.6365597, 26.1787463], [89.6321633, 26.1718907], [89.6464329, 26.1644371], [89.658661, 26.1762269], [89.6278255, 26.1843001], [89.6301818, 26.1957621], [89.6421525, 26.1855102], [89.6499961, 26.1902057], [89.6326908, 26.2099967], [89.63444, 26.2294101], [89.6619965, 26.2192202], [89.6719085, 26.2200192], [89.678714, 26.238207], [89.6819886, 26.227516], [89.6860506, 26.2306596], [89.6894249, 26.2212786], [89.679031, 26.2240897], [89.6794102, 26.21479], [89.6915042, 26.2116711], [89.6732113, 26.2030416], [89.6863472, 26.1982231], [89.6873896, 26.1815031], [89.70206, 26.1739766], [89.6813188, 26.1635862], [89.7013781, 26.1517548], [89.7128065, 26.1680728], [89.7365505, 26.1727894], [89.7255766, 26.1779784], [89.7092373, 26.1728078], [89.6986005, 26.191177], [89.7130745, 26.1877166], [89.7203689, 26.1956008], [89.7116, 26.2029669], [89.7332303, 26.2119921], [89.7257008, 26.2181849], [89.7074992, 26.2122797], [89.7003936, 26.2184484], [89.7100398, 26.2178428], [89.7141019, 26.2302466], [89.732158, 26.2378299], [89.7178815, 26.2451508], [89.7170753, 26.2573674], [89.7026158, 26.2578633], [89.7058527, 26.2704302], [89.7147124, 26.2699421], [89.7125791, 26.2619103], [89.7220204, 26.2574591], [89.7340044, 26.2594092], [89.7385393, 26.2699435], [89.7178312, 26.2958176], [89.7198131, 26.3073199], [89.7258467, 26.3072165], [89.7263217, 26.2947108], [89.7448438, 26.2968899], [89.7581248, 26.2877858], [89.7512404, 26.3209502], [89.7642755, 26.3160689], [89.7810665, 26.3278554], [89.7831811, 26.3513963], [89.8134861, 26.370683], [89.8219224, 26.3718102], [89.8128322, 26.3570988], [89.8227633, 26.3516331], [89.8320231, 26.3839172], [89.843023, 26.3778143], [89.8470544, 26.3852525], [89.8588997, 26.3840269], [89.8498812, 26.4035889], [89.8376024, 26.390977], [89.8299535, 26.3970041], [89.8352544, 26.4120203], [89.8574771, 26.4119796], [89.8491551, 26.4227911], [89.8720349, 26.4513873], [89.8724405, 26.4644972], [89.8541398, 26.48817], [89.8561005, 26.5184281], [89.8658574, 26.5322813], [89.8644875, 26.5732433], [89.8826022, 26.5833931], [89.8737749, 26.5913356], [89.8784216, 26.6155338], [89.8582511, 26.623378], [89.8769343, 26.6485062], [89.8701289, 26.6578294], [89.8745784, 26.6836198], [89.863334, 26.7008473], [89.8123485, 26.7106296], [89.7713717, 26.7010043], [89.7548436, 26.7174875], [89.758678, 26.728829], [89.7528047, 26.735313], [89.7240839, 26.7222884], [89.700275, 26.7373435], [89.6899004, 26.7330678], [89.6717555, 26.7398096], [89.6578742, 26.7186529], [89.6351329, 26.7250073], [89.6240068, 26.7184846], [89.6174485, 26.7293069], [89.6435224, 26.7485412], [89.650579, 26.7762962], [89.6318233, 26.7830554], [89.6209155, 26.7775063], [89.6142178, 26.7858256], [89.565901, 26.7993534], [89.5601694, 26.8128602], [89.5122183, 26.8143194], [89.4946347, 26.8031702], [89.4695263, 26.802693], [89.4500673, 26.8179866], [89.4503502, 26.83081], [89.4394792, 26.8403352], [89.3897322, 26.8419619], [89.3789818, 26.8621783], [89.3268098, 26.8432296], [89.3184953, 26.85132], [89.2730771, 26.8273655], [89.2623953, 26.8137779], [89.2304308, 26.8183432], [89.1941528, 26.8109067], [89.1762954, 26.8191406], [89.1343873, 26.807787], [89.100694, 26.8425262], [89.106249, 26.8603525], [89.0926872, 26.872446], [89.0956988, 26.8916732], [89.0694465, 26.9036881], [89.0488585, 26.8991145], [89.050896, 26.91597], [89.0299865, 26.9231219], [89.0214867, 26.9406302], [88.9803462, 26.9171859], [88.9439238, 26.9341473], [88.9536058, 26.9473332], [88.9524753, 26.9684069], [88.9216838, 26.9939272], [88.8771322, 26.9443592], [88.8702801, 26.9957457], [88.8811719, 27.0619966], [88.8677077, 27.1124426], [88.8424791, 27.1111527], [88.8020333, 27.1394952], [88.7737405, 27.1352665], [88.7462357, 27.1441699], [88.728962, 27.1362688], [88.7178059, 27.1433104], [88.7101215, 27.166844], [88.6915322, 27.1783921], [88.6780102, 27.1783842], [88.6602595, 27.160552], [88.5928626, 27.1912186], [88.5429825, 27.1831839], [88.5207655, 27.1728896], [88.5313622, 27.1651403], [88.5323535, 27.1500605], [88.5192711, 27.1475152], [88.4977444, 27.1238159], [88.4762426, 27.1223023], [88.459577, 27.0905771], [88.4329466, 27.0792596], [88.3873714, 27.0949424], [88.3587489, 27.0960112], [88.3413905, 27.1101229], [88.3215408, 27.1047467], [88.3228507, 27.1176394], [88.3022935, 27.1292902], [88.2790061, 27.1318706], [88.2300233, 27.1189805], [88.2157014, 27.1316568], [88.1946268, 27.1348499], [88.1758674, 27.1298083], [88.1563493, 27.1100042], [88.1389078, 27.1139101], [88.0967058, 27.1328012], [88.0888496, 27.1432637], [88.0871021, 27.1642189], [88.0727233, 27.1872003], [88.0791661, 27.2010873], [88.0644985, 27.2144021], [88.0343715, 27.2210369]]]]}}, {"type": "Feature", "properties": {"state_name": "Sikkim", "stname": "SIKKIM", "state_lgd": 11, "id": 28}, "geometry": {"type": "Polygon", "coordinates": [[[88.6468411, 28.0981466], [88.6287379, 28.1244221], [88.609961, 28.1286913], [88.6193445, 28.0980762], [88.6052251, 28.0976025], [88.6025882, 28.0891702], [88.5840038, 28.0833122], [88.5662709, 28.0903269], [88.5525462, 28.0814161], [88.5508043, 28.0375717], [88.523514, 28.0349858], [88.4956189, 28.0539314], [88.4803649, 28.0425358], [88.4678165, 28.0171351], [88.4305933, 28.0080868], [88.3990656, 27.9780368], [88.3770143, 27.9898732], [88.3522659, 27.9899485], [88.3303971, 27.9731826], [88.3179192, 27.9787951], [88.3082063, 27.9671092], [88.2662361, 27.9572998], [88.2510846, 27.942351], [88.2371738, 27.9708479], [88.2250534, 27.9604237], [88.2079604, 27.9616598], [88.2064013, 27.9416684], [88.1854653, 27.9434851], [88.145214, 27.9640847], [88.1293912, 27.9493716], [88.1378626, 27.9371545], [88.1195809, 27.9160046], [88.1399027, 27.889148], [88.135014, 27.8816199], [88.1952179, 27.8545391], [88.2019009, 27.8424955], [88.1735912, 27.8205955], [88.1971719, 27.7911723], [88.182203, 27.7757735], [88.1782964, 27.7466313], [88.1561745, 27.7361103], [88.1477473, 27.7029914], [88.1541514, 27.6918], [88.144691, 27.6653546], [88.120212, 27.6452478], [88.1138521, 27.6103068], [88.0817311, 27.5839844], [88.0754844, 27.5715671], [88.0811362, 27.5651451], [88.0586529, 27.5348211], [88.0662649, 27.5273329], [88.0584047, 27.5199786], [88.0618688, 27.5121736], [88.0440843, 27.4958107], [88.0441397, 27.4781004], [88.0668608, 27.457873], [88.0678208, 27.4383437], [88.0750569, 27.4332227], [88.0510914, 27.4132138], [88.0415733, 27.3729311], [88.0668128, 27.3358805], [88.0415444, 27.3040784], [88.0446084, 27.2932483], [88.0320466, 27.2863902], [88.0307229, 27.2501636], [88.0123317, 27.2159284], [88.0430947, 27.2194721], [88.0644985, 27.2144021], [88.0791661, 27.2010873], [88.0727233, 27.1872003], [88.0967058, 27.1328012], [88.1517807, 27.1095764], [88.1758674, 27.1298083], [88.1946268, 27.1348499], [88.2157014, 27.1316568], [88.2300233, 27.1189805], [88.2790061, 27.1318706], [88.3022935, 27.1292902], [88.3228507, 27.1176394], [88.3215408, 27.1047467], [88.3413905, 27.1101229], [88.3587489, 27.0960112], [88.3873714, 27.0949424], [88.4329467, 27.0792596], [88.459577, 27.0905771], [88.4762426, 27.1223023], [88.4977444, 27.1238159], [88.5192711, 27.1475152], [88.5323535, 27.1500605], [88.5313622, 27.1651403], [88.5207655, 27.1728896], [88.5429825, 27.1831839], [88.5928626, 27.1912186], [88.6602595, 27.160552], [88.6880514, 27.1793323], [88.7159885, 27.1600311], [88.7178059, 27.1433104], [88.7386248, 27.1353996], [88.7600778, 27.1521849], [88.757191, 27.165387], [88.7646081, 27.1770175], [88.7867604, 27.181986], [88.8032681, 27.2199979], [88.8030961, 27.2478362], [88.8321349, 27.2623303], [88.8791088, 27.2611386], [88.9077375, 27.2770403], [88.9192024, 27.3279661], [88.8950543, 27.3321821], [88.8840152, 27.3425152], [88.8810939, 27.3604056], [88.8628073, 27.3698155], [88.8609505, 27.3865375], [88.8376707, 27.379156], [88.8233099, 27.3905824], [88.8061957, 27.406797], [88.809042, 27.423403], [88.7951562, 27.4288525], [88.7963393, 27.4473106], [88.7825484, 27.4496546], [88.7770104, 27.4688592], [88.7928153, 27.5288986], [88.7773314, 27.5325628], [88.7739305, 27.5537941], [88.7637471, 27.5650701], [88.7912947, 27.5751032], [88.7883671, 27.5849297], [88.8090265, 27.602534], [88.8116556, 27.6183853], [88.8049078, 27.6235075], [88.8152602, 27.6460929], [88.8279478, 27.6442593], [88.8483862, 27.6680079], [88.8419181, 27.6821971], [88.8476562, 27.6935555], [88.8379835, 27.7062873], [88.8563041, 27.7165484], [88.8651412, 27.742248], [88.8532786, 27.7644828], [88.8614543, 27.7969852], [88.8557816, 27.815083], [88.8826925, 27.8342685], [88.8876738, 27.8561799], [88.8778135, 27.8757616], [88.8826328, 27.8907724], [88.8718143, 27.8985162], [88.8604074, 27.9271545], [88.8369368, 27.9287804], [88.8438102, 27.9904242], [88.8362783, 28.0148145], [88.8135948, 28.0224366], [88.7928815, 28.0486399], [88.7562864, 28.0759732], [88.6720639, 28.072341], [88.6643385, 28.0874143], [88.6468411, 28.0981466]]]}}, {"type": "Feature", "properties": {"state_name": "Bihar", "stname": "BIHAR", "state_lgd": 10, "id": 5}, "geometry": {"type": "Polygon", "coordinates": [[[84.1092639, 27.5207667], [84.0976967, 27.5170927], [84.0948379, 27.4890191], [84.0694853, 27.4805828], [84.0611563, 27.4527133], [84.0515732, 27.4430943], [84.0274158, 27.4396757], [84.0269271, 27.4335408], [83.9966868, 27.4460504], [83.9460431, 27.4409007], [83.933476, 27.4504712], [83.8754931, 27.4353895], [83.8472592, 27.4456363], [83.8331125, 27.4250825], [83.8832502, 27.3742381], [83.862341, 27.3356847], [83.8365719, 27.3222151], [83.87144, 27.3072423], [83.9007589, 27.3256908], [83.9166323, 27.3265366], [83.9324704, 27.311389], [83.9298315, 27.2926857], [83.9050191, 27.2734865], [83.905072, 27.2576158], [83.9120981, 27.2457555], [83.9534137, 27.2362467], [83.9701839, 27.223992], [83.9674665, 27.2095091], [83.986956, 27.1975281], [83.9941836, 27.1751723], [83.9590642, 27.1368783], [83.9628045, 27.1276931], [83.9476749, 27.1124949], [83.9464712, 27.0908222], [83.9644039, 27.0841244], [84.0164444, 27.1054224], [84.0303374, 27.0976304], [84.0165979, 27.0717957], [84.0000627, 27.0685871], [84.0313185, 27.0456293], [84.0495031, 27.0432712], [84.0373089, 27.0090774], [84.0566992, 26.9896621], [84.04576, 26.9822387], [84.0548339, 26.9600626], [84.0321357, 26.9411849], [84.0465352, 26.9391632], [84.0432332, 26.9317932], [84.0599718, 26.9201891], [84.0523679, 26.9064133], [84.0602675, 26.8881032], [84.0981361, 26.8759375], [84.110415, 26.8985988], [84.1179545, 26.8877137], [84.1290012, 26.8932011], [84.1312755, 26.8844511], [84.1464082, 26.8854244], [84.1406083, 26.8526525], [84.1660956, 26.8337689], [84.1817425, 26.8334792], [84.190126, 26.8584724], [84.2194857, 26.8715995], [84.2540946, 26.8565944], [84.2609316, 26.8302186], [84.2503631, 26.8193307], [84.259984, 26.805027], [84.2499986, 26.7737292], [84.2325764, 26.7536669], [84.240669, 26.7387233], [84.2554202, 26.7266215], [84.2857944, 26.7499349], [84.3058652, 26.7494879], [84.3258581, 26.7141489], [84.3300556, 26.6840999], [84.4104108, 26.6702489], [84.4097817, 26.6467447], [84.4197087, 26.626815], [84.3787939, 26.6146996], [84.3072672, 26.6163228], [84.3001127, 26.6037822], [84.2858249, 26.6057983], [84.2813213, 26.5995998], [84.2011945, 26.6247706], [84.1602936, 26.6245052], [84.1586993, 26.6362024], [84.1119651, 26.6306363], [84.0864991, 26.639142], [84.089087, 26.6030231], [84.0606435, 26.5681987], [84.0481197, 26.5364036], [84.0083194, 26.5219412], [83.9926439, 26.5331666], [83.9761288, 26.5335126], [83.9708251, 26.5075095], [83.9490136, 26.5102044], [83.9527921, 26.5177632], [83.9403568, 26.5252424], [83.9080855, 26.5190771], [83.9067447, 26.5093809], [83.9151686, 26.5028437], [83.9078595, 26.4472919], [83.991301, 26.4323622], [83.997896, 26.4468112], [84.0168301, 26.4475542], [84.0338608, 26.4116543], [84.0631288, 26.4007194], [84.0791663, 26.3825073], [84.1219897, 26.3851212], [84.1764416, 26.3712785], [84.1725424, 26.3343527], [84.1859735, 26.3128994], [84.1745053, 26.2922732], [84.1766185, 26.2645381], [84.1611719, 26.2559189], [84.1662084, 26.2409459], [84.1511629, 26.2577902], [84.1216889, 26.2588678], [84.117444, 26.240115], [84.091044, 26.2337768], [84.0864117, 26.2187506], [84.0272638, 26.2396475], [84.0123127, 26.2323992], [84.0157946, 26.2223894], [84.0392436, 26.2090523], [84.0353809, 26.1986336], [84.010258, 26.1910986], [84.0093842, 26.1755895], [84.033454, 26.1606871], [84.0274393, 26.1424013], [84.0501171, 26.1300155], [84.0487298, 26.1090643], [84.0559022, 26.1002067], [84.0886723, 26.1002409], [84.1177737, 26.0799834], [84.1372929, 26.0522121], [84.1724577, 26.0246047], [84.1700272, 25.9876762], [84.1760384, 25.9965153], [84.1962837, 25.9878777], [84.2070782, 25.9998317], [84.2969145, 25.9451743], [84.3539534, 25.9587829], [84.4119012, 25.9307799], [84.4275559, 25.8912351], [84.4601513, 25.8895091], [84.472399, 25.8817116], [84.4894882, 25.8883199], [84.5107509, 25.8717584], [84.53398, 25.8763693], [84.5432209, 25.8599556], [84.5232194, 25.8602903], [84.5307553, 25.8535032], [84.5305267, 25.8316295], [84.5486134, 25.8285373], [84.5521121, 25.8401833], [84.6245746, 25.7921715], [84.6234683, 25.7707965], [84.6134638, 25.7757742], [84.6029563, 25.7619355], [84.6253473, 25.7475255], [84.6346501, 25.7279419], [84.6003219, 25.7383749], [84.5602829, 25.7368957], [84.5643494, 25.7168086], [84.55754, 25.6796837], [84.5351878, 25.6907697], [84.5394359, 25.72673], [84.5288683, 25.6824926], [84.5200488, 25.6749628], [84.5077452, 25.6818543], [84.4993385, 25.6746823], [84.4919593, 25.6764876], [84.4936072, 25.6908386], [84.4708005, 25.6872448], [84.4535093, 25.714326], [84.4296487, 25.7116153], [84.4276779, 25.693617], [84.4067379, 25.6984208], [84.4000394, 25.7293697], [84.3843938, 25.7327747], [84.3917005, 25.745163], [84.3778265, 25.7392786], [84.3737353, 25.7442884], [84.3752203, 25.7353295], [84.3363449, 25.7442337], [84.3284212, 25.7319281], [84.3243459, 25.6710333], [84.2876112, 25.6775467], [84.3002595, 25.6653948], [84.2768621, 25.6604119], [84.2060114, 25.6694641], [84.1988948, 25.7020768], [84.1546198, 25.7292477], [84.1417371, 25.7160903], [84.1298844, 25.7177882], [84.1416432, 25.721741], [84.1399006, 25.731657], [84.1050619, 25.721217], [84.0751581, 25.6952716], [84.0851152, 25.6525783], [84.081276, 25.636308], [84.0174118, 25.6146904], [83.9245901, 25.5543147], [83.902089, 25.5240263], [83.8762127, 25.518062], [83.8778137, 25.4992536], [83.8567467, 25.4685698], [83.8327805, 25.4576106], [83.8248872, 25.4657956], [83.8165558, 25.4627595], [83.8128096, 25.4481974], [83.8419211, 25.4469205], [83.8463534, 25.4343514], [83.8015611, 25.4298312], [83.8143941, 25.4212072], [83.8078354, 25.4090992], [83.7896505, 25.3967723], [83.7727844, 25.3981607], [83.7689735, 25.3863551], [83.7549859, 25.3922526], [83.7662674, 25.4009499], [83.7450666, 25.4004592], [83.7405941, 25.4106317], [83.710123, 25.3860447], [83.7016827, 25.3961596], [83.6965467, 25.3824727], [83.6820568, 25.3786244], [83.6937074, 25.3696285], [83.6766601, 25.364341], [83.6639157, 25.3728259], [83.664394, 25.361912], [83.6559458, 25.3683639], [83.6488013, 25.3392708], [83.6337077, 25.3432128], [83.6284425, 25.3285214], [83.5962811, 25.3276655], [83.5737237, 25.3061251], [83.5720566, 25.3146641], [83.5399078, 25.3157864], [83.5372903, 25.3097683], [83.5472284, 25.3140618], [83.5540943, 25.308491], [83.5340124, 25.2973494], [83.5234574, 25.3025557], [83.5269359, 25.2929803], [83.5054599, 25.2810395], [83.5022762, 25.2874733], [83.4913753, 25.2799102], [83.4903767, 25.2894798], [83.4679231, 25.2523442], [83.4500907, 25.2610384], [83.4389608, 25.2578345], [83.4362292, 25.2442391], [83.4272058, 25.2536685], [83.4267213, 25.2463928], [83.4099122, 25.2466063], [83.4136103, 25.2354927], [83.4062617, 25.2377336], [83.4020402, 25.209064], [83.3976065, 25.2163094], [83.3931235, 25.2043446], [83.3862237, 25.2121543], [83.3819356, 25.2017508], [83.3663032, 25.1953557], [83.3572494, 25.1996614], [83.3497851, 25.1848876], [83.3563732, 25.1776347], [83.3513015, 25.1570113], [83.3634123, 25.1534734], [83.3673696, 25.1252269], [83.3632846, 25.1111801], [83.3500876, 25.1132781], [83.335937, 25.0614584], [83.3433524, 25.0508795], [83.3243446, 25.0373341], [83.3202159, 25.0172614], [83.3498105, 25.0092486], [83.3431066, 24.9630721], [83.3614528, 24.9537223], [83.3636745, 24.9130083], [83.3545786, 24.9054693], [83.3658784, 24.8930169], [83.358273, 24.8881323], [83.3694618, 24.8798728], [83.3574341, 24.8709074], [83.3767402, 24.860143], [83.396594, 24.8323453], [83.4018528, 24.8139008], [83.3937407, 24.8047615], [83.3996387, 24.7966628], [83.3930502, 24.7827339], [83.427832, 24.7682948], [83.4580972, 24.7313459], [83.4893396, 24.7363285], [83.4851299, 24.7016721], [83.4986398, 24.7033283], [83.4988559, 24.6948603], [83.5203798, 24.677502], [83.5039893, 24.666295], [83.5004921, 24.6512516], [83.5298071, 24.6430261], [83.5246928, 24.6278242], [83.5479792, 24.6232788], [83.5235276, 24.6031318], [83.5300965, 24.567322], [83.5222794, 24.5476627], [83.4971217, 24.5390957], [83.5032904, 24.5254294], [83.5970041, 24.5124631], [83.6881643, 24.5136759], [83.7205663, 24.5034526], [83.8001832, 24.5295318], [83.8617562, 24.5367259], [83.8731464, 24.5317504], [83.9361324, 24.5491159], [83.9754158, 24.5914125], [83.994007, 24.6316977], [84.0077915, 24.6428916], [84.0273071, 24.633494], [84.0243875, 24.6285988], [84.0334432, 24.6300266], [84.0330848, 24.6203754], [84.0520228, 24.6099224], [84.0468963, 24.6041825], [84.0572068, 24.5924782], [84.0509503, 24.5866386], [84.0617566, 24.586463], [84.060608, 24.5736472], [84.072867, 24.5672059], [84.0780695, 24.5404169], [84.0932161, 24.5336452], [84.0856258, 24.5051822], [84.1108091, 24.4767352], [84.1247379, 24.4807399], [84.1276088, 24.4952391], [84.1405339, 24.5005333], [84.134305, 24.5243223], [84.1442791, 24.5382517], [84.1634884, 24.5334045], [84.1524558, 24.5151746], [84.1697494, 24.5033302], [84.1849469, 24.5195936], [84.173184, 24.5447004], [84.1843173, 24.5447912], [84.1872329, 24.5529289], [84.199927, 24.5539975], [84.2150633, 24.5327191], [84.2208763, 24.5460906], [84.2363998, 24.549321], [84.2362672, 24.5389162], [84.2423491, 24.541453], [84.2567927, 24.5268846], [84.2798641, 24.5478732], [84.2705317, 24.5600142], [84.2968378, 24.5605764], [84.3124133, 24.5234647], [84.3224718, 24.5166975], [84.3275283, 24.4923554], [84.2960978, 24.4734779], [84.2973752, 24.4493914], [84.321791, 24.4463685], [84.3356028, 24.4314897], [84.3355654, 24.4248991], [84.3244515, 24.4274689], [84.3205346, 24.421071], [84.3345265, 24.420642], [84.3303493, 24.4105924], [84.3445545, 24.399446], [84.3416231, 24.3935455], [84.3731896, 24.3836224], [84.3882417, 24.3892919], [84.3938731, 24.3733924], [84.4065736, 24.3748935], [84.400357, 24.364625], [84.4311136, 24.3565229], [84.4244017, 24.3298375], [84.459607, 24.3370943], [84.4663919, 24.3173093], [84.4844914, 24.3126704], [84.5052855, 24.3313314], [84.5076215, 24.3248097], [84.4886068, 24.3151953], [84.4843542, 24.3019674], [84.4968184, 24.2995834], [84.4891597, 24.2945199], [84.4959043, 24.2860687], [84.5070124, 24.2978887], [84.5099707, 24.3160512], [84.5314409, 24.3382077], [84.5245242, 24.3500482], [84.5351231, 24.3631502], [84.5278205, 24.3757353], [84.5537935, 24.3728564], [84.572359, 24.38262], [84.5741004, 24.3891604], [84.5620953, 24.3966266], [84.5681915, 24.4094399], [84.5843838, 24.4126727], [84.5868277, 24.4005803], [84.6462606, 24.4031102], [84.6650665, 24.3908777], [84.6744783, 24.4109478], [84.6705012, 24.4281164], [84.685318, 24.4551246], [84.7102048, 24.4712404], [84.7290127, 24.4701546], [84.7555808, 24.4999639], [84.7860903, 24.5038276], [84.8018911, 24.5307444], [84.8082561, 24.5220398], [84.8255585, 24.5254274], [84.8389388, 24.5126113], [84.832924, 24.4702142], [84.8406135, 24.4688935], [84.8400953, 24.4521913], [84.854014, 24.4667066], [84.8639921, 24.4572733], [84.874802, 24.4672137], [84.8872773, 24.4632833], [84.8822813, 24.4247674], [84.9042166, 24.3954054], [84.9038295, 24.3722475], [84.9374833, 24.3799205], [84.9547919, 24.371331], [84.9748867, 24.3747138], [84.9983022, 24.3975621], [85.0311674, 24.4145728], [85.0611109, 24.4058626], [85.0810217, 24.4330357], [85.0831283, 24.3997131], [85.073239, 24.3782272], [85.0890463, 24.3724989], [85.103431, 24.377079], [85.1026904, 24.3848748], [85.1230555, 24.401976], [85.1739045, 24.4206203], [85.1639231, 24.4438936], [85.1544319, 24.4481661], [85.1607521, 24.4603393], [85.2259832, 24.4633569], [85.2491092, 24.490728], [85.2823533, 24.491818], [85.2813744, 24.5202172], [85.2880866, 24.5232607], [85.3222024, 24.5199903], [85.3919337, 24.5303452], [85.397211, 24.5448648], [85.3707762, 24.5553498], [85.3843534, 24.5554933], [85.4346272, 24.528524], [85.4916612, 24.5480997], [85.5088279, 24.5376574], [85.5073021, 24.5253052], [85.5239628, 24.5212707], [85.5407765, 24.5305103], [85.5407409, 24.5627191], [85.5602269, 24.5527365], [85.5717711, 24.5618199], [85.5659984, 24.5872542], [85.5807675, 24.600681], [85.6019881, 24.5955578], [85.6147268, 24.5807441], [85.6673829, 24.5788924], [85.6775263, 24.5906708], [85.6761985, 24.6166248], [85.6625628, 24.6496369], [85.666769, 24.6608739], [85.6492139, 24.684766], [85.6820005, 24.6919193], [85.7082581, 24.7259092], [85.7073595, 24.7797594], [85.72235, 24.7856951], [85.7367305, 24.8210605], [85.7621558, 24.8127716], [85.7782807, 24.7966277], [85.8095684, 24.7940176], [85.8273195, 24.8082702], [85.8672336, 24.8042467], [85.8894163, 24.7923611], [85.8865821, 24.7840649], [85.9139194, 24.7499856], [85.9443967, 24.7335702], [85.9690451, 24.7331253], [85.980077, 24.7488177], [86.0551048, 24.7796926], [86.0568999, 24.761069], [86.0351, 24.7463614], [86.0370908, 24.7411265], [86.0663092, 24.7516462], [86.0907309, 24.7459979], [86.1074131, 24.7347993], [86.1283552, 24.6986474], [86.1319034, 24.6758935], [86.1154594, 24.6436866], [86.1253172, 24.6114841], [86.1507246, 24.6025541], [86.1615037, 24.586246], [86.1804791, 24.5836789], [86.2144508, 24.5949284], [86.214299, 24.6137908], [86.2592145, 24.5786718], [86.2643384, 24.5842505], [86.2746712, 24.5771301], [86.2694571, 24.5847688], [86.2745501, 24.5865778], [86.3232051, 24.5867921], [86.3008404, 24.5601166], [86.3080406, 24.5488052], [86.2974667, 24.5335121], [86.3089787, 24.5097634], [86.2760109, 24.465799], [86.29847, 24.459586], [86.2949417, 24.4509204], [86.3173772, 24.441519], [86.3499005, 24.4473872], [86.3581626, 24.4292552], [86.3967538, 24.4037408], [86.4121344, 24.3809666], [86.4325519, 24.3801429], [86.4448998, 24.3678298], [86.4671266, 24.3810736], [86.4719266, 24.3933479], [86.4664965, 24.4238619], [86.4912793, 24.4280812], [86.4953228, 24.4562593], [86.4867314, 24.4641398], [86.509566, 24.522192], [86.5293577, 24.5402847], [86.5523216, 24.535973], [86.5637865, 24.5525492], [86.5591769, 24.562266], [86.580285, 24.566526], [86.6032934, 24.6083805], [86.6145854, 24.608305], [86.610419, 24.5987006], [86.624386, 24.5993784], [86.6241738, 24.5885674], [86.6702395, 24.5648783], [86.7230764, 24.5839899], [86.734688, 24.5794904], [86.7498362, 24.5950721], [86.7539925, 24.6212973], [86.7890094, 24.6186942], [86.8112374, 24.5982724], [86.8031495, 24.570325], [86.8426459, 24.5742253], [86.8430005, 24.5580967], [86.85684, 24.554885], [86.8636152, 24.5665996], [86.8805058, 24.5721928], [86.886872, 24.5588354], [86.8950603, 24.5608163], [86.9145796, 24.5422055], [86.917611, 24.5608566], [86.9073223, 24.58816], [86.9276124, 24.6245147], [86.9449365, 24.6358288], [86.9375906, 24.6501675], [86.9581993, 24.6475945], [86.952786, 24.6314734], [86.9775832, 24.6395657], [86.9960993, 24.6201057], [87.0107571, 24.6311881], [87.0212673, 24.6294623], [87.0230464, 24.6157049], [87.0381103, 24.6172311], [87.0506376, 24.6087831], [87.046151, 24.6298657], [87.0540695, 24.6693399], [87.0803341, 24.7262214], [87.0696358, 24.74556], [87.0843126, 24.7561257], [87.0787139, 24.7775335], [87.0957404, 24.8027164], [87.0733069, 24.808601], [87.0743359, 24.8198544], [87.0912045, 24.8254654], [87.1061221, 24.8550565], [87.1425886, 24.8605997], [87.155547, 24.8850176], [87.1423586, 24.9137232], [87.1517418, 24.931565], [87.1436352, 24.9441416], [87.1512635, 24.9872518], [87.1462275, 25.0200068], [87.1777321, 25.0629789], [87.2127275, 25.0819452], [87.2142877, 25.0912299], [87.2374006, 25.0858413], [87.2503396, 25.1057348], [87.2954021, 25.088537], [87.3049657, 25.142918], [87.3189903, 25.1647705], [87.3154019, 25.1801291], [87.3272895, 25.223618], [87.3715163, 25.2062482], [87.3831468, 25.2243477], [87.4009809, 25.2269049], [87.4118345, 25.2150678], [87.4777981, 25.1943075], [87.4764045, 25.2378496], [87.490575, 25.2612665], [87.5004886, 25.2597922], [87.4861008, 25.2972659], [87.4937072, 25.3075104], [87.5016228, 25.2923271], [87.5168341, 25.2933456], [87.5323591, 25.2802847], [87.5427192, 25.2809409], [87.5516934, 25.3324997], [87.5709727, 25.3332709], [87.5838901, 25.3491809], [87.5918544, 25.3418845], [87.5840998, 25.3314381], [87.6119682, 25.3126577], [87.61743, 25.3181015], [87.6269941, 25.3116337], [87.6304356, 25.3196949], [87.6550139, 25.3075684], [87.6919861, 25.3115383], [87.6847813, 25.3068688], [87.698618, 25.3039558], [87.6930911, 25.2851096], [87.7115218, 25.2745924], [87.711341, 25.2576439], [87.7671801, 25.2609766], [87.8273034, 25.2352886], [87.8552684, 25.2552696], [87.8614296, 25.2814222], [87.855435, 25.2968851], [87.7959601, 25.3262029], [87.7881788, 25.3390621], [87.792312, 25.373548], [87.779291, 25.3730751], [87.765876, 25.3852703], [87.7725326, 25.4042183], [87.7645132, 25.4137766], [87.7751923, 25.4089097], [87.7699292, 25.4262108], [87.781331, 25.4325421], [87.7872515, 25.450378], [87.8116695, 25.4355465], [87.824781, 25.4379483], [87.8301257, 25.460847], [87.8396364, 25.4613688], [87.8393461, 25.4678411], [87.869307, 25.4689965], [87.8678087, 25.4938522], [87.8863742, 25.5080795], [87.8843707, 25.5205728], [87.9027617, 25.5053242], [87.9169604, 25.5329524], [87.9277224, 25.5371961], [87.9633339, 25.5395352], [87.9765499, 25.5247002], [87.9937986, 25.5224126], [87.9850226, 25.5153287], [87.9941515, 25.5119908], [87.9957753, 25.4995445], [88.0069805, 25.4970516], [88.0067182, 25.5101365], [88.0135213, 25.5112115], [88.0103821, 25.5015955], [88.0246556, 25.5016467], [88.0302773, 25.491538], [88.0733801, 25.4843119], [88.0765349, 25.5080962], [88.0665468, 25.5103942], [88.0711294, 25.517446], [88.0578394, 25.5340409], [88.0372757, 25.5383222], [88.0383347, 25.5529915], [88.0258214, 25.5588553], [88.0385117, 25.5693978], [88.0255367, 25.5720704], [88.0288137, 25.5810994], [88.0202649, 25.5911494], [88.0296853, 25.5926137], [88.0242124, 25.6020385], [88.0398226, 25.6010602], [88.0300783, 25.6053012], [88.0432319, 25.6086491], [88.0350767, 25.6239447], [88.0552608, 25.637821], [88.0368009, 25.6416427], [88.0481653, 25.6462213], [88.0486501, 25.6970871], [88.0324954, 25.7033601], [88.0308436, 25.6944994], [88.0206456, 25.6958644], [88.0210668, 25.709689], [87.9988548, 25.7219036], [87.9657011, 25.7256205], [87.9613655, 25.738662], [87.9462609, 25.7462389], [87.9379726, 25.7739322], [87.9041711, 25.7711307], [87.9016355, 25.8022503], [87.9079679, 25.8034226], [87.8994578, 25.807486], [87.9158848, 25.8163962], [87.8991121, 25.824614], [87.9025392, 25.8305168], [87.888037, 25.830663], [87.9028542, 25.8339468], [87.8967307, 25.8379374], [87.9042063, 25.8364514], [87.9146902, 25.8539469], [87.892111, 25.8657442], [87.8827124, 25.8593631], [87.8743719, 25.8682183], [87.8298278, 25.870648], [87.8223396, 25.8819465], [87.8225803, 25.9121264], [87.8080282, 25.912161], [87.8129958, 25.9176423], [87.8073742, 25.9298524], [87.8195857, 25.9339422], [87.8331034, 25.9279107], [87.8384338, 25.9314931], [87.8336969, 25.9458483], [87.8366773, 25.9601198], [87.8465716, 25.9633446], [87.8451255, 25.994123], [87.8559251, 26.0359763], [87.8892376, 26.0485958], [87.892402, 26.0611556], [87.9280484, 26.0830673], [87.9349155, 26.0636809], [87.9455021, 26.0607608], [87.9545195, 26.065671], [87.9485506, 26.0696005], [87.9529125, 26.0764672], [87.9856216, 26.0776602], [87.9636055, 26.0946263], [87.9868033, 26.1014072], [87.9837574, 26.1157114], [87.9692715, 26.1176215], [87.981397, 26.1260571], [87.9749022, 26.1433738], [87.985882, 26.14268], [87.9920707, 26.1509604], [87.9998794, 26.1383958], [88.0141541, 26.1493066], [88.0099815, 26.1615382], [88.0196751, 26.1598217], [88.037234, 26.1787072], [88.0590714, 26.1705008], [88.0718483, 26.1742024], [88.1144164, 26.2237246], [88.1398154, 26.227195], [88.1367394, 26.2412216], [88.1443979, 26.2522412], [88.1741941, 26.2557894], [88.1831769, 26.2736756], [88.2106318, 26.2777914], [88.2269325, 26.2909001], [88.2294331, 26.3103673], [88.2356956, 26.3033269], [88.2455361, 26.3145383], [88.2472527, 26.3281209], [88.2683811, 26.3379851], [88.2746931, 26.328571], [88.2789086, 26.3493939], [88.2935328, 26.350818], [88.290188, 26.3599695], [88.279806, 26.3596835], [88.276265, 26.3794379], [88.2575587, 26.3812799], [88.2465691, 26.3741804], [88.232215, 26.3795982], [88.2279377, 26.3927474], [88.2524168, 26.4160517], [88.2695789, 26.4204452], [88.250858, 26.4331462], [88.2438241, 26.4538397], [88.2251534, 26.4536643], [88.2098231, 26.4692253], [88.2211673, 26.4715288], [88.2243602, 26.4819468], [88.212456, 26.4832452], [88.2107336, 26.4730923], [88.1798866, 26.4876431], [88.1797016, 26.4995842], [88.1912842, 26.5115285], [88.2296833, 26.5350447], [88.2254876, 26.5567452], [88.2109533, 26.56092], [88.2082157, 26.5500592], [88.2162381, 26.5486916], [88.2052458, 26.5434948], [88.2116103, 26.539944], [88.1793929, 26.5482542], [88.1762312, 26.5353713], [88.1678061, 26.5403898], [88.1327971, 26.5164395], [88.1169693, 26.5327307], [88.0980744, 26.5379483], [88.1030031, 26.5182529], [88.0902413, 26.5072525], [88.0985706, 26.5059136], [88.1054774, 26.4893027], [88.1002053, 26.4802515], [88.1069781, 26.4757425], [88.097807, 26.472499], [88.1029252, 26.4655713], [88.0920843, 26.4633075], [88.0959787, 26.4399876], [88.0712964, 26.4081404], [88.0599216, 26.4095802], [88.0348261, 26.3912591], [88.0272433, 26.3816125], [88.0305043, 26.3649222], [87.9962914, 26.3656382], [87.9919196, 26.3925629], [87.9659801, 26.397194], [87.926942, 26.4178012], [87.9258267, 26.4280634], [87.9159901, 26.4318329], [87.9251427, 26.4448387], [87.8987394, 26.4487096], [87.9098083, 26.4575632], [87.8882937, 26.4867598], [87.8859802, 26.4764134], [87.8584327, 26.4639024], [87.8613664, 26.4488617], [87.8488284, 26.4364635], [87.8283275, 26.4400037], [87.8297318, 26.4500199], [87.7895146, 26.4694313], [87.7740148, 26.4503573], [87.7779081, 26.4356636], [87.7704671, 26.4275191], [87.7761705, 26.4218299], [87.7647599, 26.4098821], [87.7393169, 26.4175931], [87.73394, 26.4076106], [87.7110735, 26.4274763], [87.6775579, 26.4354561], [87.6781279, 26.4158347], [87.6502026, 26.4059573], [87.6518774, 26.3934249], [87.6173504, 26.3899592], [87.6104045, 26.3807775], [87.5924139, 26.3816459], [87.5929919, 26.3922072], [87.5530137, 26.4056631], [87.5477042, 26.4183749], [87.4637717, 26.4395092], [87.3688929, 26.4079377], [87.3563884, 26.387927], [87.3584055, 26.361054], [87.3410925, 26.3475192], [87.3125337, 26.3715687], [87.3015927, 26.3661205], [87.2660152, 26.373875], [87.2610518, 26.4092699], [87.2288245, 26.4135865], [87.2190999, 26.4031733], [87.2124224, 26.4130468], [87.1857944, 26.4142093], [87.1892016, 26.4053375], [87.1625615, 26.4038953], [87.0919739, 26.4500541], [87.0728198, 26.541955], [87.0718225, 26.5858139], [87.044674, 26.5872341], [87.0425494, 26.5683334], [87.0153597, 26.5320438], [86.9321591, 26.516954], [86.9299945, 26.4896841], [86.8930874, 26.4877752], [86.8942302, 26.461927], [86.8733718, 26.4540497], [86.8614139, 26.4579462], [86.8559168, 26.4486483], [86.8458606, 26.4483035], [86.8468886, 26.4419491], [86.8337694, 26.4390982], [86.7664965, 26.4594408], [86.74397, 26.4356111], [86.7472215, 26.4281775], [86.731398, 26.4226163], [86.7202676, 26.4348568], [86.7003109, 26.4372398], [86.6932253, 26.4511982], [86.6334498, 26.4643179], [86.6210891, 26.4841515], [86.5703439, 26.4965385], [86.5415494, 26.5387226], [86.498634, 26.5420962], [86.455938, 26.5679709], [86.3952193, 26.5850624], [86.3971037, 26.5933216], [86.341497, 26.6059371], [86.3448365, 26.6169132], [86.3328903, 26.6191374], [86.2930444, 26.6131061], [86.2526876, 26.6171081], [86.2343645, 26.5906953], [86.2176769, 26.5884798], [86.1962997, 26.5939433], [86.1922405, 26.6148413], [86.1714449, 26.6170435], [86.1363301, 26.6063358], [86.1387641, 26.6288488], [86.1195764, 26.6300617], [86.0698018, 26.65734], [86.0275803, 26.6667872], [86.0116164, 26.6551713], [85.9758122, 26.6584514], [85.9601221, 26.6510108], [85.9481794, 26.613962], [85.9291035, 26.616815], [85.8919922, 26.5947118], [85.8874822, 26.5829729], [85.8492091, 26.5689984], [85.8580846, 26.589883], [85.8512599, 26.6086773], [85.8311953, 26.6115413], [85.830619, 26.6016228], [85.8177394, 26.6027997], [85.8017682, 26.6242704], [85.7698236, 26.6298698], [85.7341798, 26.6507605], [85.7367098, 26.6641641], [85.7236287, 26.674249], [85.7233191, 26.6998227], [85.7339806, 26.7371331], [85.7287231, 26.7498425], [85.734479, 26.7958725], [85.7211306, 26.8203576], [85.681033, 26.8432175], [85.642423, 26.8532691], [85.6345542, 26.8722117], [85.6239042, 26.873781], [85.5856648, 26.8473588], [85.5755575, 26.8609925], [85.5659833, 26.8411022], [85.5578252, 26.8443081], [85.5536479, 26.8345182], [85.5432883, 26.838382], [85.5197127, 26.8145536], [85.4976982, 26.811901], [85.4956432, 26.7970332], [85.4791834, 26.802147], [85.4776522, 26.7927132], [85.4545623, 26.7817842], [85.407738, 26.7913459], [85.3754976, 26.7612688], [85.355387, 26.7601343], [85.3345109, 26.7416679], [85.2399944, 26.7619583], [85.2110316, 26.7584279], [85.1972605, 26.76967], [85.1929248, 26.7903995], [85.1805801, 26.7955841], [85.1767359, 26.8096225], [85.1912132, 26.8308159], [85.1908423, 26.8698244], [85.1053849, 26.8716961], [85.0864643, 26.8668061], [85.0838804, 26.8535326], [85.0782164, 26.8586577], [85.0641252, 26.8495348], [85.0633139, 26.8581814], [85.0575079, 26.8490504], [85.0239702, 26.8543773], [85.0308086, 26.8585273], [85.0308582, 26.8743639], [85.0426669, 26.8741318], [85.0533896, 26.8805875], [85.0493258, 26.8845631], [85.0561896, 26.8810615], [85.0603839, 26.8845525], [85.0611973, 26.8865852], [85.0049565, 26.8947375], [84.9928355, 26.9030028], [85.0022685, 26.9037273], [85.0000629, 26.9118773], [84.9680638, 26.9161446], [84.9785082, 26.940086], [84.9625798, 26.9605265], [84.8915757, 26.9696751], [84.8880145, 26.9776214], [84.8557088, 26.9863872], [84.8577751, 26.9976249], [84.8496196, 26.997703], [84.8550473, 27.0076875], [84.8254016, 27.0209132], [84.8085355, 27.0180636], [84.8080598, 27.0076214], [84.7935605, 26.9958382], [84.7862, 26.9985052], [84.7889932, 27.0089123], [84.7734209, 27.0177361], [84.7567402, 27.002846], [84.6433942, 27.0461445], [84.6461599, 27.0756471], [84.6744904, 27.0959057], [84.6697692, 27.1095547], [84.6867773, 27.1583668], [84.6756507, 27.1712375], [84.6857173, 27.1810492], [84.6802608, 27.2001398], [84.6911444, 27.214822], [84.6218932, 27.3369273], [84.4763568, 27.3623158], [84.4701385, 27.3547831], [84.4404426, 27.3704803], [84.3918849, 27.3679882], [84.3736059, 27.3766005], [84.333107, 27.3772654], [84.3004942, 27.3906564], [84.2923825, 27.3848116], [84.2767152, 27.3964468], [84.278339, 27.4158076], [84.254261, 27.4540498], [84.2308339, 27.4562848], [84.220713, 27.4411754], [84.2089274, 27.4426001], [84.205425, 27.4704271], [84.1868969, 27.4700927], [84.1491296, 27.4859083], [84.1513726, 27.516673], [84.1241881, 27.5108424], [84.1092639, 27.5207667]]]}}, {"type": "Feature", "properties": {"state_name": "Nagaland", "stname": "NAGALAND", "state_lgd": 13, "id": 23}, "geometry": {"type": "Polygon", "coordinates": [[[95.2060155, 26.951119], [95.2118429, 26.9648379], [95.2067718, 26.9771278], [95.1920433, 26.9845342], [95.1925209, 27.0352068], [95.1494906, 26.998786], [95.1119578, 26.9806607], [95.1018126, 26.9617878], [95.0341256, 26.9355968], [95.0167641, 26.9210629], [94.9912894, 26.9208117], [94.9826182, 26.9129982], [94.9612383, 26.9371238], [94.9308509, 26.932559], [94.9234912, 26.9463658], [94.8735873, 26.9175162], [94.8501233, 26.8745856], [94.8174939, 26.8475138], [94.81446, 26.8195431], [94.7952504, 26.8144208], [94.8027172, 26.8013154], [94.7702173, 26.7890388], [94.7583287, 26.7660057], [94.7401846, 26.7759833], [94.7368946, 26.7637204], [94.6923452, 26.7319306], [94.6203017, 26.7121224], [94.6096358, 26.7369372], [94.5970715, 26.7345527], [94.5910941, 26.7205976], [94.6015318, 26.7191105], [94.6033372, 26.7123507], [94.5933669, 26.7149707], [94.5938792, 26.6971951], [94.5773229, 26.700661], [94.566494, 26.6835581], [94.559389, 26.6864342], [94.5623529, 26.7050686], [94.5392642, 26.7061849], [94.5206996, 26.6992139], [94.5175805, 26.6819323], [94.5082483, 26.6853049], [94.4926744, 26.6658894], [94.4602839, 26.6616301], [94.4531456, 26.65255], [94.4654949, 26.633061], [94.4512757, 26.6362911], [94.4356015, 26.6220387], [94.4029218, 26.610568], [94.4018835, 26.5935639], [94.4133831, 26.5771887], [94.4019997, 26.5546678], [94.4061566, 26.5440301], [94.396598, 26.5427097], [94.400876, 26.5341526], [94.3761413, 26.5217808], [94.3721736, 26.5060444], [94.3477918, 26.5044579], [94.3529612, 26.4992821], [94.3466471, 26.4920731], [94.3501064, 26.4924278], [94.3528476, 26.4900588], [94.3394428, 26.4804964], [94.3255228, 26.4819495], [94.3166223, 26.4583237], [94.2999178, 26.4636502], [94.2897476, 26.4797149], [94.2809622, 26.5350636], [94.2847851, 26.5610691], [94.2563368, 26.5412234], [94.2366223, 26.5061365], [94.207507, 26.4864676], [94.2026636, 26.4690636], [94.1852276, 26.4584349], [94.1717338, 26.429785], [94.1775813, 26.3820121], [94.1601551, 26.3542937], [94.1620319, 26.3471566], [94.1775939, 26.3464217], [94.1745559, 26.3404605], [94.1159302, 26.3296894], [94.1216822, 26.3177601], [94.1050542, 26.3199486], [94.0840959, 26.2833418], [94.0747261, 26.2835956], [94.0746234, 26.2643798], [94.047687, 26.2493647], [94.0320329, 26.1975367], [94.0010785, 26.1722674], [94.0036617, 26.1601069], [93.9945219, 26.14831], [94.0035981, 26.1442297], [94.0021732, 26.1344306], [93.9872397, 26.1310805], [93.9978217, 26.1287701], [93.9867582, 26.1139039], [93.997931, 26.1095572], [93.9815345, 26.081242], [93.9873878, 26.0667864], [93.96247, 26.0365386], [93.9530008, 26.0029659], [93.9591475, 25.9943332], [93.9541516, 25.9692607], [93.9687064, 25.9572559], [93.9786954, 25.9167293], [93.9610719, 25.9012334], [93.9379655, 25.8963079], [93.933978, 25.8852475], [93.9159958, 25.8837013], [93.8818018, 25.8433494], [93.8522574, 25.8582282], [93.8397025, 25.85661], [93.8211496, 25.8387408], [93.8163895, 25.8226129], [93.7954743, 25.8089278], [93.7775358, 25.8498119], [93.789843, 25.8678095], [93.7841583, 25.8843427], [93.795369, 25.8923828], [93.795674, 25.9065094], [93.7771894, 25.9682392], [93.7654497, 25.9697517], [93.7679581, 25.9510148], [93.7451172, 25.9423367], [93.7513133, 25.9328088], [93.6815292, 25.9043864], [93.7020768, 25.851543], [93.7143219, 25.8445133], [93.6882971, 25.8459487], [93.6682925, 25.8218281], [93.6461362, 25.8223796], [93.6328856, 25.8027567], [93.6246988, 25.8025629], [93.6267527, 25.7896097], [93.6174209, 25.7759883], [93.6050389, 25.774904], [93.602653, 25.7650781], [93.5859203, 25.7661488], [93.5777505, 25.754493], [93.5679353, 25.7584342], [93.5732203, 25.7541169], [93.5663273, 25.7547507], [93.5615119, 25.7377689], [93.5424509, 25.7309398], [93.5395518, 25.7225613], [93.548024, 25.7117205], [93.5411677, 25.6988445], [93.5274747, 25.6911859], [93.5224929, 25.6975735], [93.5126516, 25.6845858], [93.5183494, 25.6794267], [93.4965526, 25.6545336], [93.4573121, 25.6411366], [93.4608958, 25.6323108], [93.4443711, 25.6396118], [93.4336553, 25.6294313], [93.4273785, 25.6325344], [93.4216125, 25.6182424], [93.4137279, 25.6209934], [93.4015238, 25.6110937], [93.3987779, 25.5960328], [93.3855977, 25.5927713], [93.3587161, 25.5546322], [93.3432754, 25.5600368], [93.3266867, 25.5459233], [93.3353126, 25.5342179], [93.3501228, 25.5322487], [93.3673373, 25.4994561], [93.3855136, 25.4903911], [93.3903434, 25.4603848], [93.4155496, 25.4449843], [93.4363949, 25.4481816], [93.4581931, 25.4309841], [93.4596584, 25.403233], [93.4736125, 25.3792799], [93.4485134, 25.3402521], [93.4565116, 25.3353823], [93.4534331, 25.321464], [93.4705556, 25.3050505], [93.4731409, 25.2756303], [93.5071439, 25.2721338], [93.501467, 25.2406549], [93.5509775, 25.2469571], [93.5864651, 25.2162912], [93.5891807, 25.2002482], [93.6087158, 25.2024853], [93.6691247, 25.3077195], [93.668286, 25.3249246], [93.6833097, 25.3274004], [93.6889949, 25.3577835], [93.7142401, 25.3577373], [93.7193045, 25.3717095], [93.7359843, 25.3805208], [93.7428787, 25.4018111], [93.777261, 25.4207562], [93.8052089, 25.4615894], [93.810114, 25.4807287], [93.8003052, 25.4950544], [93.784747, 25.5025489], [93.7621021, 25.4960015], [93.7669891, 25.536388], [93.8160162, 25.5404025], [93.8327954, 25.5590539], [93.8584987, 25.5534585], [93.8964521, 25.5645798], [93.9613512, 25.5522949], [93.9765984, 25.5669369], [94.0065037, 25.5669348], [94.00378, 25.586584], [94.0108563, 25.5917657], [94.0501655, 25.5723011], [94.0654148, 25.5544768], [94.0819238, 25.5551863], [94.0921275, 25.5371471], [94.0880491, 25.5281536], [94.1346005, 25.519016], [94.1560075, 25.5505378], [94.1637662, 25.5422804], [94.1907079, 25.5476332], [94.1865322, 25.5259786], [94.2105916, 25.4953643], [94.2477549, 25.4941108], [94.2824105, 25.5066736], [94.2982567, 25.4895533], [94.3091398, 25.4893518], [94.3840995, 25.5313245], [94.4158171, 25.5373328], [94.4256033, 25.5874132], [94.4433961, 25.5926926], [94.4696238, 25.6162487], [94.5009109, 25.6115225], [94.5197385, 25.6379288], [94.5473118, 25.6569204], [94.5685691, 25.6920902], [94.5911319, 25.6856605], [94.571565, 25.6390933], [94.5906397, 25.6381948], [94.5511392, 25.5801975], [94.5600477, 25.5622898], [94.5527404, 25.5070939], [94.6281331, 25.4597603], [94.6648726, 25.4493588], [94.6802783, 25.4540123], [94.6836189, 25.4664302], [94.7180773, 25.4694864], [94.7439518, 25.4811218], [94.7514206, 25.4938897], [94.7619604, 25.4819522], [94.7834504, 25.4804005], [94.7886855, 25.4895509], [94.8079932, 25.493294], [94.8124021, 25.5112543], [94.8254274, 25.5237593], [94.8257836, 25.542546], [94.8459223, 25.5619383], [94.8985039, 25.5653276], [94.8817137, 25.5910491], [94.915089, 25.6076809], [94.9228433, 25.6454238], [94.9359799, 25.6676113], [94.9706367, 25.6891334], [94.9972337, 25.7249801], [95.0398663, 25.7411705], [95.0489657, 25.759355], [95.0440297, 25.7737398], [95.049966, 25.7999912], [95.0333075, 25.8142378], [95.0303873, 25.838366], [95.0091864, 25.8666102], [95.0194114, 25.8813874], [95.0117741, 25.8977775], [95.0287115, 25.9136818], [95.031352, 25.9311461], [95.0439445, 25.9268632], [95.0540526, 25.9380978], [95.0894962, 25.9504851], [95.1169814, 25.9849578], [95.126107, 25.985751], [95.159065, 26.0249253], [95.1642679, 26.0489451], [95.1858881, 26.0730991], [95.1653302, 26.0921084], [95.1503092, 26.0864516], [95.117869, 26.1010774], [95.1155534, 26.1128469], [95.1262829, 26.1285242], [95.1172137, 26.1586165], [95.1266485, 26.1778439], [95.1219551, 26.1852331], [95.1426803, 26.2116342], [95.1145985, 26.2328894], [95.1272975, 26.2539807], [95.1198748, 26.2636947], [95.1286249, 26.2970275], [95.1224887, 26.3074359], [95.128347, 26.3396474], [95.1211821, 26.3496183], [95.1321367, 26.3778412], [95.1256255, 26.3877792], [95.0997724, 26.3937316], [95.1038629, 26.4206587], [95.0844522, 26.4470549], [95.066139, 26.4417706], [95.0619752, 26.450183], [95.1145383, 26.5185107], [95.1075454, 26.5415381], [95.1256023, 26.5580891], [95.1389198, 26.556564], [95.1541943, 26.5831424], [95.1465602, 26.5930541], [95.1489276, 26.6158672], [95.1806755, 26.6427564], [95.2081184, 26.6478199], [95.2332093, 26.6810938], [95.2324104, 26.7062435], [95.2125242, 26.7294329], [95.2165104, 26.7539588], [95.2413504, 26.7814513], [95.2116204, 26.7925904], [95.1956193, 26.8342368], [95.205188, 26.8450183], [95.192209, 26.8439444], [95.181143, 26.8592029], [95.2094852, 26.8799464], [95.2304805, 26.885154], [95.2306367, 26.9149451], [95.2222795, 26.9288183], [95.2111743, 26.9313724], [95.2060155, 26.951119]]]}}, {"type": "Feature", "properties": {"state_name": "Arunachal Pradesh", "stname": "ARUNACHAL PRADESH", "state_lgd": 12, "id": 3}, "geometry": {"type": "Polygon", "coordinates": [[[96.1764996, 29.3451536], [96.081248, 29.4610816], [96.0673161, 29.4659473], [96.0306288, 29.4533444], [96.0088168, 29.4277159], [95.9418087, 29.3876513], [95.8617462, 29.3951183], [95.8309891, 29.3588296], [95.8111272, 29.359605], [95.7821269, 29.341388], [95.7768806, 29.3616524], [95.7657087, 29.3563532], [95.7209995, 29.3126995], [95.6889876, 29.3046108], [95.6598339, 29.2715683], [95.6192635, 29.2496985], [95.5830297, 29.2606145], [95.5722023, 29.2228063], [95.5269326, 29.2156565], [95.5366669, 29.1691976], [95.5307171, 29.1304852], [95.4809898, 29.1430741], [95.477227, 29.0870802], [95.4664544, 29.0664559], [95.4402969, 29.0366004], [95.4212224, 29.0413583], [95.4106536, 29.0305161], [95.3480908, 29.0411411], [95.2879217, 29.0626418], [95.2600704, 29.0540754], [95.2420177, 29.0635508], [95.2417206, 29.110615], [95.1663085, 29.1089543], [95.106375, 29.1189054], [95.0950546, 29.1395941], [95.0365724, 29.1520933], [94.9927678, 29.170764], [94.9798191, 29.1733471], [94.9752804, 29.1565432], [95.0121342, 29.1469479], [95.0224465, 29.1339427], [94.9883264, 29.1374787], [94.9584057, 29.15639], [94.9157789, 29.1520727], [94.8786686, 29.1750252], [94.8435353, 29.1742622], [94.8041287, 29.1624053], [94.7956115, 29.1734259], [94.7930086, 29.2152983], [94.7413021, 29.2747369], [94.6886058, 29.317948], [94.6309765, 29.3412364], [94.622531, 29.3142817], [94.6046267, 29.2890509], [94.5787191, 29.274569], [94.5739114, 29.249647], [94.550711, 29.2207508], [94.4867315, 29.2133802], [94.4381223, 29.2231935], [94.3748773, 29.1849528], [94.3624908, 29.1526047], [94.293655, 29.1453527], [94.2577663, 29.108599], [94.2241019, 29.0878296], [94.1860624, 29.0287302], [94.1644581, 28.9574567], [94.0746655, 28.8909288], [94.0366331, 28.8511282], [94.0072433, 28.8406996], [93.9867043, 28.8037555], [94.0103008, 28.7727858], [93.9729544, 28.7432181], [93.9617615, 28.6935958], [93.9356286, 28.6661058], [93.8506011, 28.707036], [93.7841448, 28.6633648], [93.7398767, 28.6845532], [93.6194474, 28.653388], [93.5224101, 28.6590713], [93.5141645, 28.6817189], [93.4961467, 28.6859666], [93.4779588, 28.6756467], [93.4704955, 28.6526535], [93.4459733, 28.6747222], [93.4060109, 28.6512842], [93.3333633, 28.6390839], [93.3249201, 28.6091786], [93.3016208, 28.5989516], [93.3067393, 28.579251], [93.2911236, 28.5535632], [93.2777355, 28.5013091], [93.2285741, 28.4742031], [93.2095714, 28.4519231], [93.180451, 28.4348751], [93.2242224, 28.4054989], [93.2179575, 28.3260813], [93.1893943, 28.3183392], [93.1221713, 28.3283766], [93.1103946, 28.3121406], [93.09052, 28.3058686], [93.0496739, 28.3026566], [93.0223426, 28.3103858], [93.0282696, 28.2686943], [92.9972984, 28.2294277], [92.9841328, 28.2523916], [92.9627056, 28.2585573], [92.9228421, 28.2400004], [92.89688, 28.2051528], [92.8360989, 28.1790971], [92.8255821, 28.1790601], [92.8147654, 28.2110432], [92.7460823, 28.1581035], [92.6879485, 28.127398], [92.6796733, 28.1191862], [92.6665398, 28.0637531], [92.7207092, 28.0305052], [92.7424323, 27.992587], [92.6878731, 27.9266852], [92.6577109, 27.901903], [92.6153145, 27.8945382], [92.5562108, 27.8243642], [92.5277059, 27.8485156], [92.5033572, 27.8539506], [92.4562697, 27.8141198], [92.4162956, 27.8305547], [92.3897645, 27.8214296], [92.3851001, 27.8006297], [92.3127733, 27.7884885], [92.2911887, 27.8249112], [92.2775402, 27.8690925], [92.2186606, 27.8695149], [92.1094756, 27.8094705], [92.0514279, 27.7639329], [91.9935255, 27.7711823], [91.9277046, 27.7225942], [91.9036935, 27.7322274], [91.8823961, 27.7272446], [91.8621855, 27.7396898], [91.8506799, 27.776158], [91.8363145, 27.7851798], [91.8206757, 27.815961], [91.8124393, 27.8048319], [91.7877613, 27.8077627], [91.7613068, 27.7999577], [91.7098311, 27.8079733], [91.6631778, 27.8529532], [91.6022752, 27.8640698], [91.5927713, 27.8541305], [91.5755373, 27.8642933], [91.569888, 27.8480142], [91.5579095, 27.8563033], [91.5535924, 27.8513604], [91.5659769, 27.8186147], [91.5810273, 27.8119928], [91.6146446, 27.82185], [91.6350755, 27.8029449], [91.6454046, 27.7633767], [91.6350408, 27.7468899], [91.6388926, 27.7358057], [91.6268471, 27.7158036], [91.6285477, 27.699427], [91.6072204, 27.6908125], [91.5937783, 27.6700536], [91.5730737, 27.6606911], [91.5640694, 27.6414029], [91.5647039, 27.6257575], [91.5843743, 27.6082225], [91.5663149, 27.5830604], [91.5937336, 27.5420632], [91.6122928, 27.5436925], [91.6240308, 27.5141484], [91.6449604, 27.502005], [91.6524521, 27.4830413], [91.6950592, 27.5053277], [91.7135627, 27.4934805], [91.7146232, 27.4745393], [91.732742, 27.4693526], [91.7629813, 27.4749797], [91.7669718, 27.4647554], [91.7981523, 27.4742904], [91.8252539, 27.4678528], [91.8486047, 27.4864563], [91.8643792, 27.4828862], [91.8715962, 27.4708019], [91.9231187, 27.4740447], [91.9436444, 27.4597363], [91.9788833, 27.4633383], [91.9946778, 27.4784869], [92.019371, 27.4780505], [92.0221665, 27.4480205], [92.0425353, 27.435229], [92.0436938, 27.4148113], [92.0584699, 27.3997075], [92.0482412, 27.3631324], [92.0648426, 27.3273339], [92.1249754, 27.2820183], [92.1199494, 27.2717966], [92.103473, 27.2686649], [92.0670732, 27.2771703], [92.0380025, 27.258422], [92.0592023, 27.2517969], [92.0725713, 27.233106], [92.0583784, 27.1903095], [92.0267219, 27.168279], [92.0358045, 27.1349114], [92.0231336, 27.1095519], [92.0441241, 27.0513624], [92.0817457, 27.0408156], [92.0784155, 27.0173614], [92.1035461, 27.0039773], [92.1047575, 26.9799106], [92.1181139, 26.9743729], [92.1143777, 26.8935779], [92.1200185, 26.8889837], [92.194801, 26.8899635], [92.2551853, 26.9096052], [92.2760902, 26.9019964], [92.3029649, 26.9071396], [92.3026619, 26.9226429], [92.3631894, 26.9345433], [92.3983296, 26.9246907], [92.412014, 26.9427609], [92.4258066, 26.9410398], [92.4474682, 26.9588118], [92.5833424, 26.9595406], [92.6447991, 26.9866633], [92.6724775, 27.0316491], [92.7229189, 27.0182129], [92.7632228, 27.0273136], [92.7934752, 27.0228459], [92.8388649, 27.0048465], [92.8866089, 26.9997454], [92.9184105, 26.9823057], [92.9171454, 26.9629304], [93.0218561, 26.9134166], [93.0627154, 26.9222714], [93.0882259, 26.9143923], [93.1073728, 26.9257586], [93.3241019, 26.9600792], [93.4487706, 26.9507818], [93.4624901, 26.9378804], [93.486259, 26.9422774], [93.4891022, 26.9361768], [93.524771, 26.9485267], [93.5866695, 26.9504701], [93.665057, 26.9685062], [93.7233802, 27.0208142], [93.7674246, 27.0394391], [93.7708709, 27.0620358], [93.7782813, 27.0489367], [93.7811858, 27.0655177], [93.7837929, 27.0514539], [93.7944096, 27.0619203], [93.8002238, 27.0578532], [93.7930442, 27.0682777], [93.7937822, 27.0723394], [93.8033586, 27.0580579], [93.8113923, 27.0589371], [93.8107423, 27.06747], [93.8149947, 27.0614567], [93.8292266, 27.0668138], [93.8377744, 27.0853718], [93.8266683, 27.0969701], [93.8250664, 27.1164228], [93.8094348, 27.1233432], [93.8121235, 27.1311284], [93.796914, 27.1289367], [93.794474, 27.1345219], [93.8053918, 27.1371268], [93.805995, 27.1487602], [93.8642267, 27.1961527], [93.9912547, 27.3283465], [94.0598142, 27.3615371], [94.0895975, 27.4070485], [94.1594243, 27.4616176], [94.1566661, 27.4748575], [94.2681534, 27.5208122], [94.2574945, 27.5370304], [94.2586997, 27.5554581], [94.2467156, 27.5694665], [94.2249517, 27.5740946], [94.2266414, 27.5977411], [94.2095073, 27.6050833], [94.2375645, 27.6326799], [94.2617058, 27.6358726], [94.2671096, 27.6273517], [94.254258, 27.6142308], [94.2724747, 27.6029404], [94.2773993, 27.5894374], [94.2882961, 27.5892564], [94.2982601, 27.6019323], [94.3092601, 27.5907787], [94.3640119, 27.5743501], [94.4316821, 27.6003329], [94.4333348, 27.5884179], [94.4617318, 27.5552424], [94.4778044, 27.5761416], [94.498959, 27.5721684], [94.544586, 27.601035], [94.5740867, 27.6038083], [94.5875495, 27.6184566], [94.6331898, 27.6241605], [94.6626514, 27.6453266], [94.6826776, 27.6458938], [94.6879103, 27.6651417], [94.7090397, 27.6565792], [94.725139, 27.6690037], [94.754307, 27.6605483], [94.7937275, 27.6951803], [94.8207831, 27.6920755], [94.8409704, 27.7006097], [94.8523457, 27.7276034], [94.9223255, 27.7499226], [95.3087606, 27.8680108], [95.3795771, 27.8391789], [95.5201323, 27.8812381], [95.5442694, 27.8997804], [95.5446688, 27.9108418], [95.5635439, 27.9192622], [95.5685919, 27.9359025], [95.5861127, 27.9367242], [95.6052785, 27.9546154], [95.8238812, 27.9714751], [95.9712873, 27.9627196], [95.9483011, 27.9371151], [95.9526935, 27.9200936], [95.9298314, 27.9027426], [95.9377467, 27.8982001], [95.9155043, 27.8893876], [95.9250882, 27.881678], [95.9155529, 27.8837612], [95.910699, 27.870195], [95.9016914, 27.868469], [95.9049187, 27.8621154], [95.8902512, 27.8599927], [95.870407, 27.8326688], [95.837759, 27.8241182], [95.8380732, 27.8102348], [95.8166476, 27.8026879], [95.8003489, 27.7736947], [95.7760023, 27.7536234], [95.7793794, 27.7337094], [95.7522627, 27.7209181], [95.765025, 27.7147815], [95.7678659, 27.6869891], [95.7904626, 27.6801417], [95.7753587, 27.6743922], [95.770433, 27.6577028], [95.7957829, 27.6417003], [95.7893789, 27.62649], [95.7785266, 27.6239789], [95.79034, 27.6117393], [95.7906435, 27.5996481], [95.8157995, 27.59867], [95.8143371, 27.5742493], [95.8234413, 27.5744785], [95.8607409, 27.5431049], [95.876649, 27.5442831], [95.8758403, 27.5124224], [95.8868542, 27.4970818], [95.8743002, 27.4932471], [95.8706934, 27.4666518], [95.8533187, 27.4569083], [95.85675, 27.4449287], [95.8468234, 27.4385648], [95.8445066, 27.4215845], [95.8601434, 27.408014], [95.8571383, 27.419881], [95.8832161, 27.4353183], [95.8857258, 27.3981549], [95.907976, 27.434349], [95.9413097, 27.4372925], [95.9547494, 27.4196198], [95.960339, 27.4290291], [95.9645628, 27.4180525], [95.9693547, 27.4278861], [95.9753898, 27.4193897], [95.9702183, 27.4149081], [95.9832959, 27.4118347], [96.0177539, 27.3649191], [95.9892051, 27.3564955], [95.9868795, 27.3456091], [95.9652947, 27.3278802], [95.9755563, 27.3244595], [95.9550496, 27.3176772], [95.9600407, 27.3109508], [95.8972135, 27.2821637], [95.9043523, 27.2739182], [95.8935646, 27.2675712], [95.8924315, 27.2552841], [95.8564291, 27.2710594], [95.8593053, 27.2872209], [95.8051576, 27.2729522], [95.800888, 27.2842671], [95.7795827, 27.2697515], [95.7421123, 27.2666584], [95.7202065, 27.2494775], [95.6815338, 27.2517414], [95.6323407, 27.2296826], [95.5918585, 27.2229782], [95.574732, 27.2341188], [95.574248, 27.2439646], [95.5535357, 27.2488562], [95.5451216, 27.2599868], [95.5091737, 27.2620375], [95.504674, 27.2493622], [95.4842634, 27.2412497], [95.4724406, 27.218931], [95.4575785, 27.2087832], [95.4666004, 27.1816397], [95.4595217, 27.1756924], [95.4655132, 27.1663568], [95.453318, 27.1573348], [95.4622158, 27.1496584], [95.4532732, 27.1294342], [95.4444054, 27.1352149], [95.4396086, 27.125917], [95.4206459, 27.1257846], [95.3746717, 27.0926751], [95.3637604, 27.102548], [95.368651, 27.1070877], [95.3547649, 27.1039099], [95.2918297, 27.0664873], [95.2763222, 27.0521862], [95.277127, 27.0423766], [95.2464362, 27.023805], [95.2322294, 27.0427534], [95.2106906, 27.028536], [95.2046608, 27.0377134], [95.1928934, 27.0357793], [95.1920433, 26.9845342], [95.2067718, 26.9771278], [95.2118429, 26.9648379], [95.203546, 26.9570634], [95.2101928, 26.953242], [95.2111743, 26.9313724], [95.2222795, 26.9288183], [95.2306367, 26.9149451], [95.2304805, 26.885154], [95.2094852, 26.8799464], [95.181143, 26.8592029], [95.192209, 26.8439444], [95.205188, 26.8450183], [95.1956193, 26.8342368], [95.2116204, 26.7925904], [95.2413504, 26.7814513], [95.2165104, 26.7539588], [95.2125242, 26.7294329], [95.2324104, 26.7062435], [95.2322421, 26.6822278], [95.2491745, 26.6837112], [95.2570586, 26.6762335], [95.2586639, 26.6557528], [95.3039597, 26.6510089], [95.3357869, 26.6744831], [95.3605395, 26.6710371], [95.3738162, 26.6841449], [95.43138, 26.7006981], [95.4320609, 26.7162796], [95.4590914, 26.7438847], [95.4827593, 26.7470534], [95.5074009, 26.8087998], [95.5222835, 26.8134992], [95.5431273, 26.835376], [95.5563493, 26.8323905], [95.5704527, 26.8159486], [95.6084887, 26.8128588], [95.627004, 26.8427226], [95.6323104, 26.8736978], [95.6446373, 26.876398], [95.6669978, 26.9028623], [95.7062362, 26.8805612], [95.724141, 26.8822048], [95.7449055, 26.8963299], [95.7512414, 26.9087773], [95.7478897, 26.9258268], [95.7600527, 26.9368472], [95.7550009, 26.9538449], [95.7681048, 26.9765162], [95.7811483, 26.97779], [95.8020305, 27.0145006], [95.8300625, 27.0074775], [95.8700792, 27.0127029], [95.9042305, 27.0387451], [95.9459562, 27.0516478], [95.9686184, 27.0998884], [96.0105093, 27.1422396], [96.0229614, 27.1800817], [96.0774121, 27.2083544], [96.0906136, 27.2233257], [96.1555555, 27.2483514], [96.1852889, 27.2489066], [96.1935777, 27.2615202], [96.2089884, 27.2610673], [96.2279947, 27.2786834], [96.2710209, 27.2715403], [96.274569, 27.283393], [96.3072746, 27.2942756], [96.3396601, 27.285033], [96.3524734, 27.2950867], [96.3868388, 27.2846319], [96.4028936, 27.293196], [96.4079871, 27.2876961], [96.4213296, 27.3014547], [96.440645, 27.3063312], [96.5081432, 27.299121], [96.5238514, 27.2865459], [96.5512196, 27.3184564], [96.5957191, 27.3338669], [96.5913022, 27.3484478], [96.6053091, 27.365549], [96.6978159, 27.3577377], [96.7048853, 27.3720404], [96.751688, 27.3522735], [96.76692, 27.3570546], [96.7966601, 27.3456271], [96.822423, 27.3082206], [96.8479517, 27.2902851], [96.8470471, 27.2710981], [96.8629918, 27.2595044], [96.8847405, 27.259656], [96.8852337, 27.2264676], [96.8547667, 27.2102435], [96.8568384, 27.1929571], [96.8744129, 27.1806825], [96.9008906, 27.1688586], [96.9848323, 27.1542985], [96.9933026, 27.1399872], [97.0302709, 27.1315493], [97.0334925, 27.1182694], [97.0634388, 27.0914548], [97.071176, 27.0892152], [97.0766684, 27.0986568], [97.0963116, 27.0958936], [97.1003451, 27.1083586], [97.138518, 27.0910467], [97.1496572, 27.1167609], [97.1617939, 27.1228878], [97.1638542, 27.1422398], [97.1509254, 27.149807], [97.1466689, 27.1649065], [97.1245145, 27.1742822], [97.1220867, 27.1898999], [97.0904758, 27.213618], [97.0885076, 27.2382123], [97.0549321, 27.2657099], [97.0282667, 27.3079438], [96.9981064, 27.3189786], [96.9905351, 27.3437658], [96.9806541, 27.3455423], [96.9621255, 27.3731153], [96.967485, 27.3815142], [96.9623062, 27.4016491], [96.9343908, 27.4157676], [96.9326198, 27.4309003], [96.9032441, 27.4527261], [96.9071123, 27.4776203], [96.9298228, 27.5241823], [96.9130077, 27.5438825], [96.9122311, 27.5805332], [96.8967121, 27.5815037], [96.8967461, 27.609261], [96.9417248, 27.6607407], [96.9830569, 27.6642822], [97.0361624, 27.742387], [97.0644292, 27.7472507], [97.0938471, 27.7400885], [97.1039984, 27.7697487], [97.1456879, 27.8045765], [97.1646276, 27.8105931], [97.1884734, 27.8436465], [97.2195999, 27.8636561], [97.2490212, 27.8992971], [97.3089959, 27.9149911], [97.3253058, 27.8959929], [97.3570782, 27.8788511], [97.37359, 27.8801771], [97.3824089, 27.9510448], [97.3729796, 27.9680289], [97.3912888, 27.9888848], [97.3926021, 28.0010223], [97.410121, 28.0051658], [97.4128965, 28.0148365], [97.3756826, 28.0401561], [97.3809459, 28.0592733], [97.3257765, 28.0526984], [97.3104321, 28.0745166], [97.3472429, 28.1104871], [97.3243945, 28.1374647], [97.3279005, 28.1502098], [97.3565786, 28.172466], [97.3638464, 28.1890895], [97.4011633, 28.1814778], [97.4010424, 28.1922501], [97.3783684, 28.21779], [97.2952613, 28.2618776], [97.23946, 28.268216], [97.2267062, 28.2846296], [97.1711035, 28.285669], [97.140455, 28.3275804], [97.1056941, 28.3469584], [97.0753058, 28.3496142], [97.04789, 28.3389669], [97.0118177, 28.3103091], [96.9876119, 28.3033253], [96.9531772, 28.3283917], [96.9258433, 28.3368522], [96.8896706, 28.3784856], [96.834537, 28.36072], [96.77029, 28.3670286], [96.7615408, 28.3746041], [96.7568036, 28.3999311], [96.7408462, 28.413813], [96.641136, 28.4577853], [96.5707476, 28.4523241], [96.5053792, 28.410981], [96.4571278, 28.4138157], [96.4276874, 28.3756463], [96.4173782, 28.3409442], [96.3954779, 28.3359167], [96.3699627, 28.3633229], [96.3625811, 28.3863567], [96.3166774, 28.3775677], [96.2905786, 28.3997228], [96.2533894, 28.4070404], [96.362081, 28.4803439], [96.3514633, 28.5037527], [96.318578, 28.5259615], [96.3447547, 28.5540076], [96.4000137, 28.5592772], [96.4020292, 28.5809455], [96.4248444, 28.5821081], [96.4744707, 28.6217821], [96.4873564, 28.6389087], [96.4669013, 28.6751844], [96.5073621, 28.6956439], [96.5556646, 28.7011635], [96.579307, 28.7115898], [96.6042397, 28.744426], [96.6089854, 28.7798323], [96.5260851, 28.8824605], [96.5301079, 28.9102473], [96.5080179, 28.9518469], [96.5093842, 28.9663653], [96.4812222, 28.9585157], [96.4646736, 28.9831353], [96.5135848, 29.0739583], [96.423142, 29.0375102], [96.3564969, 29.0370306], [96.3269062, 29.0280184], [96.2940064, 29.0081486], [96.2201717, 28.9297729], [96.1608719, 28.8978342], [96.1554289, 28.9178946], [96.1348979, 28.935233], [96.142292, 28.9566726], [96.1717966, 28.9697867], [96.1714746, 28.9991913], [96.1409322, 29.0582801], [96.1288033, 29.0704882], [96.1020594, 29.0789949], [96.1735918, 29.0992175], [96.2105151, 29.148092], [96.2324975, 29.151951], [96.2449531, 29.1657635], [96.3420124, 29.1783824], [96.3808314, 29.2546075], [96.3695755, 29.2873401], [96.3543045, 29.2920533], [96.340497, 29.2740084], [96.3094479, 29.2643379], [96.2895672, 29.2446342], [96.2354846, 29.241892], [96.179919, 29.3075105], [96.1764996, 29.3451536]]]}}, {"type": "Feature", "properties": {"state_name": "Assam", "stname": "ASSAM", "state_lgd": 18, "id": 4}, "geometry": {"type": "Polygon", "coordinates": [[[95.9718204, 27.9621779], [95.8238812, 27.9714751], [95.6052785, 27.9546154], [95.5861127, 27.9367242], [95.5685919, 27.9359025], [95.5635439, 27.9192622], [95.5446688, 27.9108418], [95.5442694, 27.8997804], [95.5201323, 27.8812381], [95.3795771, 27.8391789], [95.3087606, 27.8680108], [94.8523457, 27.7276034], [94.8409704, 27.7006097], [94.8207831, 27.6920755], [94.7937275, 27.6951803], [94.754307, 27.6605483], [94.725139, 27.6690037], [94.7090397, 27.6565792], [94.6879103, 27.6651417], [94.6826776, 27.6458938], [94.6626514, 27.6453266], [94.6331898, 27.6241605], [94.5875495, 27.6184566], [94.5740867, 27.6038083], [94.544586, 27.601035], [94.498959, 27.5721684], [94.4778044, 27.5761416], [94.4617318, 27.5552424], [94.4333348, 27.5884179], [94.4316821, 27.6003329], [94.3640119, 27.5743501], [94.3092601, 27.5907787], [94.2982601, 27.6019323], [94.2882961, 27.5892564], [94.2773993, 27.5894374], [94.2724747, 27.6029404], [94.254258, 27.6142308], [94.2671096, 27.6273517], [94.2617058, 27.6358726], [94.2375645, 27.6326799], [94.2095073, 27.6050833], [94.2266414, 27.5977411], [94.2249517, 27.5740946], [94.2467156, 27.5694665], [94.2586997, 27.5554581], [94.2574945, 27.5370304], [94.2681534, 27.5208122], [94.1566661, 27.4748575], [94.1594243, 27.4616176], [94.0895975, 27.4070485], [94.0598142, 27.3615371], [93.9912547, 27.3283465], [93.8642267, 27.1961527], [93.805995, 27.1487602], [93.8053918, 27.1371268], [93.794474, 27.1345219], [93.796914, 27.1289367], [93.8121235, 27.1311284], [93.8094348, 27.1233432], [93.8250664, 27.1164228], [93.8266683, 27.0969701], [93.8377744, 27.0853718], [93.8292266, 27.0668138], [93.8149947, 27.0614567], [93.8107423, 27.06747], [93.8113923, 27.0589371], [93.8033586, 27.0580579], [93.7937822, 27.0723394], [93.8002238, 27.0578532], [93.7944096, 27.0619203], [93.7837929, 27.0514539], [93.7811858, 27.0655177], [93.7782813, 27.0489367], [93.7708709, 27.0620358], [93.7674246, 27.0394391], [93.7233802, 27.0208142], [93.6707693, 26.9714872], [93.5866695, 26.9504701], [93.5449355, 26.951229], [93.4706478, 26.9365972], [93.4487706, 26.9507818], [93.3227156, 26.9600098], [93.1073728, 26.9257586], [93.0882259, 26.9143923], [93.0627154, 26.9222714], [93.0218561, 26.9134166], [92.9171454, 26.9629304], [92.9184105, 26.9823057], [92.8866089, 26.9997454], [92.8388649, 27.0048465], [92.7934752, 27.0228459], [92.7632228, 27.0273136], [92.7229189, 27.0182129], [92.6724775, 27.0316491], [92.6447991, 26.9866633], [92.5833424, 26.9595406], [92.4474682, 26.9588118], [92.4258066, 26.9410398], [92.412014, 26.9427609], [92.3983296, 26.9246907], [92.3631894, 26.9345433], [92.3026619, 26.9226429], [92.3029649, 26.9071396], [92.2760902, 26.9019964], [92.2551853, 26.9096052], [92.194801, 26.8899635], [92.1143777, 26.8935779], [92.1019184, 26.8810579], [92.1026518, 26.8671684], [92.0567247, 26.847385], [91.9835014, 26.8581916], [91.9639422, 26.8826815], [91.8917364, 26.9190627], [91.8591119, 26.9133388], [91.8241467, 26.8640435], [91.720812, 26.8118148], [91.6897967, 26.8064515], [91.6255243, 26.8208658], [91.5924235, 26.8051914], [91.495107, 26.7912059], [91.4457902, 26.8121039], [91.4076472, 26.8396026], [91.3760058, 26.7952277], [91.3372479, 26.7808609], [91.2966285, 26.7869675], [91.2368872, 26.8120026], [91.1458544, 26.8108734], [91.0975627, 26.8219929], [91.0540604, 26.7809854], [90.9918745, 26.7906423], [90.9569234, 26.781621], [90.9564986, 26.7877703], [90.7172776, 26.7682684], [90.6932577, 26.7706398], [90.6759788, 26.7840947], [90.6465742, 26.7765804], [90.6344432, 26.7938103], [90.5466129, 26.8166398], [90.4166476, 26.9045319], [90.3565627, 26.9006551], [90.3477863, 26.8752948], [90.3002984, 26.8482204], [90.2305, 26.8589067], [90.2007695, 26.8352902], [90.187669, 26.8068119], [90.1945229, 26.7732713], [90.1398797, 26.7536185], [90.0495456, 26.7303696], [90.0082435, 26.7321535], [89.9669093, 26.7235382], [89.8973438, 26.7243386], [89.8629166, 26.7370669], [89.863334, 26.7008473], [89.8747744, 26.6822705], [89.8704605, 26.6553293], [89.8769343, 26.6485062], [89.8582511, 26.623378], [89.8784216, 26.6155338], [89.8737749, 26.5913356], [89.8826022, 26.5833931], [89.8644875, 26.5732433], [89.8689925, 26.5538737], [89.8539736, 26.4918345], [89.8724405, 26.4644972], [89.8721452, 26.4520733], [89.8491551, 26.4227911], [89.8574771, 26.4119796], [89.8352544, 26.4120203], [89.8299535, 26.3970041], [89.8376024, 26.390977], [89.8498812, 26.4035889], [89.8588997, 26.3840269], [89.8470544, 26.3852525], [89.843023, 26.3778143], [89.8320231, 26.3839172], [89.8227633, 26.3516331], [89.8128322, 26.3570988], [89.8219224, 26.3718102], [89.8134861, 26.370683], [89.7831811, 26.3513963], [89.7810665, 26.3278554], [89.7642755, 26.3160689], [89.7512404, 26.3209502], [89.7581248, 26.2877858], [89.7448438, 26.2968899], [89.7263217, 26.2947108], [89.7258467, 26.3072165], [89.7198131, 26.3073199], [89.7178312, 26.2958176], [89.7385393, 26.2699435], [89.7340044, 26.2594092], [89.7220204, 26.2574591], [89.7125791, 26.2619103], [89.7147124, 26.2699421], [89.7058527, 26.2704302], [89.7026158, 26.2578633], [89.7170753, 26.2573674], [89.7178815, 26.2451508], [89.732158, 26.2378299], [89.7141019, 26.2302466], [89.7100398, 26.2178428], [89.7003936, 26.2184484], [89.7332303, 26.2119921], [89.7116, 26.2029669], [89.7203689, 26.1956008], [89.7130745, 26.1877166], [89.6986005, 26.191177], [89.7101423, 26.1724236], [89.7329288, 26.1775263], [89.7365505, 26.1727894], [89.716979, 26.1653626], [89.7204876, 26.1562963], [89.747659, 26.157371], [89.7540327, 26.139396], [89.7665707, 26.1304772], [89.7561699, 26.1093627], [89.7831611, 26.1059839], [89.7813239, 26.0834424], [89.7948514, 26.0875125], [89.7901374, 26.0753856], [89.7964419, 26.0760917], [89.7988098, 26.0595794], [89.7854161, 26.0568654], [89.7886798, 26.0487108], [89.7737615, 26.0378799], [89.8018289, 26.0402558], [89.7880384, 26.0192066], [89.807417, 26.0440028], [89.8193247, 26.0258154], [89.8204339, 25.9975621], [89.8148656, 25.9978653], [89.8202721, 25.9876413], [89.8359415, 25.9824242], [89.8358412, 26.0125967], [89.8504215, 25.9899579], [89.8710322, 25.980702], [89.8668398, 25.9720317], [89.8385588, 25.9678512], [89.8493363, 25.9491093], [89.8306047, 25.9551737], [89.8253873, 25.9455045], [89.8427368, 25.940031], [89.887077, 25.9452016], [89.8781792, 25.9242336], [89.8325726, 25.8706055], [89.8352816, 25.8407344], [89.8165447, 25.8143021], [89.826502, 25.8102062], [89.840329, 25.7667292], [89.8283664, 25.7282504], [89.8351318, 25.7157626], [89.8505333, 25.7129576], [89.8466879, 25.6956162], [89.8710935, 25.6625521], [89.8817911, 25.6258579], [89.8660376, 25.5461905], [89.8512734, 25.5386279], [89.8696395, 25.5109065], [89.8539061, 25.5042382], [89.8493102, 25.4927972], [89.8522489, 25.4658815], [89.8716897, 25.4773485], [89.8728699, 25.5074156], [89.8859357, 25.5079206], [89.8834895, 25.5191143], [89.8733473, 25.5168939], [89.8679351, 25.5242417], [89.8788344, 25.5376964], [89.8783622, 25.5503341], [89.8986539, 25.56051], [89.9721573, 25.5734917], [89.9835045, 25.5912486], [90.0029994, 25.5854242], [90.0202503, 25.607487], [90.0041198, 25.6267352], [89.9831783, 25.6267875], [89.9791611, 25.6387825], [89.9504525, 25.6556036], [89.9444159, 25.6792568], [89.8991259, 25.7264226], [89.8947393, 25.7449686], [89.9260825, 25.7383624], [89.9375775, 25.7454258], [89.9352272, 25.7544925], [89.9547783, 25.7671807], [89.9593514, 25.7799302], [89.9482592, 25.8254707], [89.9576826, 25.8291097], [89.954158, 25.8212706], [89.9620044, 25.8201885], [89.9676473, 25.8225185], [89.963972, 25.8330578], [89.9710892, 25.8263676], [90.0035857, 25.8392355], [90.0006994, 25.8462006], [90.0223314, 25.860136], [90.0228794, 25.869966], [90.0056251, 25.8784729], [90.0193676, 25.892076], [90.0336648, 25.8944512], [90.0424852, 25.887667], [90.0605542, 25.9134592], [90.0862368, 25.9194666], [90.0921132, 25.9380712], [90.1066902, 25.9423098], [90.1162686, 25.9568775], [90.1405374, 25.9572974], [90.1510935, 25.9666901], [90.1584701, 25.9571509], [90.1769242, 25.958954], [90.1868842, 25.9440946], [90.2028702, 25.9608626], [90.2114931, 25.9525932], [90.3247762, 25.9733957], [90.3497139, 26.0041284], [90.3721768, 26.0112655], [90.3997468, 26.0125162], [90.4251877, 25.9888389], [90.4761344, 26.0095867], [90.5025351, 25.991461], [90.5350044, 25.9495882], [90.5085532, 25.9015037], [90.51498, 25.8961013], [90.5491235, 25.9154286], [90.5438019, 25.9235934], [90.5767314, 25.9367498], [90.5878714, 25.9580709], [90.6241242, 25.9391755], [90.6062662, 25.916617], [90.6136048, 25.8993222], [90.6218662, 25.8978364], [90.6316433, 25.9198264], [90.6726537, 25.93464], [90.6883345, 25.9489092], [90.7175875, 25.954941], [90.724475, 25.9467766], [90.748095, 25.9567161], [90.740397, 25.9393946], [90.7467155, 25.9280883], [90.7527883, 25.9342702], [90.7541517, 25.9294326], [90.7389766, 25.9161584], [90.745305, 25.9117691], [90.7605245, 25.9218844], [90.7566774, 25.9109864], [90.7663768, 25.9076406], [90.7811652, 25.911266], [90.7844883, 25.9251282], [90.8090541, 25.9524373], [90.8361879, 25.9484212], [90.8354679, 25.9366054], [90.8443554, 25.9459724], [90.8748259, 25.94255], [90.876688, 25.9494237], [90.8810757, 25.9428252], [90.8845256, 25.9503079], [90.8974526, 25.9374753], [90.8944217, 25.9311798], [90.9168364, 25.9140564], [90.9173364, 25.9444077], [90.9338571, 25.9397713], [90.9474345, 25.9480919], [90.9666222, 25.9140648], [90.968855, 25.8852193], [91.0305484, 25.8858016], [91.0013969, 25.8250995], [91.0056042, 25.8208618], [91.0224537, 25.823766], [91.0482196, 25.8492032], [91.0785036, 25.8527371], [91.0718631, 25.8387609], [91.0488843, 25.8292728], [91.0621344, 25.8207781], [91.1203637, 25.8329292], [91.14755, 25.8504916], [91.180228, 25.8439721], [91.1958678, 25.8611704], [91.2036433, 25.843214], [91.1863057, 25.8183571], [91.1904396, 25.8114348], [91.1782621, 25.7773516], [91.1892891, 25.7639516], [91.1904799, 25.747828], [91.2101162, 25.7254883], [91.2224541, 25.7225633], [91.2745382, 25.7504475], [91.3353549, 25.8405442], [91.3658333, 25.8400302], [91.4224667, 25.854474], [91.4451487, 25.8397379], [91.4630814, 25.8569959], [91.5137181, 25.8639667], [91.5304336, 25.871254], [91.5351884, 25.8838806], [91.5265859, 25.8910737], [91.5131377, 25.865713], [91.4748089, 25.8740211], [91.4839994, 25.8930371], [91.5039032, 25.8911694], [91.4987388, 25.8959942], [91.5048794, 25.9077699], [91.5369547, 25.9312119], [91.5032614, 25.9137441], [91.5029139, 25.9265433], [91.519816, 25.9398771], [91.5180755, 25.9597324], [91.5356206, 25.9623039], [91.5512466, 25.9765957], [91.5798413, 26.0332478], [91.5975341, 26.0180744], [91.6195315, 26.0259568], [91.6310954, 26.0219671], [91.6349008, 26.0121371], [91.6260633, 25.9866823], [91.6407149, 25.9637584], [91.6298151, 25.9432505], [91.6118806, 25.9450268], [91.6094721, 25.937392], [91.651494, 25.9062821], [91.6706007, 25.9041515], [91.720108, 25.953596], [91.7230265, 26.0351255], [91.7368997, 26.056246], [91.7310612, 26.0589267], [91.7627339, 26.0723526], [91.7772799, 26.0893457], [91.7913622, 26.0852317], [91.8254041, 26.1194018], [91.8791707, 26.0979762], [91.867298, 26.0420176], [91.8747527, 26.0430159], [91.883044, 26.0261006], [91.9146923, 26.0204989], [91.9097586, 26.008775], [91.9189844, 25.9978325], [91.931147, 26.0123561], [91.983569, 26.0258024], [91.9890562, 26.0385297], [92.0517467, 26.0328249], [92.0972876, 26.0492234], [92.1326159, 26.0442387], [92.1342103, 26.052448], [92.1693997, 26.0776382], [92.1788002, 26.0781901], [92.176083, 26.0702254], [92.1871598, 26.0665744], [92.274893, 26.0656507], [92.2639473, 26.0573612], [92.270032, 26.0474549], [92.2610794, 26.0416352], [92.2634655, 26.0331297], [92.2338734, 26.0091166], [92.2038508, 26.0012246], [92.1985487, 25.9882204], [92.1808845, 25.9850105], [92.164211, 25.9702759], [92.164052, 25.9578149], [92.1524365, 25.9443186], [92.1609276, 25.9281504], [92.1547392, 25.9109925], [92.1755478, 25.907367], [92.1945274, 25.9184571], [92.202275, 25.9063261], [92.2255619, 25.9091687], [92.177244, 25.8727498], [92.1775039, 25.8515012], [92.1620163, 25.8355426], [92.1612786, 25.8205947], [92.1511, 25.8166388], [92.1478153, 25.7729505], [92.1626743, 25.7412857], [92.1442469, 25.7168135], [92.1547768, 25.7062143], [92.1561582, 25.6721999], [92.1701957, 25.667129], [92.2250343, 25.7160896], [92.234453, 25.7075796], [92.2643706, 25.7090912], [92.3113408, 25.7278947], [92.3335104, 25.7241159], [92.3840194, 25.754523], [92.381778, 25.742044], [92.4066207, 25.7445997], [92.4143241, 25.7414609], [92.4116494, 25.7300338], [92.4311783, 25.7321759], [92.4442911, 25.7196953], [92.4406483, 25.6916013], [92.4703335, 25.6751516], [92.5056297, 25.6163114], [92.5541674, 25.6148036], [92.5567259, 25.5709613], [92.5724915, 25.5573506], [92.5948189, 25.5515932], [92.6529913, 25.5909281], [92.6614615, 25.5721864], [92.6454199, 25.5557425], [92.6428394, 25.5348094], [92.5736541, 25.4904782], [92.5646655, 25.4654836], [92.5803594, 25.4720834], [92.5841106, 25.4655985], [92.5986131, 25.4681384], [92.606631, 25.4132325], [92.6276385, 25.4219671], [92.6256456, 25.4349165], [92.6395613, 25.4175657], [92.6536201, 25.4335235], [92.651902, 25.419243], [92.6616442, 25.4063546], [92.6735293, 25.4140242], [92.7179423, 25.3726268], [92.7380197, 25.3793334], [92.7323565, 25.3689159], [92.746415, 25.3583251], [92.7499021, 25.3440959], [92.7610677, 25.3335159], [92.7817981, 25.3331829], [92.7869321, 25.3143734], [92.781318, 25.3049816], [92.7924952, 25.2825646], [92.7686189, 25.2681193], [92.7777453, 25.2581775], [92.7618879, 25.2465284], [92.7716682, 25.22998], [92.8029147, 25.2161726], [92.776214, 25.1996146], [92.7428748, 25.2066519], [92.6939003, 25.1792364], [92.6634752, 25.1766679], [92.6557598, 25.1549522], [92.6283104, 25.1381027], [92.6214328, 25.1150264], [92.5880817, 25.1287836], [92.5553562, 25.1269525], [92.52245, 25.1392191], [92.5394233, 25.0990541], [92.4806294, 25.1083087], [92.4720267, 25.0672542], [92.4569778, 25.0540678], [92.4642855, 25.0374354], [92.4382779, 25.0438694], [92.4381921, 25.0346477], [92.4252767, 25.02956], [92.4163468, 24.989923], [92.4220812, 24.9884907], [92.4203335, 24.9659462], [92.4576252, 24.970601], [92.4681821, 24.9630115], [92.4497408, 24.9499877], [92.4492658, 24.9387648], [92.4876174, 24.9467715], [92.4840018, 24.928455], [92.4967516, 24.9017295], [92.4879226, 24.8713097], [92.4448002, 24.8719798], [92.4375912, 24.8557187], [92.4063734, 24.8589406], [92.4000959, 24.8486507], [92.3849385, 24.8522682], [92.3747377, 24.8739521], [92.3634012, 24.8719113], [92.3479961, 24.8916222], [92.3392172, 24.8782575], [92.2994253, 24.9157209], [92.2820629, 24.9058546], [92.2483673, 24.9088675], [92.2328732, 24.9001461], [92.2481043, 24.8854939], [92.246271, 24.8674876], [92.2349325, 24.8613875], [92.2415376, 24.8425101], [92.254974, 24.8384461], [92.24908, 24.8297493], [92.2727111, 24.8276141], [92.2735707, 24.7991913], [92.2889187, 24.7844856], [92.2818016, 24.7753211], [92.2901327, 24.7597144], [92.27916, 24.7452971], [92.2958388, 24.7364423], [92.254796, 24.6780808], [92.2355542, 24.5977896], [92.2311408, 24.5312056], [92.2129365, 24.5040118], [92.2304391, 24.5017103], [92.236649, 24.4845878], [92.230184, 24.4615146], [92.2390267, 24.4474613], [92.2593951, 24.439213], [92.2544819, 24.4205342], [92.2740899, 24.3883174], [92.2128724, 24.2499268], [92.4225321, 24.2548561], [92.4191669, 24.1919388], [92.4357261, 24.179293], [92.436422, 24.153033], [92.4654764, 24.1362659], [92.4789599, 24.1423245], [92.4839217, 24.1631681], [92.5015073, 24.1603877], [92.5155153, 24.1788551], [92.524039, 24.1714395], [92.5342123, 24.1801465], [92.5508961, 24.2472223], [92.6123032, 24.2534676], [92.6246721, 24.3336146], [92.6356905, 24.3366983], [92.6457645, 24.3277817], [92.6613678, 24.3481558], [92.6848359, 24.3465367], [92.692825, 24.3684678], [92.7036135, 24.3754469], [92.7629972, 24.5211317], [92.8012742, 24.4296521], [92.7993674, 24.4191287], [92.8299455, 24.4002896], [92.8231435, 24.3864696], [92.829595, 24.3735927], [92.8433587, 24.3778666], [92.8609414, 24.3984989], [92.8733436, 24.3948611], [92.8836854, 24.402413], [92.9028797, 24.3910659], [92.9093446, 24.412909], [92.931201, 24.3930087], [92.9511698, 24.4029942], [92.9592812, 24.3918986], [92.9736572, 24.4082989], [92.9942889, 24.3989441], [93.0119505, 24.4167152], [93.0234354, 24.4067469], [93.0416413, 24.4130101], [93.0329239, 24.4287504], [93.0357224, 24.4597552], [93.0455639, 24.4632771], [93.0463663, 24.4735653], [93.0325552, 24.4952974], [93.042771, 24.5047932], [93.0387393, 24.5128718], [93.0501322, 24.5194344], [93.0499943, 24.5442075], [93.0570063, 24.5544081], [93.0646203, 24.5467871], [93.070809, 24.5580475], [93.0581806, 24.5738372], [93.0843973, 24.5711335], [93.1043616, 24.582382], [93.0711513, 24.6006423], [93.0842109, 24.6136017], [93.0756793, 24.6245366], [93.0872823, 24.6296679], [93.0831868, 24.6498129], [93.095366, 24.6528265], [93.1041543, 24.6741567], [93.1019104, 24.6807017], [93.0901089, 24.677174], [93.0912571, 24.6880304], [93.0735468, 24.7078057], [93.0866233, 24.709532], [93.0906535, 24.7250779], [93.1077605, 24.7414415], [93.0998768, 24.7431709], [93.0982506, 24.75437], [93.1094287, 24.811475], [93.1213718, 24.8192216], [93.1188648, 24.8076569], [93.1385674, 24.8099945], [93.1494626, 24.7873739], [93.170685, 24.8018494], [93.1761509, 24.793849], [93.1968055, 24.8111423], [93.1900589, 24.818643], [93.1916104, 24.8344048], [93.2005952, 24.837953], [93.1923075, 24.8427598], [93.2015476, 24.8420557], [93.1948267, 24.8538493], [93.2040712, 24.8510505], [93.2264449, 24.8728344], [93.2215136, 24.8815224], [93.2327885, 24.8846609], [93.2260151, 24.8919284], [93.2408027, 24.9033558], [93.2351975, 24.9114082], [93.2488368, 24.914846], [93.2459712, 24.9252483], [93.2384922, 24.9256785], [93.2451049, 24.935387], [93.2368146, 24.937163], [93.2512687, 24.9406406], [93.2453626, 24.9508062], [93.2630056, 24.9613358], [93.2491999, 24.9775016], [93.2527739, 24.998909], [93.2597799, 25.0015912], [93.2443881, 24.9980883], [93.2438828, 25.0182861], [93.2539465, 25.0205785], [93.2642049, 25.0493619], [93.2800746, 25.0509977], [93.2834633, 25.0449965], [93.2987991, 25.0519473], [93.2999572, 25.0460394], [93.3149222, 25.0846162], [93.3323706, 25.0935187], [93.3452561, 25.1234615], [93.3458701, 25.1698084], [93.3817776, 25.222901], [93.3814511, 25.2399626], [93.4011625, 25.2606165], [93.4159352, 25.2642692], [93.4275237, 25.2832407], [93.4705033, 25.3050604], [93.4534331, 25.321464], [93.4565116, 25.3353823], [93.4484341, 25.3406359], [93.4736125, 25.3792799], [93.4596584, 25.403233], [93.4581931, 25.4309841], [93.4363949, 25.4481816], [93.4155496, 25.4449843], [93.3903434, 25.4603848], [93.3855136, 25.4903911], [93.3673373, 25.4994561], [93.3501228, 25.5322487], [93.3353126, 25.5342179], [93.3266867, 25.5459233], [93.3432754, 25.5600368], [93.3587161, 25.5546322], [93.3855977, 25.5927713], [93.3987779, 25.5960328], [93.4015238, 25.6110937], [93.4137279, 25.6209934], [93.4216125, 25.6182424], [93.4273785, 25.6325344], [93.4336553, 25.6294313], [93.4443711, 25.6396118], [93.4608958, 25.6323108], [93.4573121, 25.6411366], [93.4965526, 25.6545336], [93.5183494, 25.6794267], [93.5126516, 25.6845858], [93.5224929, 25.6975735], [93.5274747, 25.6911859], [93.5411677, 25.6988445], [93.548024, 25.7117205], [93.5395518, 25.7225613], [93.5424509, 25.7309398], [93.5615119, 25.7377689], [93.5663273, 25.7547507], [93.5732203, 25.7541169], [93.5679353, 25.7584342], [93.5777505, 25.754493], [93.5859203, 25.7661488], [93.602653, 25.7650781], [93.6050389, 25.774904], [93.6174209, 25.7759883], [93.6267527, 25.7896097], [93.6246988, 25.8025629], [93.6328856, 25.8027567], [93.6461362, 25.8223796], [93.6682925, 25.8218281], [93.6882971, 25.8459487], [93.7143219, 25.8445133], [93.7020768, 25.851543], [93.6815292, 25.9043864], [93.7513133, 25.9328088], [93.7451172, 25.9423367], [93.7679581, 25.9510148], [93.7654497, 25.9697517], [93.7771894, 25.9682392], [93.795674, 25.9065094], [93.795369, 25.8923828], [93.7841583, 25.8843427], [93.789843, 25.8678095], [93.7775358, 25.8498119], [93.7954743, 25.8089278], [93.8163895, 25.8226129], [93.8211496, 25.8387408], [93.8397025, 25.85661], [93.8522574, 25.8582282], [93.8818018, 25.8433494], [93.9159958, 25.8837013], [93.933978, 25.8852475], [93.9379655, 25.8963079], [93.9610719, 25.9012334], [93.9786954, 25.9167293], [93.9687064, 25.9572559], [93.9541516, 25.9692607], [93.9591475, 25.9943332], [93.9530008, 26.0029659], [93.96247, 26.0365386], [93.9873878, 26.0667864], [93.9815345, 26.081242], [93.997931, 26.1095572], [93.9867582, 26.1139039], [93.9978217, 26.1287701], [93.9872397, 26.1310805], [94.0021732, 26.1344306], [94.0035981, 26.1442297], [93.9945219, 26.14831], [94.0036617, 26.1601069], [94.0010785, 26.1722674], [94.0320329, 26.1975367], [94.047687, 26.2493647], [94.0746234, 26.2643798], [94.0747261, 26.2835956], [94.0840959, 26.2833418], [94.1050542, 26.3199486], [94.1216822, 26.3177601], [94.1159302, 26.3296894], [94.1745559, 26.3404605], [94.1775939, 26.3464217], [94.1620319, 26.3471566], [94.1601551, 26.3542937], [94.1775813, 26.3820121], [94.1717338, 26.429785], [94.1852276, 26.4584349], [94.2026636, 26.4690636], [94.207507, 26.4864676], [94.2366223, 26.5061365], [94.2563368, 26.5412234], [94.2847851, 26.5610691], [94.2809622, 26.5350636], [94.2897476, 26.4797149], [94.2999178, 26.4636502], [94.3166223, 26.4583237], [94.3255228, 26.4819495], [94.3394428, 26.4804964], [94.3528476, 26.4900588], [94.3466471, 26.4920731], [94.3529612, 26.4992821], [94.3477918, 26.5044579], [94.3721736, 26.5060444], [94.3761413, 26.5217808], [94.400876, 26.5341526], [94.396598, 26.5427097], [94.4061566, 26.5440301], [94.4019997, 26.5546678], [94.4133831, 26.5771887], [94.4018835, 26.5935639], [94.4029218, 26.610568], [94.4356015, 26.6220387], [94.4512757, 26.6362911], [94.4654949, 26.633061], [94.4531456, 26.65255], [94.4602839, 26.6616301], [94.4926744, 26.6658894], [94.5082483, 26.6853049], [94.5175805, 26.6819323], [94.5206996, 26.6992139], [94.5392642, 26.7061849], [94.5623529, 26.7050686], [94.559389, 26.6864342], [94.566494, 26.6835581], [94.5773229, 26.700661], [94.5938792, 26.6971951], [94.5933669, 26.7149707], [94.6033372, 26.7123507], [94.5910941, 26.7205976], [94.5970715, 26.7345527], [94.6096358, 26.7369372], [94.6203017, 26.7121224], [94.6923452, 26.7319306], [94.7368946, 26.7637204], [94.7401846, 26.7759833], [94.7583287, 26.7660057], [94.7702173, 26.7890388], [94.8027172, 26.8013154], [94.7952504, 26.8144208], [94.81446, 26.8195431], [94.8174939, 26.8475138], [94.8501233, 26.8745856], [94.8735873, 26.9175162], [94.9234912, 26.9463658], [94.9308509, 26.932559], [94.9612383, 26.9371238], [94.9826182, 26.9129982], [94.9912894, 26.9208117], [95.0167641, 26.9210629], [95.0341256, 26.9355968], [95.1018126, 26.9617878], [95.1119578, 26.9806607], [95.1494906, 26.998786], [95.1930598, 27.0359281], [95.2046608, 27.0377134], [95.2106906, 27.028536], [95.2322294, 27.0427534], [95.2464362, 27.023805], [95.277127, 27.0423766], [95.2763222, 27.0521862], [95.2918297, 27.0664873], [95.3547649, 27.1039099], [95.368651, 27.1070877], [95.3637604, 27.102548], [95.3746717, 27.0926751], [95.4206459, 27.1257846], [95.4396086, 27.125917], [95.4444054, 27.1352149], [95.4532732, 27.1294342], [95.4622158, 27.1496584], [95.453318, 27.1573348], [95.4655132, 27.1663568], [95.4595217, 27.1756924], [95.4666004, 27.1816397], [95.4575785, 27.2087832], [95.4724406, 27.218931], [95.4842634, 27.2412497], [95.504674, 27.2493622], [95.5088104, 27.2618747], [95.5451216, 27.2599868], [95.5535357, 27.2488562], [95.574248, 27.2439646], [95.574732, 27.2341188], [95.5918585, 27.2229782], [95.6323407, 27.2296826], [95.6815338, 27.2517414], [95.7202065, 27.2494775], [95.7421123, 27.2666584], [95.7795827, 27.2697515], [95.800888, 27.2842671], [95.8051576, 27.2729522], [95.8593053, 27.2872209], [95.8564291, 27.2710594], [95.8924315, 27.2552841], [95.8935646, 27.2675712], [95.9043523, 27.2739182], [95.8972135, 27.2821637], [95.9600407, 27.3109508], [95.9550496, 27.3176772], [95.9755563, 27.3244595], [95.9652947, 27.3278802], [95.9868795, 27.3456091], [95.9892051, 27.3564955], [96.0177539, 27.3649191], [95.9832959, 27.4118347], [95.9702183, 27.4149081], [95.9753898, 27.4193897], [95.9693547, 27.4278861], [95.9645628, 27.4180525], [95.960339, 27.4290291], [95.9547494, 27.4196198], [95.9413097, 27.4372925], [95.907976, 27.434349], [95.8857258, 27.3981549], [95.8832161, 27.4353183], [95.8571383, 27.419881], [95.8601434, 27.408014], [95.8445066, 27.4215845], [95.8468234, 27.4385648], [95.85675, 27.4449287], [95.8533187, 27.4569083], [95.8706934, 27.4666518], [95.8743002, 27.4932471], [95.8868542, 27.4970818], [95.8758403, 27.5124224], [95.876649, 27.5442831], [95.8607409, 27.5431049], [95.8234413, 27.5744785], [95.8143371, 27.5742493], [95.8157995, 27.59867], [95.7906435, 27.5996481], [95.79034, 27.6117393], [95.7785266, 27.6239789], [95.7893789, 27.62649], [95.7957829, 27.6417003], [95.770433, 27.6577028], [95.7753587, 27.6743922], [95.7904626, 27.6801417], [95.7678659, 27.6869891], [95.765025, 27.7147815], [95.7523462, 27.7204952], [95.7793794, 27.7337094], [95.7760023, 27.7536234], [95.8003489, 27.7736947], [95.8166476, 27.8026879], [95.8380732, 27.8102348], [95.837759, 27.8241182], [95.870407, 27.8326688], [95.8902512, 27.8599927], [95.9049187, 27.8621154], [95.9016914, 27.868469], [95.910699, 27.870195], [95.9155529, 27.8837612], [95.9250882, 27.881678], [95.9155043, 27.8893876], [95.9377467, 27.8982001], [95.9298314, 27.9027426], [95.9526935, 27.9200936], [95.9483011, 27.9371151], [95.9718204, 27.9621779]], [[89.7898974, 26.3415555], [89.8067406, 26.349102], [89.8231213, 26.3279374], [89.8147036, 26.3216472], [89.7898974, 26.3415555]]]}}, {"type": "Feature", "properties": {"state_name": "Meghalaya", "stname": "MEGHALAYA", "state_lgd": 17, "id": 21}, "geometry": {"type": "Polygon", "coordinates": [[[91.8791707, 26.0979762], [91.8213003, 26.1175061], [91.7913622, 26.0852317], [91.7772799, 26.0893457], [91.7627339, 26.0723526], [91.7310612, 26.0589267], [91.7368997, 26.056246], [91.7230265, 26.0351255], [91.720108, 25.953596], [91.6706007, 25.9041515], [91.651494, 25.9062821], [91.6094721, 25.937392], [91.6118806, 25.9450268], [91.6298151, 25.9432505], [91.6407149, 25.9637584], [91.6260633, 25.9866823], [91.6349008, 26.0121371], [91.6310954, 26.0219671], [91.6195315, 26.0259568], [91.5975341, 26.0180744], [91.5798413, 26.0332478], [91.5512466, 25.9765957], [91.5356206, 25.9623039], [91.5180755, 25.9597324], [91.519816, 25.9398771], [91.5029139, 25.9265433], [91.5032614, 25.9137441], [91.5369547, 25.9312119], [91.5048794, 25.9077699], [91.4987388, 25.8959942], [91.5039032, 25.8911694], [91.4839994, 25.8930371], [91.4748089, 25.8740211], [91.5131377, 25.865713], [91.5265859, 25.8910737], [91.5351884, 25.8838806], [91.5304336, 25.871254], [91.5137181, 25.8639667], [91.4630814, 25.8569959], [91.4451487, 25.8397379], [91.4224667, 25.854474], [91.3658333, 25.8400302], [91.3353549, 25.8405442], [91.2745382, 25.7504475], [91.2224541, 25.7225633], [91.2101162, 25.7254883], [91.1904799, 25.747828], [91.1892891, 25.7639516], [91.1782621, 25.7773516], [91.1904396, 25.8114348], [91.1863057, 25.8183571], [91.2036433, 25.843214], [91.1958678, 25.8611704], [91.180228, 25.8439721], [91.14755, 25.8504916], [91.1203637, 25.8329292], [91.0621344, 25.8207781], [91.0488843, 25.8292728], [91.0718631, 25.8387609], [91.0785036, 25.8527371], [91.0482196, 25.8492032], [91.0224537, 25.823766], [91.0056042, 25.8208618], [91.0013969, 25.8250995], [91.0305484, 25.8858016], [90.968855, 25.8852193], [90.9666222, 25.9140648], [90.9474345, 25.9480919], [90.9338571, 25.9397713], [90.9173364, 25.9444077], [90.9168364, 25.9140564], [90.8944217, 25.9311798], [90.8974526, 25.9374753], [90.8845256, 25.9503079], [90.8810757, 25.9428252], [90.876688, 25.9494237], [90.8748259, 25.94255], [90.8443554, 25.9459724], [90.8354679, 25.9366054], [90.8361879, 25.9484212], [90.8090541, 25.9524373], [90.7844883, 25.9251282], [90.7811652, 25.911266], [90.7663768, 25.9076406], [90.7566774, 25.9109864], [90.7605245, 25.9218844], [90.745305, 25.9117691], [90.7389766, 25.9161584], [90.7541517, 25.9294326], [90.7527883, 25.9342702], [90.7467155, 25.9280883], [90.740397, 25.9393946], [90.748095, 25.9567161], [90.724475, 25.9467766], [90.7175875, 25.954941], [90.6883345, 25.9489092], [90.6726537, 25.93464], [90.6316433, 25.9198264], [90.6218662, 25.8978364], [90.6136048, 25.8993222], [90.6062662, 25.916617], [90.6241242, 25.9391755], [90.5878714, 25.9580709], [90.5767314, 25.9367498], [90.5438019, 25.9235934], [90.5491235, 25.9154286], [90.51498, 25.8961013], [90.5085532, 25.9015037], [90.5350044, 25.9495882], [90.5025351, 25.991461], [90.4761344, 26.0095867], [90.424099, 25.9888799], [90.3997468, 26.0125162], [90.352741, 26.0056102], [90.3403557, 25.9883434], [90.3315318, 25.9876498], [90.3274227, 25.9743748], [90.2705824, 25.9603097], [90.2114931, 25.9525932], [90.2028702, 25.9608626], [90.1868842, 25.9440946], [90.1769242, 25.958954], [90.1584701, 25.9571509], [90.151413, 25.9666699], [90.1405374, 25.9572974], [90.1168004, 25.9571661], [90.1066902, 25.9423098], [90.0921132, 25.9380712], [90.0862368, 25.9194666], [90.0605542, 25.9134592], [90.0424852, 25.887667], [90.0255061, 25.8957244], [90.0110705, 25.8846129], [90.0056251, 25.8784729], [90.0238206, 25.8672177], [90.0157505, 25.8507284], [90.0006994, 25.8462006], [90.0035857, 25.8392355], [89.9710892, 25.8263676], [89.963972, 25.8330578], [89.9676473, 25.8225185], [89.9620044, 25.8201885], [89.954158, 25.8212706], [89.9576826, 25.8291097], [89.9482592, 25.8254707], [89.9593514, 25.7799302], [89.9547783, 25.7671807], [89.9352272, 25.7544925], [89.9372833, 25.745119], [89.9242836, 25.738345], [89.8947393, 25.7449686], [89.8991259, 25.7264226], [89.9444159, 25.6792568], [89.9504525, 25.6556036], [89.9791611, 25.6387825], [89.9831783, 25.6267875], [90.0041198, 25.6267352], [90.0202503, 25.607487], [90.0029994, 25.5854242], [89.9835045, 25.5912486], [89.9721573, 25.5734917], [89.8986539, 25.56051], [89.877168, 25.5489892], [89.8788344, 25.5376964], [89.8679351, 25.5242417], [89.8733473, 25.5168939], [89.8834895, 25.5191143], [89.8859357, 25.5079206], [89.8728699, 25.5074156], [89.8716897, 25.4773485], [89.8429599, 25.456392], [89.8254914, 25.4135085], [89.8214353, 25.3555173], [89.8413953, 25.3147891], [89.831183, 25.2960289], [89.8766039, 25.2853283], [89.9069979, 25.3077339], [89.939026, 25.2990375], [89.9439218, 25.3043555], [89.9492412, 25.292714], [89.9666515, 25.3036957], [89.9770815, 25.2967918], [89.9807619, 25.2808522], [90.0042224, 25.2805525], [90.0337612, 25.2622567], [90.0545178, 25.2613638], [90.1181136, 25.2234567], [90.1714653, 25.2230607], [90.2255341, 25.2004665], [90.2339902, 25.2049017], [90.3104303, 25.1887694], [90.3302389, 25.193816], [90.3704591, 25.1628403], [90.4044812, 25.1599502], [90.4410765, 25.1445084], [90.4990535, 25.1721748], [90.5098632, 25.1694237], [90.5086395, 25.1753546], [90.6409351, 25.1745294], [90.6403497, 25.1835926], [90.6510955, 25.1822244], [90.6479677, 25.1942095], [90.6569454, 25.1847568], [90.6634201, 25.1978516], [90.6660065, 25.1658039], [90.6756508, 25.1763829], [90.6861707, 25.174268], [90.6821543, 25.164251], [90.6980682, 25.1568332], [90.7099802, 25.1681213], [90.7332765, 25.1549114], [90.7419346, 25.1612454], [90.7342243, 25.1668459], [90.7604112, 25.1682027], [90.7638335, 25.1783134], [90.7803575, 25.186115], [90.8054554, 25.1736278], [90.8058344, 25.1660257], [90.8620154, 25.1576269], [90.8839888, 25.1667185], [90.9280054, 25.1622169], [91.0191129, 25.1869705], [91.0701882, 25.192231], [91.069643, 25.19841], [91.1252456, 25.1939967], [91.1946758, 25.2018167], [91.2516309, 25.1951686], [91.2680134, 25.2072441], [91.2922277, 25.1933197], [91.2865684, 25.1853503], [91.3537513, 25.1712564], [91.3638186, 25.178065], [91.3687997, 25.1706197], [91.3982471, 25.1646834], [91.4108689, 25.1636578], [91.4146494, 25.1711302], [91.440578, 25.1496332], [91.468631, 25.151794], [91.4642282, 25.1348108], [91.4710164, 25.133587], [91.4995985, 25.1354154], [91.5095537, 25.1474456], [91.5572144, 25.1497561], [91.5632398, 25.1605726], [91.5765813, 25.1598165], [91.5715733, 25.1652672], [91.5769728, 25.1716917], [91.6097345, 25.1770484], [91.6153995, 25.1699488], [91.5999806, 25.1595955], [91.6023439, 25.1423022], [91.6215083, 25.1434066], [91.6231963, 25.1278828], [91.6379142, 25.1225445], [91.6527667, 25.1311956], [91.665026, 25.1284273], [91.669942, 25.1378999], [91.6917963, 25.1371176], [91.7037828, 25.1600169], [91.7476411, 25.1401514], [91.7446929, 25.1698491], [91.7560307, 25.1774975], [91.7589976, 25.1682806], [91.7746071, 25.1631295], [91.8276941, 25.1777771], [91.8806258, 25.1729205], [91.9146121, 25.1812865], [91.9668163, 25.176376], [91.971669, 25.1675809], [92.0037616, 25.1861638], [92.0261864, 25.1791705], [92.0405526, 25.1863728], [92.0738511, 25.1849482], [92.1328821, 25.1601471], [92.1397417, 25.153757], [92.1343768, 25.1428745], [92.1445685, 25.1396644], [92.1358369, 25.138738], [92.1657132, 25.1359471], [92.1595922, 25.1266033], [92.1788869, 25.1261344], [92.1839281, 25.1179211], [92.1893254, 25.1362875], [92.1945016, 25.1256432], [92.2193832, 25.1170054], [92.200403, 25.1199825], [92.1961682, 25.1080314], [92.2221814, 25.103753], [92.2275504, 25.0937053], [92.3103985, 25.0692678], [92.3349145, 25.0784454], [92.3485535, 25.0734914], [92.3394974, 25.0499554], [92.3628832, 25.0498886], [92.3697144, 25.0408753], [92.4214852, 25.0277954], [92.4381921, 25.0346477], [92.4425305, 25.0452413], [92.4642855, 25.0374354], [92.4569778, 25.0540678], [92.4720267, 25.0672542], [92.4809659, 25.1085757], [92.5394233, 25.0990541], [92.5216175, 25.1390288], [92.5553562, 25.1269525], [92.5880817, 25.1287836], [92.6214328, 25.1150264], [92.6283104, 25.1381027], [92.6557598, 25.1549522], [92.6634752, 25.1766679], [92.6939003, 25.1792364], [92.7428748, 25.2066519], [92.776214, 25.1996146], [92.8020867, 25.215125], [92.7716682, 25.22998], [92.7618879, 25.2465284], [92.7777453, 25.2581775], [92.7686189, 25.2681193], [92.7924952, 25.2825646], [92.7814277, 25.3044536], [92.7869321, 25.3143734], [92.7817981, 25.3331829], [92.7610677, 25.3335159], [92.7499021, 25.3440959], [92.746415, 25.3583251], [92.7323565, 25.3689159], [92.7380197, 25.3793334], [92.7179423, 25.3726268], [92.6735293, 25.4140242], [92.6616442, 25.4063546], [92.651902, 25.419243], [92.6536201, 25.4335235], [92.6395613, 25.4175657], [92.6256456, 25.4349165], [92.6276385, 25.4219671], [92.606631, 25.4132325], [92.5986131, 25.4681384], [92.5841106, 25.4655985], [92.5803594, 25.4720834], [92.5646655, 25.4654836], [92.5736541, 25.4904782], [92.6428394, 25.5348094], [92.6454199, 25.5557425], [92.6614615, 25.5721864], [92.6529913, 25.5909281], [92.5948189, 25.5515932], [92.5724915, 25.5573506], [92.5567259, 25.5709613], [92.5541674, 25.6148036], [92.5056297, 25.6163114], [92.4703335, 25.6751516], [92.4406483, 25.6916013], [92.4442911, 25.7196953], [92.4311783, 25.7321759], [92.4116494, 25.7300338], [92.4143241, 25.7414609], [92.4066207, 25.7445997], [92.381778, 25.742044], [92.3840194, 25.754523], [92.3335104, 25.7241159], [92.3113408, 25.7278947], [92.2643706, 25.7090912], [92.234453, 25.7075796], [92.2250343, 25.7160896], [92.1701957, 25.667129], [92.1561582, 25.6721999], [92.1547768, 25.7062143], [92.1442469, 25.7168135], [92.1626743, 25.7412857], [92.1478153, 25.7729505], [92.1511, 25.8166388], [92.1612786, 25.8205947], [92.1620163, 25.8355426], [92.1775039, 25.8515012], [92.177244, 25.8727498], [92.2255619, 25.9091687], [92.202275, 25.9063261], [92.1945274, 25.9184571], [92.1755478, 25.907367], [92.1547392, 25.9109925], [92.1609276, 25.9281504], [92.1524365, 25.9443186], [92.164052, 25.9578149], [92.164211, 25.9702759], [92.1808845, 25.9850105], [92.1985487, 25.9882204], [92.2038508, 26.0012246], [92.2338734, 26.0091166], [92.2634655, 26.0331297], [92.2610794, 26.0416352], [92.270032, 26.0474549], [92.2639473, 26.0573612], [92.274893, 26.0656507], [92.1871598, 26.0665744], [92.176083, 26.0702254], [92.1788002, 26.0781901], [92.1693997, 26.0776382], [92.1342103, 26.052448], [92.1326159, 26.0442387], [92.0972876, 26.0492234], [92.0517467, 26.0328249], [91.9890562, 26.0385297], [91.983569, 26.0258024], [91.931147, 26.0123561], [91.9189844, 25.9978325], [91.9097586, 26.008775], [91.9146923, 26.0204989], [91.883044, 26.0261006], [91.8747527, 26.0430159], [91.867298, 26.0420176], [91.8791707, 26.0979762]]]}}, {"type": "Feature", "properties": {"state_name": "Tripura", "stname": "TRIPURA", "state_lgd": 16, "id": 31}, "geometry": {"type": "Polygon", "coordinates": [[[92.1677052, 24.5307683], [92.1549647, 24.5229695], [92.159113, 24.5071746], [92.1504963, 24.4952233], [92.1691282, 24.4277663], [92.1634147, 24.4185766], [92.1370005, 24.4249592], [92.1351646, 24.407164], [92.1191215, 24.3901126], [92.1219012, 24.3822429], [92.1023094, 24.3829496], [92.0904054, 24.3718887], [92.0439757, 24.3749154], [92.0200692, 24.3865447], [92.0071093, 24.3814971], [91.9964397, 24.3936672], [91.985787, 24.3768907], [91.9719943, 24.3847508], [91.9669151, 24.3797738], [91.9983432, 24.3340631], [91.9959506, 24.3220545], [91.9771394, 24.3274171], [91.9689973, 24.3501515], [91.9568015, 24.3566342], [91.9413317, 24.342546], [91.9199888, 24.3374609], [91.9408187, 24.2680915], [91.9057526, 24.1386002], [91.8846266, 24.1386017], [91.8738781, 24.1740433], [91.8459777, 24.1913055], [91.841964, 24.2013416], [91.8551793, 24.2123863], [91.8447071, 24.2257706], [91.8166625, 24.209983], [91.7450285, 24.2469748], [91.7593727, 24.1415274], [91.7284249, 24.143235], [91.7217603, 24.1524797], [91.7060972, 24.1542806], [91.7033153, 24.1633484], [91.6882806, 24.1620854], [91.6666877, 24.2118773], [91.6651593, 24.2335293], [91.6478298, 24.2185663], [91.6600025, 24.1898006], [91.6562931, 24.1761518], [91.6467633, 24.1786207], [91.6466088, 24.1566266], [91.6344459, 24.138055], [91.6380033, 24.1034081], [91.6114604, 24.0920816], [91.59454, 24.0965337], [91.5985027, 24.0844827], [91.586073, 24.072601], [91.5744466, 24.0799821], [91.5453024, 24.0741993], [91.4731647, 24.1017527], [91.4428462, 24.0972642], [91.4307737, 24.0999252], [91.4280946, 24.1084516], [91.3746106, 24.1077704], [91.3771325, 24.0798427], [91.3965985, 24.0496201], [91.3908553, 24.0257773], [91.3733359, 24.0026453], [91.3795266, 23.9753262], [91.3616629, 23.9862604], [91.341221, 23.9819852], [91.3300986, 23.9924014], [91.3151404, 23.990459], [91.3040111, 23.9980099], [91.2997941, 23.9721197], [91.2876796, 23.9680065], [91.2846882, 23.9820999], [91.2642305, 23.9442194], [91.2762137, 23.922525], [91.233019, 23.9269572], [91.2461845, 23.9130801], [91.2284697, 23.8986314], [91.2296156, 23.8805944], [91.2540879, 23.8371857], [91.2266367, 23.7915639], [91.2306818, 23.7649209], [91.2190283, 23.7364265], [91.2103749, 23.7491557], [91.1966286, 23.7510932], [91.1677982, 23.7496408], [91.157077, 23.7420183], [91.1491985, 23.7115251], [91.1542427, 23.6883929], [91.1955174, 23.6921447], [91.2085286, 23.6864012], [91.1994217, 23.6465789], [91.1563038, 23.6707174], [91.1624987, 23.5950438], [91.17713, 23.5931983], [91.1752679, 23.5855075], [91.1951466, 23.5624833], [91.1944508, 23.5471776], [91.2129457, 23.5504141], [91.2007636, 23.5200235], [91.2079716, 23.5120927], [91.2235777, 23.5139804], [91.2179795, 23.4995048], [91.2355723, 23.5017876], [91.2363774, 23.4889937], [91.2493424, 23.490171], [91.2515521, 23.4536436], [91.2706506, 23.4298021], [91.263434, 23.4237241], [91.276444, 23.4147043], [91.2797511, 23.3765982], [91.2933031, 23.3775826], [91.2937514, 23.3712484], [91.2842351, 23.3710839], [91.2947614, 23.3612189], [91.2910706, 23.3506571], [91.320086, 23.3600883], [91.3107937, 23.3423828], [91.2961653, 23.3408924], [91.2898528, 23.3185245], [91.3131649, 23.3063032], [91.3149599, 23.29661], [91.3072098, 23.2997778], [91.3003053, 23.2921617], [91.3166725, 23.2818838], [91.3098897, 23.276109], [91.3180213, 23.252893], [91.3266068, 23.2522866], [91.3186962, 23.2454896], [91.3233346, 23.1580138], [91.3331242, 23.1528469], [91.3418704, 23.1177964], [91.3476272, 23.1187859], [91.3469586, 23.1023026], [91.3697911, 23.0703714], [91.3957857, 23.0561338], [91.4173711, 23.0647571], [91.4108535, 23.0660232], [91.4174744, 23.0828777], [91.4081233, 23.0834567], [91.4060663, 23.0969246], [91.4002579, 23.0964226], [91.4034175, 23.1137186], [91.3798963, 23.1845129], [91.3877551, 23.2078903], [91.3807682, 23.2084288], [91.3921348, 23.2200263], [91.386471, 23.2275556], [91.4008393, 23.229215], [91.3925533, 23.2458925], [91.4087448, 23.2476162], [91.3972958, 23.2562485], [91.3975612, 23.2651247], [91.4113244, 23.2556645], [91.4089386, 23.2851936], [91.4196353, 23.2732596], [91.418313, 23.2553878], [91.4211566, 23.2617695], [91.4542104, 23.2603708], [91.4452357, 23.2470744], [91.4579086, 23.2459911], [91.4702729, 23.2276306], [91.4506133, 23.2194134], [91.4586241, 23.213285], [91.4754093, 23.2203554], [91.4844308, 23.2091809], [91.4824404, 23.1984181], [91.4708549, 23.1964364], [91.4849309, 23.1882078], [91.5032333, 23.1920779], [91.5010986, 23.185274], [91.5075405, 23.1836843], [91.4917412, 23.1775596], [91.4982599, 23.1716459], [91.4908818, 23.1576036], [91.5072154, 23.1542357], [91.494888, 23.1471422], [91.4987466, 23.1427017], [91.5153181, 23.1449884], [91.5031458, 23.130491], [91.5176374, 23.12542], [91.5204161, 23.1144338], [91.5123, 23.1132154], [91.5113152, 23.1041882], [91.5223628, 23.1040015], [91.5190163, 23.094131], [91.5298321, 23.091662], [91.5251316, 23.0828079], [91.5353428, 23.0633143], [91.5249635, 23.0553478], [91.5362757, 23.0545148], [91.5304897, 23.0383084], [91.5503498, 23.0384086], [91.5386317, 23.0191932], [91.5482155, 23.0192353], [91.5424865, 22.9994571], [91.5570352, 22.9966012], [91.5572225, 22.9784597], [91.5767625, 22.965219], [91.5906289, 22.9768947], [91.6061045, 22.9719086], [91.6137964, 22.9583715], [91.6055419, 22.962364], [91.6001662, 22.9546956], [91.6158423, 22.9514699], [91.6179471, 22.9385285], [91.6255413, 22.9440196], [91.6245637, 22.9615663], [91.6356168, 22.961078], [91.6454595, 22.9850216], [91.6515365, 22.9767162], [91.6817731, 22.97725], [91.6935999, 22.988255], [91.7088383, 22.9818556], [91.7206247, 22.9874239], [91.7719165, 23.033027], [91.7685423, 23.0409347], [91.7744081, 23.0384822], [91.7743069, 23.0270788], [91.7806082, 23.0290925], [91.7745174, 23.069616], [91.7895387, 23.0716701], [91.7940872, 23.0622838], [91.8060276, 23.0630284], [91.8183891, 23.0727421], [91.814748, 23.080576], [91.8358004, 23.0929855], [91.8134557, 23.0992007], [91.8180929, 23.1120434], [91.8108876, 23.1216537], [91.8147712, 23.133324], [91.8081034, 23.1355007], [91.8142388, 23.1450952], [91.8060849, 23.1573277], [91.8100908, 23.1650729], [91.7888736, 23.2044422], [91.7910765, 23.2267918], [91.7830734, 23.2433327], [91.7761922, 23.2431659], [91.7770926, 23.2692321], [91.7613617, 23.2770548], [91.762569, 23.3027939], [91.8252054, 23.3525911], [91.8449895, 23.4046854], [91.860251, 23.4051639], [91.8997113, 23.4406002], [91.9426081, 23.4349765], [91.9366622, 23.4666024], [91.9586364, 23.4728836], [91.9583323, 23.4794055], [91.9703012, 23.4781524], [91.9710489, 23.5030186], [91.9562808, 23.5257067], [91.9644546, 23.535394], [91.9567975, 23.5512723], [91.9542938, 23.609556], [91.9423635, 23.6337981], [91.9466543, 23.6459831], [91.9340184, 23.6845552], [91.941338, 23.6935999], [91.9578943, 23.6944064], [91.9506622, 23.6995824], [91.950668, 23.7262338], [91.9598026, 23.7347823], [91.9782684, 23.7330835], [92.0004081, 23.6706968], [92.041956, 23.6479248], [92.062922, 23.6451671], [92.079181, 23.6484524], [92.0763086, 23.668039], [92.0830294, 23.6800533], [92.0996941, 23.6767086], [92.1070791, 23.6891239], [92.1238557, 23.6954984], [92.1446697, 23.733493], [92.1697339, 23.7396816], [92.177622, 23.7078241], [92.1860924, 23.7109784], [92.2071341, 23.6998666], [92.2136586, 23.68495], [92.2066036, 23.6610042], [92.219695, 23.6519647], [92.2420273, 23.6947494], [92.2391694, 23.7184279], [92.2654905, 23.7250072], [92.2673074, 23.7685972], [92.2570983, 23.81277], [92.2825117, 23.8153869], [92.2691755, 23.8469129], [92.2875952, 23.8684772], [92.3085446, 23.8567857], [92.3167314, 23.8643474], [92.311182, 23.8801144], [92.3251887, 23.9140895], [92.3089874, 23.9312231], [92.3079653, 23.960559], [92.3261976, 23.9977764], [92.3139504, 24.0212244], [92.3198232, 24.0244391], [92.3121106, 24.0324139], [92.3121542, 24.0521171], [92.3276684, 24.1014877], [92.3245562, 24.1394335], [92.3307022, 24.1396941], [92.3317311, 24.1517851], [92.3238658, 24.1712343], [92.3320574, 24.1795612], [92.2895925, 24.2523534], [92.2128724, 24.2499268], [92.2740899, 24.3883174], [92.2544819, 24.4205342], [92.2593951, 24.439213], [92.2390267, 24.4474613], [92.230184, 24.4615146], [92.236649, 24.4845878], [92.2304391, 24.5017103], [92.2023084, 24.5073496], [92.1677052, 24.5307683]]]}}, {"type": "Feature", "properties": {"state_name": "Mizoram", "stname": "MIZORAM", "state_lgd": 15, "id": 22}, "geometry": {"type": "Polygon", "coordinates": [[[92.8012742, 24.4296521], [92.7629972, 24.5211317], [92.7521516, 24.5062314], [92.7036135, 24.3754469], [92.692825, 24.3684678], [92.6848359, 24.3465367], [92.6613678, 24.3481558], [92.6457645, 24.3277817], [92.6356905, 24.3366983], [92.6246721, 24.3336146], [92.6123032, 24.2534676], [92.5508961, 24.2472223], [92.5342123, 24.1801465], [92.524039, 24.1714395], [92.5155153, 24.1788551], [92.5015073, 24.1603877], [92.4837149, 24.1630328], [92.4786792, 24.1420222], [92.4643204, 24.1362259], [92.436422, 24.153033], [92.4357261, 24.179293], [92.4188966, 24.1926972], [92.4225321, 24.2548561], [92.2895925, 24.2523534], [92.3320574, 24.1795612], [92.3238658, 24.1712343], [92.3317311, 24.1517851], [92.3307022, 24.1396941], [92.3245562, 24.1394335], [92.3276684, 24.1014877], [92.3121542, 24.0521171], [92.3121106, 24.0324139], [92.3198232, 24.0244391], [92.3139504, 24.0212244], [92.3261976, 23.9977764], [92.3079653, 23.960559], [92.3089874, 23.9312231], [92.3251887, 23.9140895], [92.311182, 23.8801144], [92.3150344, 23.8604985], [92.307668, 23.8569109], [92.2851117, 23.8671491], [92.2686778, 23.8421751], [92.282337, 23.8146326], [92.2570648, 23.8124718], [92.2673074, 23.7685972], [92.2654905, 23.7250072], [92.2796935, 23.7158062], [92.2909424, 23.6908312], [92.2730303, 23.6416647], [92.2817774, 23.6385584], [92.276637, 23.6317497], [92.2786313, 23.6249199], [92.2885457, 23.6288663], [92.2960391, 23.6210814], [92.2873415, 23.616742], [92.2872592, 23.5960388], [92.2965242, 23.5880259], [92.3018478, 23.5924319], [92.3133982, 23.5563556], [92.3062535, 23.5350397], [92.3178941, 23.5263262], [92.3136003, 23.5155041], [92.3228271, 23.5010218], [92.3160585, 23.4868238], [92.3261597, 23.4788026], [92.3171338, 23.4716544], [92.3318011, 23.4660647], [92.3255041, 23.4590811], [92.3332951, 23.4559316], [92.3270797, 23.4485439], [92.3339167, 23.4288338], [92.3464905, 23.4331863], [92.3477521, 23.4128064], [92.357401, 23.4106983], [92.3526649, 23.3808651], [92.3651073, 23.3795911], [92.3564254, 23.372347], [92.3639398, 23.3661621], [92.3704901, 23.3735806], [92.3790578, 23.3618278], [92.3806848, 23.3511799], [92.3643641, 23.3229183], [92.385683, 23.3062034], [92.3811646, 23.2851029], [92.4041904, 23.2406572], [92.3467847, 23.2356734], [92.3643587, 23.1566152], [92.3569678, 23.1341504], [92.3681997, 23.1272643], [92.3580119, 23.1032702], [92.3800537, 23.0862865], [92.3920704, 23.0570597], [92.3829104, 23.0339104], [92.3850185, 22.9861126], [92.3743415, 22.9706462], [92.3781725, 22.9520639], [92.3717786, 22.9361711], [92.3764191, 22.9286214], [92.3975862, 22.9296988], [92.4010992, 22.9119527], [92.4202652, 22.9183451], [92.4337308, 22.8857911], [92.449236, 22.895009], [92.4485487, 22.8763716], [92.4604684, 22.870902], [92.4526819, 22.8621781], [92.4644578, 22.8546539], [92.4564772, 22.8510297], [92.4632477, 22.8417462], [92.4528902, 22.842965], [92.4619469, 22.8307966], [92.4542499, 22.8188619], [92.4722728, 22.7958565], [92.4691028, 22.7824745], [92.4793546, 22.7527966], [92.4738442, 22.7462085], [92.5131959, 22.7327852], [92.5287245, 22.6651522], [92.5274343, 22.6207848], [92.5393747, 22.5891484], [92.5329717, 22.5877637], [92.5381386, 22.5750999], [92.5272951, 22.5729882], [92.5216713, 22.5598843], [92.5399953, 22.5406032], [92.5433838, 22.5141712], [92.5512815, 22.5132964], [92.5425953, 22.4987553], [92.5499273, 22.4973275], [92.5433259, 22.4932531], [92.5562906, 22.4248901], [92.5520766, 22.4089736], [92.559827, 22.4018349], [92.5593303, 22.3818585], [92.5811658, 22.3217639], [92.5772536, 22.3111526], [92.586587, 22.2802467], [92.5810214, 22.2691787], [92.5907705, 22.2554684], [92.5952257, 22.1753901], [92.6071267, 22.172531], [92.6092265, 22.1640186], [92.6057464, 22.1233923], [92.5944649, 22.1251415], [92.5925851, 22.1388279], [92.5790744, 22.1429046], [92.5626201, 22.1280237], [92.5751405, 22.1161658], [92.5922192, 22.0656213], [92.6026591, 22.0611005], [92.5926163, 22.0374382], [92.6000668, 22.0284066], [92.5980964, 22.0089767], [92.6127607, 21.9901149], [92.6032199, 21.9776251], [92.6349402, 21.9832197], [92.6516127, 22.0159089], [92.6797482, 22.0115527], [92.6817656, 22.1034605], [92.688038, 22.1037264], [92.6896294, 22.0718816], [92.6920174, 22.139104], [92.6997641, 22.1550731], [92.7268043, 22.1491051], [92.7353775, 22.1344428], [92.7600325, 22.1255135], [92.7712275, 22.1089141], [92.7903469, 22.1048045], [92.7972483, 22.0939886], [92.8099421, 22.0959219], [92.8181697, 22.0749462], [92.8367436, 22.0716575], [92.8411002, 22.0593951], [92.8523741, 22.0663286], [92.8634028, 22.0626741], [92.8650648, 22.0236922], [92.8799406, 22.0220096], [92.8786436, 22.0150537], [92.8944309, 22.0037459], [92.9038519, 21.9400395], [92.9207482, 21.9918273], [92.9357774, 22.005697], [92.9272458, 22.0156361], [92.9399678, 22.0135581], [92.9522492, 22.0297103], [92.9779228, 21.9974737], [92.9805613, 21.9800582], [93.0074135, 21.9823255], [93.0042677, 22.0170456], [92.9948135, 22.0321924], [93.0116255, 22.0883956], [93.0045324, 22.1035927], [93.0595759, 22.1012522], [93.0570504, 22.1213695], [93.0371953, 22.1443786], [93.0491002, 22.1689022], [93.0382204, 22.195028], [93.0632985, 22.2073013], [93.0892921, 22.1966962], [93.1110425, 22.2040284], [93.1235624, 22.173546], [93.1508275, 22.1762603], [93.1614614, 22.1970964], [93.1486443, 22.2117064], [93.1420954, 22.2454641], [93.1776191, 22.245725], [93.2017894, 22.2625664], [93.1935939, 22.2880943], [93.1991761, 22.2942387], [93.1895688, 22.300797], [93.1957484, 22.3143245], [93.1890451, 22.3227256], [93.1966774, 22.3287556], [93.1858329, 22.3399436], [93.1852901, 22.4281531], [93.163469, 22.4512982], [93.1387043, 22.4545162], [93.1308514, 22.4681592], [93.13456, 22.4917519], [93.123785, 22.5083798], [93.1282071, 22.5236534], [93.1065504, 22.5270251], [93.1120707, 22.5576227], [93.1403138, 22.5922652], [93.1279677, 22.6239409], [93.1082577, 22.6357257], [93.1095708, 22.6554875], [93.0954594, 22.6724879], [93.1019231, 22.6826714], [93.0909894, 22.7048083], [93.1073559, 22.7526154], [93.0947177, 22.8061864], [93.1105469, 22.8180531], [93.1033842, 22.8234868], [93.1181217, 22.8424893], [93.1172987, 22.8631052], [93.1343466, 22.8912918], [93.1311739, 22.9060935], [93.1397835, 22.9135098], [93.164537, 22.9104935], [93.1481296, 22.9251118], [93.1380391, 22.9505645], [93.1406275, 22.9899553], [93.120167, 23.0024417], [93.1258126, 23.0407227], [93.136265, 23.0606476], [93.1560889, 23.0431814], [93.1846095, 23.0595407], [93.1882235, 23.0521926], [93.2098654, 23.0485396], [93.2150486, 23.0272975], [93.2297806, 23.0199288], [93.2294617, 23.0116499], [93.2935354, 23.0064396], [93.304522, 23.0202202], [93.3138524, 23.0194255], [93.3346054, 23.0594525], [93.3432463, 23.0581864], [93.3408145, 23.0677021], [93.3520598, 23.0703971], [93.3392606, 23.0738338], [93.34457, 23.0917675], [93.3542886, 23.0968301], [93.3556646, 23.1160522], [93.385613, 23.1338354], [93.3864534, 23.1441062], [93.3682343, 23.1440987], [93.3686458, 23.1752959], [93.3806365, 23.186586], [93.3754503, 23.2042216], [93.388613, 23.2169182], [93.3626147, 23.2791376], [93.3699273, 23.2871675], [93.365085, 23.3063351], [93.3716245, 23.3096143], [93.3638326, 23.3132347], [93.3715738, 23.3135446], [93.3669177, 23.3221563], [93.3728827, 23.3294179], [93.3557726, 23.3518919], [93.3876307, 23.359397], [93.3864904, 23.3740787], [93.4016473, 23.3837486], [93.3883122, 23.4208167], [93.3880128, 23.4463776], [93.394757, 23.4480696], [93.3993126, 23.4718834], [93.392498, 23.4788139], [93.3947226, 23.5037596], [93.4185363, 23.5400071], [93.4098153, 23.5636487], [93.4220719, 23.5713704], [93.4285611, 23.5882812], [93.4165016, 23.6476286], [93.4369062, 23.6870407], [93.4072748, 23.7072438], [93.4109526, 23.7294038], [93.391554, 23.756692], [93.4032623, 23.8070456], [93.3900502, 23.8177181], [93.3849638, 23.8481275], [93.3942764, 23.9242767], [93.3807048, 23.9345317], [93.3689286, 23.9301825], [93.3611943, 23.9447552], [93.3574972, 23.9454549], [93.3556461, 23.9419537], [93.3507639, 23.94165], [93.3511437, 23.9616534], [93.328889, 23.9847996], [93.3375018, 23.9896656], [93.3296044, 24.0204383], [93.3389629, 24.0214777], [93.3259139, 24.0299172], [93.3375075, 24.0411687], [93.3276297, 24.0423684], [93.3258009, 24.0503542], [93.2835305, 24.048397], [93.2506385, 24.0207124], [93.2477527, 24.0307546], [93.2619862, 24.0571523], [93.2591076, 24.0697144], [93.2434493, 24.0822732], [93.2192921, 24.0809957], [93.2121692, 24.0470628], [93.1653358, 24.0520555], [93.1653945, 24.0721702], [93.1434687, 24.0852386], [93.1249428, 24.0612764], [93.0965069, 24.0423367], [93.0979482, 24.0712633], [93.0751646, 24.1002709], [93.0493871, 24.0880471], [92.9922036, 24.1141997], [92.9721952, 24.1123458], [92.9694338, 24.1214015], [92.9852178, 24.1292666], [92.9869644, 24.1478069], [93.0012651, 24.1580573], [92.9991488, 24.1714997], [93.0067339, 24.1796451], [92.9988949, 24.1949673], [93.0124624, 24.197447], [93.0195355, 24.2149682], [93.0152813, 24.2262552], [93.022453, 24.2300174], [93.0026122, 24.2513918], [93.0070144, 24.285498], [93.0311619, 24.3157654], [93.0393172, 24.3407418], [93.0175457, 24.3442192], [93.013094, 24.377354], [93.0203546, 24.3878502], [92.9748355, 24.408456], [92.9601684, 24.3919342], [92.9511698, 24.4029942], [92.9337243, 24.3923125], [92.9093446, 24.412909], [92.9028797, 24.3910659], [92.8836854, 24.402413], [92.8733436, 24.3948611], [92.8609414, 24.3984989], [92.8433587, 24.3778666], [92.8293732, 24.3736875], [92.8231435, 24.3864696], [92.8299455, 24.4002896], [92.7993674, 24.4191287], [92.8012742, 24.4296521]]]}}, {"type": "Feature", "properties": {"state_name": "Manipur", "stname": "MANIPUR", "state_lgd": 14, "id": 20}, "geometry": {"type": "Polygon", "coordinates": [[[94.5727205, 25.6427222], [94.5924525, 25.681285], [94.5685691, 25.6920902], [94.5473118, 25.6569204], [94.5197385, 25.6379288], [94.5009109, 25.6115225], [94.4696238, 25.6162487], [94.4433961, 25.5926926], [94.4256033, 25.5874132], [94.4158171, 25.5373328], [94.3840995, 25.5313245], [94.3045881, 25.4887089], [94.2824105, 25.5066736], [94.2477549, 25.4941108], [94.2105916, 25.4953643], [94.1865322, 25.5259786], [94.1907079, 25.5476332], [94.1637662, 25.5422804], [94.1560075, 25.5505378], [94.1346005, 25.519016], [94.0880491, 25.5281536], [94.0921275, 25.5371471], [94.0819238, 25.5551863], [94.0654148, 25.5544768], [94.0501655, 25.5723011], [94.0108563, 25.5917657], [94.00378, 25.586584], [94.0065037, 25.5669348], [93.9765984, 25.5669369], [93.9613512, 25.5522949], [93.8964521, 25.5645798], [93.8584987, 25.5534585], [93.8327954, 25.5590539], [93.8160162, 25.5404025], [93.7669891, 25.536388], [93.7621021, 25.4960015], [93.784747, 25.5025489], [93.8003052, 25.4950544], [93.810114, 25.4807287], [93.8052089, 25.4615894], [93.777261, 25.4207562], [93.7428787, 25.4018111], [93.7359843, 25.3805208], [93.7193045, 25.3717095], [93.7142401, 25.3577373], [93.6889949, 25.3577835], [93.6833097, 25.3274004], [93.668286, 25.3249246], [93.6691247, 25.3077195], [93.6041545, 25.1983559], [93.5891807, 25.2002482], [93.5864651, 25.2162912], [93.5509775, 25.2469571], [93.501467, 25.2406549], [93.5071439, 25.2721338], [93.4731409, 25.2756303], [93.4705556, 25.3050505], [93.4275237, 25.2832407], [93.4159352, 25.2642692], [93.3936617, 25.2547409], [93.3810987, 25.2394977], [93.3817032, 25.2227655], [93.3458701, 25.1698084], [93.3452561, 25.1234615], [93.3323706, 25.0935187], [93.3149222, 25.0846162], [93.2999572, 25.0460394], [93.2987991, 25.0519473], [93.2834633, 25.0449965], [93.2800746, 25.0509977], [93.2642049, 25.0493619], [93.2539465, 25.0205785], [93.2438828, 25.0182861], [93.2443881, 24.9980883], [93.2597799, 25.0015912], [93.2527739, 24.998909], [93.2491999, 24.9775016], [93.2630056, 24.9613358], [93.2453626, 24.9508062], [93.2512687, 24.9406406], [93.2368146, 24.937163], [93.2451049, 24.935387], [93.2384922, 24.9256785], [93.2459712, 24.9252483], [93.2488368, 24.914846], [93.2351975, 24.9114082], [93.2408027, 24.9033558], [93.2260151, 24.8919284], [93.2327885, 24.8846609], [93.2215136, 24.8815224], [93.2264449, 24.8728344], [93.2040712, 24.8510505], [93.1995521, 24.855147], [93.1948267, 24.8538493], [93.2015476, 24.8420557], [93.1923075, 24.8427598], [93.2005952, 24.837953], [93.1916104, 24.8344048], [93.1900589, 24.818643], [93.196954, 24.8113589], [93.1761509, 24.793849], [93.170685, 24.8018494], [93.1494626, 24.7873739], [93.1385674, 24.8099945], [93.1188648, 24.8076569], [93.1213718, 24.8192216], [93.1094287, 24.811475], [93.0982506, 24.75437], [93.0998768, 24.7431709], [93.1077605, 24.7414415], [93.0906535, 24.7250779], [93.0866233, 24.709532], [93.0735468, 24.7078057], [93.0912571, 24.6880304], [93.0901089, 24.677174], [93.1019104, 24.6807017], [93.1041543, 24.6741567], [93.095366, 24.6528265], [93.0831868, 24.6498129], [93.0872823, 24.6296679], [93.0756793, 24.6245366], [93.0842109, 24.6136017], [93.0711513, 24.6006423], [93.1043616, 24.582382], [93.0843973, 24.5711335], [93.058511, 24.5744558], [93.070809, 24.5580475], [93.0646203, 24.5467871], [93.0570063, 24.5544081], [93.0499943, 24.5442075], [93.0501322, 24.5194344], [93.0387393, 24.5128718], [93.042771, 24.5047932], [93.0325552, 24.4952974], [93.0463663, 24.4735653], [93.0455639, 24.4632771], [93.0357224, 24.4597552], [93.0329239, 24.4287504], [93.042562, 24.4149111], [93.0234354, 24.4067469], [93.0119505, 24.4167152], [92.998308, 24.3997562], [93.0203546, 24.3878502], [93.013094, 24.377354], [93.0175457, 24.3442192], [93.0393172, 24.3407418], [93.0311619, 24.3157654], [93.0041495, 24.2779066], [93.0098354, 24.2690855], [93.0026122, 24.2513918], [93.022453, 24.2300174], [93.0152813, 24.2262552], [93.0181164, 24.2074599], [93.0124624, 24.197447], [92.9988949, 24.1949673], [93.0067339, 24.1796451], [92.9991488, 24.1714997], [93.0012651, 24.1580573], [92.9869644, 24.1478069], [92.9852178, 24.1292666], [92.9694338, 24.1214015], [92.9721952, 24.1123458], [92.9922036, 24.1141997], [93.0493871, 24.0880471], [93.0751646, 24.1002709], [93.0979482, 24.0712633], [93.0965069, 24.0423367], [93.1249428, 24.0612764], [93.1377723, 24.0839545], [93.1653945, 24.0721702], [93.1653358, 24.0520555], [93.2121692, 24.0470628], [93.2192921, 24.0809957], [93.2434493, 24.0822732], [93.2591076, 24.0697144], [93.2619862, 24.0571523], [93.2477527, 24.0307546], [93.2506385, 24.0207124], [93.2835305, 24.048397], [93.3321198, 24.0531327], [93.3384221, 24.0626682], [93.3285475, 24.0811527], [93.3360585, 24.0904907], [93.3538068, 24.0905335], [93.3428652, 24.0972305], [93.348824, 24.1047403], [93.3580929, 24.0910377], [93.3989856, 24.0851766], [93.4169464, 24.0714074], [93.4330707, 24.0240063], [93.4530924, 24.0136204], [93.4531089, 23.9994966], [93.4636223, 23.9940616], [93.4635049, 23.9733742], [93.5047603, 23.9421867], [93.5149106, 23.9426576], [93.5249174, 23.9563568], [93.5501077, 23.9591609], [93.5597731, 23.9820713], [93.5913112, 23.9605875], [93.5989595, 23.9723911], [93.6081582, 23.9716206], [93.6118555, 23.9973204], [93.6233543, 24.0109192], [93.6632169, 24.0014876], [93.6909077, 24.00851], [93.7243596, 23.9971711], [93.7542002, 24.0054217], [93.771736, 23.9689208], [93.7976264, 23.9476721], [93.807383, 23.9270752], [93.8593701, 23.9319718], [93.8940916, 23.9529325], [93.9304603, 23.9502504], [93.9607606, 23.9281866], [93.9911963, 23.9275649], [94.0621703, 23.8805669], [94.0843045, 23.8814269], [94.1206723, 23.8328484], [94.1376346, 23.852417], [94.153969, 23.8531524], [94.1653519, 23.92964], [94.186858, 23.9412816], [94.1873416, 23.9646024], [94.2340026, 24.039289], [94.230682, 24.0574205], [94.2389459, 24.0577806], [94.2515404, 24.0819078], [94.2598651, 24.1622605], [94.2831878, 24.1793498], [94.2927134, 24.2360188], [94.3153224, 24.252677], [94.3271624, 24.3276642], [94.3540043, 24.3344714], [94.380112, 24.3746353], [94.3671309, 24.3946184], [94.3976341, 24.4072862], [94.4086938, 24.4371452], [94.4013091, 24.4494833], [94.4030761, 24.4752938], [94.4252037, 24.4861218], [94.4615398, 24.5579534], [94.4922463, 24.5746339], [94.5292072, 24.6180236], [94.5500658, 24.6589282], [94.5496636, 24.7127698], [94.5727501, 24.7129306], [94.5794317, 24.7237084], [94.5851245, 24.70542], [94.6051178, 24.7123093], [94.6126735, 24.7401819], [94.6293557, 24.7569695], [94.6186073, 24.7797951], [94.6296587, 24.8029662], [94.6318554, 24.8394552], [94.6572896, 24.8711011], [94.68795, 24.8880552], [94.7019347, 24.9293762], [94.7134006, 24.9343713], [94.6965912, 24.96847], [94.705897, 24.9863543], [94.7266342, 24.999576], [94.7441558, 25.0372718], [94.7366061, 25.1347789], [94.7151395, 25.1380847], [94.6898593, 25.1579187], [94.6799501, 25.1493023], [94.6646001, 25.162723], [94.6401353, 25.1661509], [94.6200448, 25.1866625], [94.6058331, 25.1812914], [94.5756401, 25.2141238], [94.5855168, 25.2294798], [94.5847941, 25.2665444], [94.6345531, 25.357923], [94.6346025, 25.3950065], [94.6670982, 25.4146444], [94.6711811, 25.4428592], [94.6802783, 25.4540123], [94.6610819, 25.4494083], [94.6281331, 25.4597603], [94.5527404, 25.5070939], [94.5600477, 25.5622898], [94.5511392, 25.5801975], [94.5906397, 25.6381948], [94.5727205, 25.6427222]]]}}, {"type": "Feature", "properties": {"state_name": "Odisha", "stname": "ODISHA", "state_lgd": 21, "id": 24}, "geometry": {"type": "MultiPolygon", "coordinates": [[[[84.3395916, 18.7894005], [84.3292729, 18.7871987], [84.3393616, 18.778692], [84.3395916, 18.7894005]]], [[[84.3496761, 18.7887041], [84.3532191, 18.7897972], [84.3496781, 18.791919], [84.3496761, 18.7887041]]], [[[86.780826, 20.3615482], [86.7837936, 20.3616395], [86.7845363, 20.3639639], [86.780826, 20.3615482]]], [[[86.7902945, 20.3822803], [86.7927192, 20.3829876], [86.7910332, 20.3863911], [86.7902945, 20.3822803]]], [[[86.805539, 20.3957677], [86.7964811, 20.4000953], [86.8028658, 20.390213], [86.7989602, 20.3864065], [86.7957671, 20.3951187], [86.7989089, 20.3645165], [86.8074801, 20.3735328], [86.805539, 20.3957677]]], [[[86.7878657, 20.3834722], [86.808244, 20.4531185], [86.7932249, 20.4932421], [86.8000489, 20.4431196], [86.7901766, 20.4325535], [86.7878657, 20.3834722]]], [[[87.0086474, 20.709897], [87.0130563, 20.7172282], [87.0066134, 20.7119425], [87.0086474, 20.709897]]], [[[87.0024297, 20.7132059], [87.0062022, 20.7150501], [87.0081226, 20.7195206], [87.0024297, 20.7132059]]], [[[87.0532539, 20.7302179], [87.057903, 20.7312194], [87.056314, 20.7328554], [87.0532539, 20.7302179]]], [[[87.0525169, 20.7376095], [87.05074, 20.7379444], [87.0531266, 20.7370898], [87.0525169, 20.7376095]]], [[[87.0695548, 20.7334696], [87.0779958, 20.7392941], [87.0778877, 20.7439296], [87.0695548, 20.7334696]]], [[[87.0596465, 20.7438601], [87.0519144, 20.7452677], [87.049378, 20.7440305], [87.0596465, 20.7438601]]], [[[87.0970582, 20.7476336], [87.0983168, 20.7481344], [87.096828, 20.7482436], [87.0970582, 20.7476336]]], [[[87.0687786, 20.7376264], [87.0703014, 20.7383848], [87.0722611, 20.7489876], [87.0687786, 20.7376264]]], [[[87.0994084, 20.7500268], [87.1020168, 20.7506849], [87.1016812, 20.7515073], [87.0994084, 20.7500268]]], [[[87.0975239, 20.7549163], [87.0823843, 20.7639104], [87.0730846, 20.7534962], [87.0975239, 20.7549163]]], [[[86.9784543, 20.7788064], [86.9836088, 20.7803882], [86.9826427, 20.7848202], [86.9784543, 20.7788064]]], [[[87.0760094, 20.7720185], [87.0687751, 20.7934953], [87.0747774, 20.7674017], [87.0760094, 20.7720185]]], [[[86.9865757, 20.8019932], [86.9877671, 20.8039631], [86.9860472, 20.8026212], [86.9865757, 20.8019932]]], [[[87.4300987, 21.5862074], [87.4189965, 21.5787235], [87.4132101, 21.5685419], [87.4137149, 21.5601651], [87.4300987, 21.5862074]]], [[[86.0454436, 22.5675074], [86.0240271, 22.5446246], [86.0338368, 22.53449], [86.0265298, 22.5240218], [85.9851371, 22.5154783], [85.9734034, 22.505855], [85.9571234, 22.4648187], [85.9678847, 22.4611935], [85.9656364, 22.4511524], [85.9846132, 22.435447], [86.0150015, 22.4287294], [86.0271953, 22.3862118], [86.0191891, 22.3608976], [85.9980567, 22.3418391], [86.0267119, 22.334864], [86.0119344, 22.3223177], [86.0137033, 22.3130694], [86.0472059, 22.3089563], [86.014251, 22.2972871], [85.9883225, 22.2669745], [85.9897035, 22.2544088], [85.9738759, 22.2470785], [86.031432, 22.190851], [85.9967615, 22.132448], [86.0073843, 22.1170929], [85.9435942, 22.0203562], [85.9308803, 22.0233406], [85.9161535, 22.0087768], [85.9068931, 21.9701292], [85.8957663, 21.9844133], [85.8243707, 21.9754487], [85.8169925, 21.9857748], [85.7827517, 21.9849462], [85.7629934, 21.996144], [85.7607995, 22.0145367], [85.7837575, 22.0401819], [85.7749422, 22.0562853], [85.7934374, 22.0818101], [85.8161126, 22.0735706], [85.8358633, 22.0801575], [85.832685, 22.0930432], [85.8133179, 22.0942948], [85.8210436, 22.1064957], [85.8074254, 22.1161119], [85.7493923, 22.0735663], [85.7091675, 22.0582277], [85.6916831, 22.0622891], [85.6848727, 22.0542269], [85.6516237, 22.0954385], [85.6324636, 22.0841692], [85.6134451, 22.0815386], [85.6111816, 22.0870428], [85.5971825, 22.0791237], [85.5604361, 22.0960743], [85.5429796, 22.0904731], [85.5397757, 22.1018479], [85.4211455, 22.1587838], [85.371069, 22.1609917], [85.3603867, 22.1440133], [85.3644069, 22.1237141], [85.3230922, 22.1274992], [85.2813017, 22.0904281], [85.2517028, 22.0269722], [85.2362925, 22.0098033], [85.2214333, 22.0179852], [85.2134473, 22.0496918], [85.1857154, 22.059213], [85.1805709, 22.0732328], [85.1676159, 22.0695056], [85.1738656, 22.0513788], [85.1547989, 22.0788302], [85.1200654, 22.0701768], [85.0948751, 22.1083564], [85.0390894, 22.1156166], [85.0158009, 22.1036097], [85.0086511, 22.0888606], [84.9869495, 22.082823], [84.9833935, 22.0955248], [85.0235788, 22.1186238], [85.0316655, 22.1330901], [85.0290983, 22.1634942], [85.0526581, 22.1824569], [85.0491874, 22.1954133], [85.0782035, 22.2573909], [85.0706145, 22.2736522], [85.0996285, 22.2935734], [85.115997, 22.2940933], [85.1180958, 22.3175946], [85.0907359, 22.3185804], [85.0957488, 22.3447406], [85.0833324, 22.3453361], [85.0766702, 22.3562068], [85.0865256, 22.3994228], [85.0602882, 22.4495598], [85.0771496, 22.4637522], [85.0780035, 22.4775492], [85.0596768, 22.4864452], [85.0359479, 22.4824297], [85.0371813, 22.4728191], [84.9593515, 22.4430537], [84.9566684, 22.4582254], [84.9402054, 22.4452039], [84.9238567, 22.4435523], [84.9261511, 22.434949], [84.9102263, 22.4232832], [84.8855764, 22.4210794], [84.8823947, 22.4484662], [84.8385532, 22.4309257], [84.8176323, 22.437605], [84.812524, 22.4529313], [84.7593155, 22.4474657], [84.7497429, 22.418989], [84.6680576, 22.4180644], [84.6286481, 22.434553], [84.602588, 22.4288251], [84.5978545, 22.4347967], [84.5492906, 22.4210417], [84.5362015, 22.4273745], [84.4824352, 22.413273], [84.4767311, 22.4052775], [84.48463, 22.3888474], [84.4349595, 22.3741652], [84.4281327, 22.3532658], [84.4003202, 22.3464623], [84.3703188, 22.3557318], [84.3656352, 22.3481984], [84.2953349, 22.3410248], [84.2688108, 22.354552], [84.2514559, 22.3780779], [84.1989553, 22.3758149], [84.1561327, 22.4077351], [84.1409252, 22.425619], [84.1406843, 22.4739151], [84.1134899, 22.4756864], [84.070237, 22.5013522], [84.075489, 22.5061981], [84.0597149, 22.5164318], [84.0365573, 22.5159709], [84.0255203, 22.5257533], [83.9976058, 22.5310282], [83.9746511, 22.512026], [83.980072, 22.5023916], [84.0472472, 22.4692209], [84.0472467, 22.4382331], [84.0303365, 22.4266392], [84.0133856, 22.3974205], [84.0063791, 22.3822049], [84.0102923, 22.3715844], [83.9432938, 22.3547103], [83.9232838, 22.3584102], [83.8903348, 22.3365451], [83.8642639, 22.3432754], [83.8502877, 22.325226], [83.8305562, 22.3234016], [83.821984, 22.3115337], [83.8263594, 22.2928219], [83.7948451, 22.2859482], [83.7922251, 22.2764752], [83.7766453, 22.2698542], [83.7755797, 22.2573437], [83.7597106, 22.2512074], [83.7577508, 22.2403395], [83.691473, 22.2441239], [83.6296232, 22.206656], [83.6081548, 22.154368], [83.5618143, 22.0989175], [83.6064242, 22.0665877], [83.5867088, 22.0487312], [83.5478086, 22.0591524], [83.5367206, 22.0434846], [83.539787, 22.0216743], [83.5561517, 22.0078175], [83.5433074, 21.9938505], [83.5390108, 21.9659882], [83.5616915, 21.948009], [83.5567208, 21.9353451], [83.5903558, 21.9297038], [83.6059233, 21.9141184], [83.5859657, 21.902133], [83.5742166, 21.8751038], [83.5908875, 21.8511013], [83.5769131, 21.8312995], [83.5517703, 21.8407141], [83.5318711, 21.830959], [83.540102, 21.8220434], [83.5410446, 21.7993137], [83.5225917, 21.7994476], [83.4929061, 21.8183664], [83.4836513, 21.7941875], [83.4693942, 21.787562], [83.4821777, 21.7655979], [83.4760548, 21.752377], [83.4893152, 21.7453929], [83.4592973, 21.6984904], [83.4316465, 21.6999052], [83.4188271, 21.6806082], [83.4481329, 21.657538], [83.4866126, 21.6441297], [83.489612, 21.6314647], [83.4735562, 21.6324946], [83.4662671, 21.6095522], [83.4561078, 21.6099961], [83.4524695, 21.6224149], [83.4439748, 21.6240027], [83.4507559, 21.6507457], [83.4426491, 21.6554068], [83.3924639, 21.627294], [83.3894331, 21.6176945], [83.3826848, 21.6201299], [83.3649734, 21.5760758], [83.3731622, 21.5581624], [83.3378826, 21.5021002], [83.3543715, 21.4480705], [83.3736178, 21.4423899], [83.3758692, 21.4280598], [83.3989271, 21.4053427], [83.3968698, 21.367557], [83.4080178, 21.3613659], [83.4067468, 21.3514246], [83.3788819, 21.344553], [83.2840506, 21.3803279], [83.2687284, 21.3785899], [83.2746945, 21.3638263], [83.2578009, 21.335551], [83.2665283, 21.3308552], [83.2573442, 21.3204994], [83.2792694, 21.2949557], [83.2713047, 21.2729396], [83.2505908, 21.2823834], [83.2229542, 21.2657691], [83.2176463, 21.2548491], [83.222148, 21.2287237], [83.1981038, 21.1454434], [83.178158, 21.1352032], [83.1669147, 21.1387882], [83.1314917, 21.1058148], [83.0780315, 21.112009], [83.0452504, 21.1240097], [83.0159971, 21.1463066], [83.0045836, 21.1369593], [82.9903938, 21.139809], [82.9857639, 21.1510398], [83.0037643, 21.1669305], [82.9805627, 21.1700262], [82.9880851, 21.1828121], [82.965559, 21.1753311], [82.9649344, 21.1932749], [82.9438448, 21.1778537], [82.9476833, 21.1617784], [82.9399842, 21.1609322], [82.9376979, 21.1698455], [82.9322517, 21.1630844], [82.9021068, 21.1669936], [82.8821763, 21.1484304], [82.876364, 21.1635466], [82.8716998, 21.1574837], [82.8524639, 21.1595379], [82.8508823, 21.1686324], [82.8003153, 21.1559462], [82.7936786, 21.1425452], [82.7559068, 21.1664343], [82.7211524, 21.1658477], [82.7211878, 21.1576731], [82.6998313, 21.1576992], [82.6930044, 21.1657435], [82.6406101, 21.154874], [82.637273, 21.14474], [82.6527557, 21.1287101], [82.6397414, 21.1157391], [82.6499056, 21.1064677], [82.6296352, 21.0788201], [82.6119833, 21.0746936], [82.6287918, 21.0380358], [82.5713834, 20.9722553], [82.5591479, 20.9479375], [82.4887428, 20.9094021], [82.4866814, 20.8616464], [82.4653855, 20.8429544], [82.4644854, 20.828996], [82.4393411, 20.8356366], [82.4199547, 20.8315617], [82.4104927, 20.8422584], [82.4052823, 20.8701744], [82.3646083, 20.8706719], [82.3637551, 20.8884889], [82.3511927, 20.8897404], [82.3395269, 20.8468353], [82.3461098, 20.7976345], [82.3417149, 20.7677571], [82.3535531, 20.7359234], [82.3455587, 20.731591], [82.3540136, 20.719663], [82.3504267, 20.7063231], [82.3738177, 20.6674023], [82.3684794, 20.6495618], [82.3764975, 20.6324102], [82.3622623, 20.6099107], [82.347133, 20.6025399], [82.3506397, 20.5812687], [82.3322344, 20.5619065], [82.3576491, 20.5293259], [82.389699, 20.5176032], [82.3960587, 20.4595711], [82.4078799, 20.4629494], [82.4176335, 20.4817424], [82.4270554, 20.4690627], [82.4257339, 20.4453275], [82.4339798, 20.4456662], [82.4378622, 20.4343912], [82.4296604, 20.4278685], [82.4320051, 20.4166378], [82.4166092, 20.4076528], [82.4211737, 20.3928493], [82.4003791, 20.3415811], [82.4307667, 20.3140245], [82.4299814, 20.3009855], [82.4378111, 20.2944077], [82.4123415, 20.2670423], [82.4223256, 20.2479715], [82.4106276, 20.2426453], [82.422471, 20.2208177], [82.4206183, 20.2049187], [82.4115837, 20.1814886], [82.3900067, 20.1636954], [82.3941468, 20.152627], [82.3857977, 20.1464365], [82.3976691, 20.1237745], [82.3982919, 20.0581789], [82.4785696, 20.0381742], [82.5091125, 20.0181629], [82.5501086, 20.0177725], [82.5957325, 19.9915706], [82.621136, 19.9922978], [82.6415066, 20.0067133], [82.7154469, 19.9959267], [82.7204916, 19.9482935], [82.7074082, 19.9020409], [82.7140524, 19.8778074], [82.72412, 19.8751256], [82.7113979, 19.8399954], [82.6967058, 19.830614], [82.6521592, 19.8321659], [82.6271275, 19.793658], [82.6037837, 19.7881231], [82.5918128, 19.7758627], [82.5817692, 19.7832063], [82.5846883, 19.802351], [82.5759931, 19.8082189], [82.575788, 19.8333945], [82.6034296, 19.86699], [82.5559566, 19.8806642], [82.548388, 19.8757027], [82.5349115, 19.8868908], [82.5314189, 19.8782389], [82.5191208, 19.8909742], [82.5054719, 19.889857], [82.4973386, 19.9041304], [82.4728984, 19.9070342], [82.4642158, 19.9008473], [82.445991, 19.9101918], [82.4180214, 19.9040727], [82.3948706, 19.8880151], [82.3752, 19.85964], [82.3608476, 19.8627968], [82.3644561, 19.8510141], [82.344243, 19.8350173], [82.3031198, 19.8893856], [82.2691695, 19.9752612], [82.2371235, 20.0033276], [82.216713, 19.997059], [82.2101045, 19.9862503], [82.1842537, 19.9841897], [82.1712349, 20.0055109], [82.1398077, 20.0187273], [82.126786, 20.0147963], [82.1031973, 20.031066], [82.1022786, 20.0400403], [82.0894584, 20.0390626], [82.0854337, 20.0507153], [82.0704694, 20.0569479], [82.038044, 20.0301157], [82.0325614, 20.0157209], [82.0215466, 20.0237092], [82.0176803, 20.0489771], [81.9953448, 20.0535663], [81.9758905, 20.0817097], [81.9463815, 20.1051332], [81.9258275, 20.0912044], [81.8952802, 20.0482378], [81.8819142, 20.0443387], [81.8759759, 20.0520621], [81.8694282, 20.0412629], [81.8553575, 19.9722801], [81.8450462, 19.9578234], [81.856802, 19.9475387], [81.8531556, 19.918478], [81.8996768, 19.8871978], [81.9681314, 19.8598949], [81.9653736, 19.8369043], [81.9859495, 19.8010893], [81.9953686, 19.7968217], [82.0098879, 19.8042171], [82.0655475, 19.7906579], [82.0636129, 19.7590155], [82.0504007, 19.7458054], [82.0447506, 19.7088771], [82.0590179, 19.6281754], [82.0398829, 19.5976361], [82.0505983, 19.5486516], [82.0290819, 19.5077462], [82.0654154, 19.510575], [82.0760273, 19.5236259], [82.1002549, 19.5165892], [82.0979728, 19.4989277], [82.1079625, 19.4942798], [82.102821, 19.4661064], [82.1134222, 19.4603615], [82.1261416, 19.4290857], [82.1714917, 19.4371878], [82.1894431, 19.4275294], [82.1788348, 19.3790508], [82.1477355, 19.3718184], [82.148778, 19.3529762], [82.1786557, 19.3433699], [82.194122, 19.3259353], [82.1812245, 19.3233874], [82.1584256, 19.2651673], [82.1578449, 19.2274987], [82.1687718, 19.2129401], [82.1617056, 19.2022458], [82.1804625, 19.191685], [82.1751425, 19.1818157], [82.1820492, 19.174163], [82.1760435, 19.1720826], [82.1861395, 19.1663475], [82.1775339, 19.1556681], [82.1701799, 19.1611593], [82.1809319, 19.1508165], [82.171543, 19.150208], [82.1757353, 19.1386602], [82.1660956, 19.1326991], [82.1736052, 19.1184106], [82.1824693, 19.1316909], [82.2058161, 19.1241298], [82.2049123, 19.0971408], [82.2184151, 19.0972688], [82.202254, 19.066639], [82.2327612, 19.0179369], [82.246054, 18.919111], [82.23696, 18.9142337], [82.2183014, 18.9225168], [82.1761464, 18.9026695], [82.1766595, 18.8870922], [82.1604126, 18.8789124], [82.1673672, 18.8736189], [82.160197, 18.8613968], [82.1689626, 18.8360222], [82.1602914, 18.8198696], [82.166149, 18.814068], [82.1565222, 18.8043279], [82.1654354, 18.7986247], [82.1573565, 18.7854772], [82.1334947, 18.7804457], [82.1334176, 18.7653642], [82.0915795, 18.7657307], [82.0849746, 18.7185931], [82.0674218, 18.7265016], [82.0627704, 18.719023], [82.0309231, 18.7237872], [81.9709847, 18.698637], [81.9607536, 18.6886314], [81.9691482, 18.6733881], [81.9550781, 18.6642199], [81.9489435, 18.6437099], [81.9217263, 18.6429099], [81.9008914, 18.6613699], [81.8937694, 18.6574591], [81.8945903, 18.6295394], [81.9301402, 18.6185767], [81.9369316, 18.6055703], [81.9636411, 18.5904431], [81.9505725, 18.5700223], [81.9106907, 18.5706348], [81.9014069, 18.5486105], [81.9090094, 18.538068], [81.8892673, 18.5381623], [81.8796795, 18.5252388], [81.8682478, 18.524921], [81.8562051, 18.491401], [81.7688743, 18.4170907], [81.7500575, 18.35275], [81.6591405, 18.3465608], [81.6496637, 18.3369048], [81.6622289, 18.3212261], [81.6165349, 18.3073478], [81.5975967, 18.3089084], [81.5643265, 18.2751984], [81.5352709, 18.2683767], [81.5252393, 18.2577081], [81.530446, 18.2402819], [81.5070019, 18.1861977], [81.5258155, 18.1534018], [81.5138231, 18.1405367], [81.5128552, 18.0986877], [81.4804056, 18.0507414], [81.48295, 17.9768151], [81.4491142, 17.9319347], [81.4528245, 17.9075582], [81.444632, 17.8857536], [81.4353405, 17.8808171], [81.4126039, 17.8946186], [81.4001968, 17.893569], [81.3942712, 17.8692762], [81.4038153, 17.8530053], [81.3890698, 17.8299191], [81.3918126, 17.8154201], [81.4016527, 17.8209499], [81.4155967, 17.8134232], [81.4341221, 17.8319301], [81.4441931, 17.8249658], [81.4742598, 17.8379785], [81.4900455, 17.8126949], [81.5636869, 17.8257062], [81.5743161, 17.8371676], [81.6172324, 17.8222996], [81.6223479, 17.8334458], [81.6417076, 17.8413233], [81.6697311, 17.8865515], [81.686104, 17.8853015], [81.6985326, 17.9013543], [81.7091736, 17.871996], [81.7258345, 17.8790093], [81.7901286, 17.9208065], [81.8098941, 17.9509843], [81.8664882, 17.9632936], [81.905178, 17.9773153], [81.9199071, 17.9912093], [81.9629665, 17.9992515], [81.9942738, 18.027313], [82.0093472, 18.0300727], [82.0073899, 18.0563233], [82.0323239, 18.0693184], [82.0404449, 18.0573139], [82.0615641, 18.0554504], [82.0766357, 18.0752174], [82.1020305, 18.0602394], [82.1334899, 18.0598902], [82.137176, 18.043936], [82.1467765, 18.052311], [82.1688389, 18.051953], [82.1843191, 18.0287871], [82.178624, 18.0203858], [82.187805, 18.0147312], [82.2053129, 18.0183688], [82.2234577, 18.0012971], [82.2680074, 18.0000031], [82.2735487, 18.0213434], [82.2616094, 18.0418538], [82.2716116, 18.0560709], [82.3011656, 18.0693073], [82.2986507, 18.0555703], [82.3103341, 18.0539281], [82.3081796, 18.044906], [82.3203567, 18.0449814], [82.3222539, 18.0599059], [82.3341446, 18.0513298], [82.3407365, 18.0547948], [82.3517814, 18.0765864], [82.3470007, 18.0982487], [82.33579, 18.1058587], [82.339758, 18.1498344], [82.3632481, 18.1348089], [82.3723168, 18.1481635], [82.3533673, 18.1716932], [82.3154526, 18.1840292], [82.3108425, 18.2040948], [82.3370551, 18.2243046], [82.3244124, 18.2312104], [82.3365283, 18.2407682], [82.333363, 18.2529082], [82.344665, 18.2805482], [82.3764959, 18.2806785], [82.3923359, 18.2979495], [82.3889613, 18.3285074], [82.3750918, 18.3286937], [82.3558702, 18.3159229], [82.3382183, 18.3267104], [82.385549, 18.3675053], [82.3796247, 18.4038013], [82.3642124, 18.4215376], [82.3819988, 18.4325823], [82.4035191, 18.4642177], [82.4374326, 18.4938139], [82.4447481, 18.5140889], [82.4827531, 18.5487221], [82.4935039, 18.5436361], [82.4813379, 18.5406101], [82.4862737, 18.5280524], [82.5043315, 18.5138726], [82.520281, 18.5175943], [82.5321612, 18.5109882], [82.526495, 18.496288], [82.5341902, 18.4777344], [82.51942, 18.4655967], [82.5283367, 18.4642058], [82.5395579, 18.4436042], [82.5423719, 18.4576272], [82.5613959, 18.4484901], [82.5414142, 18.4219082], [82.5470865, 18.4126051], [82.5355286, 18.4061706], [82.555331, 18.3936263], [82.562425, 18.3999563], [82.5838746, 18.386727], [82.5947956, 18.3892289], [82.5995163, 18.3797879], [82.605291, 18.3820298], [82.6059854, 18.3660583], [82.6212275, 18.3597083], [82.6145221, 18.3509106], [82.6020447, 18.3522763], [82.6089417, 18.3271268], [82.5948847, 18.3288758], [82.5813067, 18.3151689], [82.5986552, 18.3041863], [82.5877853, 18.2760634], [82.637681, 18.2367045], [82.6524867, 18.2499994], [82.6422801, 18.2637668], [82.6522424, 18.2811418], [82.6426499, 18.302033], [82.6667659, 18.2980292], [82.7093756, 18.3131795], [82.714738, 18.3223892], [82.7342726, 18.3202416], [82.7596886, 18.3396146], [82.7740858, 18.3403167], [82.7905564, 18.3631878], [82.782649, 18.3818918], [82.7938629, 18.3860235], [82.7995384, 18.4067498], [82.7868829, 18.4107134], [82.7821633, 18.4307878], [82.8031426, 18.449246], [82.8156371, 18.4509022], [82.8455818, 18.4337729], [82.8524161, 18.4192015], [82.8564108, 18.4254369], [82.8712951, 18.4184563], [82.8949997, 18.4241026], [82.8941937, 18.3815681], [82.9130832, 18.3684782], [82.9221962, 18.3754241], [82.9397271, 18.3608187], [82.9601082, 18.3664098], [82.9704715, 18.3600061], [82.9968255, 18.3855233], [83.0219207, 18.3917038], [83.0544888, 18.3799858], [83.0770513, 18.4033543], [83.0574357, 18.419372], [83.0673116, 18.4300914], [83.0585645, 18.4366816], [83.0425304, 18.4242258], [83.0409372, 18.4407925], [83.0209477, 18.456242], [83.0551102, 18.4856085], [83.0552064, 18.4956572], [83.0950392, 18.5466424], [83.0809415, 18.5540249], [83.0621557, 18.5422394], [83.0453542, 18.5441837], [83.0299963, 18.573338], [83.0400751, 18.5864814], [83.0530968, 18.5881286], [83.0527925, 18.6006838], [83.0237902, 18.5896472], [83.0135621, 18.5943639], [83.0152135, 18.6054382], [83.0004701, 18.6079849], [82.9995744, 18.6195316], [83.0196328, 18.6351216], [83.0131284, 18.6460542], [83.0580236, 18.6653147], [83.0727908, 18.70554], [83.1222073, 18.7575001], [83.115147, 18.7680946], [83.1390297, 18.7853646], [83.1564798, 18.7682319], [83.1779074, 18.7708603], [83.1931871, 18.7531222], [83.2065479, 18.7514384], [83.2124521, 18.7304855], [83.2277178, 18.7552386], [83.2246075, 18.7750882], [83.2713546, 18.7646354], [83.2813737, 18.7746024], [83.275274, 18.782905], [83.2843379, 18.7978782], [83.309306, 18.809502], [83.3306163, 18.8063467], [83.3282457, 18.8180818], [83.3681509, 18.84406], [83.3783257, 18.8306629], [83.4058826, 18.8425152], [83.4048736, 18.8619052], [83.4147514, 18.8749632], [83.3819154, 18.8917564], [83.378331, 18.896955], [83.3906091, 18.9096085], [83.3697171, 18.9078759], [83.3598253, 18.9147124], [83.352484, 18.9434631], [83.370147, 18.9417163], [83.3706043, 18.9260362], [83.3873778, 18.9329785], [83.3712754, 18.9426502], [83.3671254, 18.9630064], [83.354736, 18.9672963], [83.3482836, 18.9603831], [83.3501701, 18.9432668], [83.3438472, 18.9411249], [83.3484377, 18.9262864], [83.326498, 18.931982], [83.3271097, 18.9446189], [83.3390171, 18.9527782], [83.3325166, 18.9576741], [83.3348224, 18.9685238], [83.318742, 18.9734089], [83.3106462, 18.9986729], [83.3387848, 18.9970051], [83.3429215, 19.0181366], [83.3674781, 19.016482], [83.3726129, 19.0022592], [83.4004733, 19.0093956], [83.4196068, 19.0002638], [83.4153213, 18.9891797], [83.4388838, 18.976385], [83.4458599, 18.9577609], [83.4618291, 18.9547814], [83.4698121, 18.9693235], [83.4678354, 18.9910831], [83.4552733, 18.9912638], [83.4499722, 19.0095092], [83.4796802, 19.0084672], [83.4833475, 19.0335467], [83.4707234, 19.0429096], [83.4691977, 19.0610958], [83.4622943, 19.0637665], [83.4662705, 19.0799014], [83.478372, 19.0792739], [83.4679767, 19.093118], [83.4833958, 19.0922559], [83.4808399, 19.0785048], [83.5006072, 19.0606496], [83.5117148, 19.0703154], [83.5193017, 19.039065], [83.514821, 19.0284563], [83.4964664, 19.0354694], [83.5009358, 19.0206616], [83.5367052, 19.0094951], [83.5417349, 19.0414846], [83.5575674, 19.0562024], [83.5490455, 19.0805177], [83.5601738, 19.0870685], [83.5669997, 19.0717391], [83.5634192, 19.0578505], [83.5844551, 19.0575659], [83.5855886, 19.0865554], [83.6106142, 19.0960633], [83.5991264, 19.1301615], [83.6208038, 19.1416786], [83.6260341, 19.1626664], [83.6372583, 19.1535144], [83.6317029, 19.140841], [83.6370078, 19.1314776], [83.6549629, 19.1296208], [83.6470364, 19.118398], [83.6628225, 19.0989501], [83.6610179, 19.0811376], [83.6852525, 19.0585321], [83.7001389, 19.0254512], [83.7300169, 19.0219554], [83.7096352, 19.0021556], [83.7141996, 18.9929867], [83.7330127, 18.9877118], [83.7538587, 18.925131], [83.7631688, 18.9272815], [83.7782434, 18.9113634], [83.7878908, 18.9158688], [83.784456, 18.9335953], [83.7696473, 18.954756], [83.7589552, 18.9506131], [83.7448535, 18.9879788], [83.7515502, 18.9986786], [83.781983, 19.0083946], [83.7779058, 19.0175348], [83.794688, 19.017977], [83.7951243, 19.0036837], [83.8089263, 18.9922829], [83.8217617, 18.9602291], [83.8265774, 18.9162837], [83.8457877, 18.9135828], [83.8460051, 18.8690974], [83.8877254, 18.830961], [83.8931623, 18.8144732], [83.8996301, 18.8244026], [83.9158049, 18.8279616], [83.9501615, 18.8051773], [83.965093, 18.8146156], [84.0157313, 18.8087526], [84.0154659, 18.8170632], [84.0384833, 18.8164328], [84.0466859, 18.8016076], [84.0598768, 18.7991751], [84.0599119, 18.7824235], [84.0679899, 18.7823113], [84.076417, 18.7644452], [84.0895899, 18.7639873], [84.0894625, 18.7567804], [84.1223839, 18.7679442], [84.1373975, 18.7612362], [84.1403875, 18.7772722], [84.1592635, 18.7878533], [84.1899385, 18.777704], [84.1953427, 18.7916768], [84.2180837, 18.7901075], [84.2143983, 18.7954249], [84.2263082, 18.7987671], [84.2609667, 18.7832201], [84.2864894, 18.7923021], [84.2886615, 18.8046593], [84.3212584, 18.7864924], [84.3265917, 18.7987865], [84.3445454, 18.8017971], [84.3310552, 18.8178497], [84.3494079, 18.8200577], [84.3521115, 18.8314875], [84.3638496, 18.8371219], [84.3330603, 18.8605137], [84.3256043, 18.8760918], [84.3305332, 18.8832151], [84.3370228, 18.8899831], [84.3620603, 18.860882], [84.3742269, 18.8613884], [84.3842022, 18.8741397], [84.3725914, 18.8780667], [84.3602665, 18.8945527], [84.3921325, 18.8762964], [84.3975181, 18.8902832], [84.3851493, 18.8959206], [84.3789339, 18.9042175], [84.393534, 18.9043328], [84.4000873, 18.8953085], [84.4180181, 18.8972021], [84.4185728, 18.9173208], [84.4283926, 18.9090225], [84.4380246, 18.9204621], [84.4385716, 18.9315726], [84.4276838, 18.9320902], [84.4242198, 18.9472539], [84.4310729, 18.9691894], [84.4524262, 18.9759775], [84.4322188, 18.9950506], [84.4210854, 19.0219914], [84.4416063, 19.0035295], [84.4788932, 18.9884592], [84.4826423, 19.0165689], [84.4943674, 19.0290012], [84.516379, 19.048426], [84.5566027, 19.0565809], [84.5728648, 19.07372], [84.5747022, 19.0675668], [84.5829507, 19.0731842], [84.57729, 19.040471], [84.5832864, 19.0424823], [84.5816662, 19.0300883], [84.5941479, 19.0222585], [84.6134279, 19.0565663], [84.6207425, 19.0561415], [84.6183524, 19.0658672], [84.661131, 19.0630389], [84.6630824, 19.0746062], [84.6708523, 19.0763301], [84.6586633, 19.0943338], [84.647041, 19.0962629], [84.6311965, 19.0821015], [84.6254948, 19.0849136], [84.6254777, 19.0990929], [84.6095452, 19.1007787], [84.59553, 19.1324495], [84.6673184, 19.1298567], [84.6709061, 19.1660423], [84.7099772, 19.1596652], [84.7148543, 19.1523199], [84.7000478, 19.1443949], [84.7061243, 19.1410252], [84.6978354, 19.1264436], [84.7027955, 19.1178621], [84.7662655, 19.0781436], [84.8178046, 19.1655986], [84.9302098, 19.2762066], [84.983601, 19.3178314], [85.0794394, 19.3744617], [85.1055508, 19.4137689], [85.1653438, 19.4615698], [85.3810058, 19.6033995], [85.6779949, 19.7438536], [85.7810854, 19.7806494], [86.143737, 19.8735076], [86.2237115, 19.89885], [86.3096195, 19.9412723], [86.3894374, 19.9552772], [86.4116046, 19.9757516], [86.3840872, 19.9598039], [86.3779974, 19.9668335], [86.4140242, 19.9973158], [86.4339645, 20.0521407], [86.4768988, 20.0973461], [86.5238256, 20.1734472], [86.5955698, 20.224465], [86.6801869, 20.2599445], [86.672119, 20.2625004], [86.6692519, 20.2757197], [86.6798383, 20.264218], [86.7750681, 20.331262], [86.7980557, 20.3639731], [86.7943286, 20.369216], [86.7915001, 20.3648099], [86.7787921, 20.3566156], [86.7818542, 20.3658633], [86.7889381, 20.3746218], [86.7907732, 20.3657664], [86.7972668, 20.3757563], [86.7809107, 20.3786192], [86.7765727, 20.4050537], [86.7464484, 20.3786076], [86.7512427, 20.3876654], [86.7433162, 20.3804446], [86.7392432, 20.4008137], [86.7243809, 20.3938453], [86.7335819, 20.4148032], [86.7333571, 20.4615895], [86.7407443, 20.4712016], [86.7456495, 20.4680399], [86.7594107, 20.5003814], [86.7893666, 20.5339324], [87.0582481, 20.716757], [87.0000384, 20.6978368], [87.005517, 20.7027884], [86.9965427, 20.7121588], [87.005619, 20.7346085], [86.9924823, 20.770228], [86.9441635, 20.7664779], [86.9420427, 20.7729559], [86.9674114, 20.7913939], [86.9808775, 20.8570472], [86.8507598, 21.087388], [86.8415357, 21.1750814], [86.8562866, 21.2056037], [86.832602, 21.2060932], [86.8315128, 21.214974], [86.8925384, 21.3184108], [86.9099131, 21.3283102], [86.946791, 21.3755849], [87.0563123, 21.4689626], [87.0743492, 21.471395], [87.1185019, 21.5170971], [87.1308682, 21.5127185], [87.1994815, 21.5465592], [87.2499969, 21.5567836], [87.3618841, 21.5577571], [87.4075758, 21.5886607], [87.4848079, 21.6124601], [87.4860148, 21.6322358], [87.4725629, 21.6524699], [87.4603704, 21.6513973], [87.4736312, 21.6971067], [87.4735898, 21.7145688], [87.4634626, 21.7253804], [87.4691844, 21.7325165], [87.4447782, 21.7340321], [87.4543215, 21.7392931], [87.4454255, 21.7437856], [87.4440116, 21.7692305], [87.397747, 21.7665787], [87.3850627, 21.7767671], [87.3696604, 21.7654329], [87.3718256, 21.7787587], [87.3555165, 21.7921733], [87.3385715, 21.7847646], [87.3360308, 21.7935424], [87.319462, 21.7907242], [87.3216351, 21.7976745], [87.310656, 21.7938548], [87.2983805, 21.8012099], [87.2969822, 21.8115544], [87.2773779, 21.8050052], [87.2751935, 21.8169702], [87.2638955, 21.818584], [87.2708773, 21.8270599], [87.2595425, 21.8492147], [87.2490281, 21.8532258], [87.2523208, 21.8771112], [87.2342608, 21.9010538], [87.2492003, 21.9151499], [87.2494795, 21.9359754], [87.2314568, 21.957283], [87.2106027, 21.9643619], [87.1968086, 21.9595503], [87.1704137, 21.9799379], [87.1619867, 21.9676126], [87.1614026, 21.9349203], [87.0970997, 21.9139375], [87.0905749, 21.9010669], [87.0988463, 21.8907188], [87.0979317, 21.8669217], [87.0330189, 21.870379], [87.0229262, 21.8923141], [86.9997218, 21.9132455], [87.0303534, 21.9853431], [87.0223398, 22.0194861], [87.0266956, 22.0370857], [86.9931417, 22.0552479], [86.9647071, 22.0857405], [86.8501537, 22.1037787], [86.8436332, 22.0963089], [86.8337382, 22.0986998], [86.8246214, 22.1189219], [86.8064141, 22.1197053], [86.8099676, 22.1274101], [86.7994105, 22.130372], [86.8020072, 22.1507062], [86.7938453, 22.1574844], [86.7197107, 22.1472815], [86.7163667, 22.1863191], [86.724962, 22.2180201], [86.6843381, 22.2224115], [86.6695867, 22.2425365], [86.6542535, 22.236268], [86.6441327, 22.2686737], [86.6273096, 22.2695122], [86.6104794, 22.2833491], [86.5930834, 22.2785591], [86.5822548, 22.3016452], [86.5768558, 22.2955649], [86.5540716, 22.2984716], [86.5407394, 22.3082408], [86.5327635, 22.3009592], [86.523188, 22.3147308], [86.5270908, 22.3235007], [86.5081849, 22.327862], [86.4967787, 22.3472319], [86.4872598, 22.3476809], [86.4619469, 22.3261071], [86.4452686, 22.3289237], [86.4419352, 22.3064313], [86.4303437, 22.3074616], [86.4268073, 22.3175806], [86.3575488, 22.3497659], [86.3501638, 22.3642943], [86.321157, 22.385418], [86.320817, 22.3974088], [86.2813008, 22.4486617], [86.268463, 22.4421722], [86.2246802, 22.4525461], [86.2173987, 22.4626126], [86.2225778, 22.4672531], [86.2079329, 22.4734856], [86.1166315, 22.4870038], [86.0754638, 22.544107], [86.0454436, 22.5675074]]]]}}, {"type": "Feature", "properties": {"state_name": "andaman and Nicobar", "stname": "ANDAMAN & NICOBAR", "state_lgd": 35, "id": 1}, "geometry": {"type": "MultiPolygon", "coordinates": [[[[93.9493075, 6.9350164], [93.9504976, 6.9352378], [93.9494751, 6.9358077], [93.9493075, 6.9350164]]], [[[93.7075402, 7.2068473], [93.6955593, 7.2277159], [93.700591, 7.209055], [93.7075402, 7.2068473]]], [[[93.8374249, 7.2404539], [93.7962274, 7.2354299], [93.7920668, 7.208264], [93.782449, 7.2156865], [93.7618822, 7.2083932], [93.7492937, 7.2159182], [93.7399844, 7.2087304], [93.7451076, 7.2011555], [93.7392065, 7.1939679], [93.7409572, 7.2062297], [93.7221556, 7.1890118], [93.6763264, 7.1930388], [93.6608372, 7.1774186], [93.6689843, 7.1579663], [93.6649946, 7.1419878], [93.6431793, 7.1272762], [93.6483977, 7.1106684], [93.6573291, 7.1181374], [93.6672734, 7.1126068], [93.6443914, 7.1006851], [93.6492293, 7.0856284], [93.6602866, 7.081599], [93.6524283, 7.0671397], [93.6600591, 7.0654888], [93.6560161, 7.0467384], [93.6669712, 7.0225655], [93.6550268, 7.0054932], [93.6663222, 7.0024268], [93.6760264, 7.017487], [93.7017941, 7.0110041], [93.6979215, 7.0186461], [93.7003029, 7.0245961], [93.6953425, 7.0229103], [93.7000812, 7.0253602], [93.7007283, 7.0244288], [93.700719, 7.0231446], [93.6981839, 7.018533], [93.7032198, 7.0118359], [93.7012736, 7.0103983], [93.6986803, 7.0097341], [93.6931049, 7.0096354], [93.6959923, 6.9920038], [93.7174995, 6.994992], [93.7330729, 6.9750299], [93.7364527, 6.9768351], [93.7338234, 6.9775848], [93.732927, 6.9787375], [93.733035, 6.9808763], [93.7353402, 6.9899109], [93.7360776, 6.9903859], [93.7384898, 6.9896677], [93.736512, 6.9906167], [93.7358375, 6.9913987], [93.7360814, 6.9930174], [93.7380499, 6.9930406], [93.7376695, 6.9941166], [93.7334113, 6.9935547], [93.7327955, 6.9945718], [93.732854, 6.9957655], [93.7342424, 6.9986959], [93.7376441, 7.0000045], [93.7331075, 6.9955169], [93.7381536, 6.9942478], [93.7389514, 6.9898035], [93.7384494, 6.9890302], [93.7356977, 6.9899065], [93.7369459, 6.976921], [93.7338196, 6.9750482], [93.7327608, 6.9747179], [93.7312039, 6.9753956], [93.7250927, 6.982185], [93.7198089, 6.990842], [93.7156053, 6.9895474], [93.7252164, 6.977338], [93.7263491, 6.9588047], [93.7372578, 6.96271], [93.741011, 6.9562589], [93.7419006, 6.9305182], [93.7327291, 6.9297378], [93.7317089, 6.9218836], [93.7442017, 6.9049586], [93.7569728, 6.9114729], [93.7574111, 6.8954984], [93.7704703, 6.8878646], [93.7636574, 6.8844584], [93.7768602, 6.8804778], [93.7624422, 6.8765997], [93.7626264, 6.8628948], [93.7822813, 6.851871], [93.7765648, 6.8430981], [93.7856119, 6.8469025], [93.7777568, 6.8322286], [93.7954895, 6.809511], [93.8098697, 6.8119729], [93.8003605, 6.7856605], [93.8081735, 6.7778574], [93.7991513, 6.766186], [93.822479, 6.7527826], [93.8314482, 6.7546555], [93.8419809, 6.7784986], [93.8438064, 6.8076582], [93.8466966, 6.8144091], [93.8547032, 6.8209341], [93.8538029, 6.8236108], [93.8546622, 6.8278476], [93.8467137, 6.8307047], [93.8472065, 6.8349596], [93.8505407, 6.8333229], [93.855101, 6.8278386], [93.8552458, 6.8261972], [93.8549385, 6.8199891], [93.847018, 6.811339], [93.8624118, 6.8135326], [93.8759873, 6.7932264], [93.8977235, 6.8134644], [93.9052884, 6.8348464], [93.8890165, 6.8477924], [93.8965502, 6.8752198], [93.8914748, 6.9011963], [93.9096821, 6.9106362], [93.9037604, 6.9272895], [93.914638, 6.929866], [93.915377, 6.9472829], [93.9413511, 6.9543426], [93.9098786, 6.9993171], [93.9234287, 7.0095083], [93.9334366, 6.9888701], [93.9446296, 7.0014032], [93.9243449, 7.0285936], [93.9124421, 7.0251358], [93.9132858, 7.0489641], [93.9017646, 7.0814972], [93.8810437, 7.0896908], [93.8827688, 7.1278794], [93.8760603, 7.1321523], [93.868654, 7.1756083], [93.8699484, 7.2047132], [93.8568998, 7.2183722], [93.8370782, 7.2180771], [93.8374249, 7.2404539]]], [[[93.7904943, 7.2409993], [93.7978461, 7.2488272], [93.7874512, 7.2431508], [93.7904943, 7.2409993]]], [[[93.8359447, 7.2879056], [93.8334766, 7.2902385], [93.8341199, 7.2871278], [93.8359447, 7.2879056]]], [[[93.6229849, 7.3281469], [93.6169164, 7.3306246], [93.6202677, 7.325425], [93.6229849, 7.3281469]]], [[[93.7559532, 7.4058653], [93.7501977, 7.4006098], [93.7561505, 7.3961126], [93.759963, 7.4007525], [93.7559532, 7.4058653]]], [[[93.6838325, 7.4002557], [93.6804143, 7.4115959], [93.6703721, 7.4094086], [93.6737544, 7.3976118], [93.6838325, 7.4002557]]], [[[93.6994714, 7.4473848], [93.691811, 7.4443567], [93.6964048, 7.4196553], [93.6898844, 7.4042247], [93.700623, 7.4001718], [93.7013919, 7.3938416], [93.6702933, 7.3911511], [93.6682131, 7.378975], [93.6582396, 7.3759058], [93.6622067, 7.3697744], [93.656305, 7.3659632], [93.6549249, 7.385184], [93.6378356, 7.3707659], [93.6194384, 7.3742567], [93.618329, 7.3544617], [93.624108, 7.3332742], [93.6233155, 7.3227981], [93.6070945, 7.3105083], [93.6219798, 7.2873678], [93.6168316, 7.265823], [93.6358081, 7.242814], [93.6576151, 7.2580087], [93.6748749, 7.2918594], [93.7136003, 7.3113681], [93.7438323, 7.3614498], [93.7440809, 7.3767232], [93.7096964, 7.4050714], [93.7087637, 7.4311874], [93.6994714, 7.4473848]]], [[[93.6306628, 7.4720418], [93.631229, 7.4721278], [93.6305677, 7.4726387], [93.6306628, 7.4720418]]], [[[93.6412363, 7.4760747], [93.632271, 7.4725754], [93.6408783, 7.4710288], [93.6412363, 7.4760747]]], [[[93.6197134, 7.4798594], [93.6229207, 7.4820885], [93.6186623, 7.4832098], [93.6197134, 7.4798594]]], [[[93.5227279, 7.5295877], [93.5251958, 7.5154951], [93.5319286, 7.5142305], [93.5341191, 7.5249964], [93.5227279, 7.5295877]]], [[[93.4412381, 7.876724], [93.4419274, 7.8774112], [93.4413652, 7.8775017], [93.4412381, 7.876724]]], [[[93.3862859, 7.8913105], [93.3877369, 7.8910527], [93.3872517, 7.8920068], [93.3862859, 7.8913105]]], [[[93.39068, 7.8962567], [93.3873245, 7.8991414], [93.3895099, 7.8905372], [93.39068, 7.8962567]]], [[[93.3925439, 7.8994306], [93.3903718, 7.9017411], [93.3910837, 7.8995301], [93.3925439, 7.8994306]]], [[[93.3997361, 7.9019215], [93.3950697, 7.8986257], [93.3987155, 7.8984944], [93.3997361, 7.9019215]]], [[[93.3234272, 7.9301865], [93.3230551, 7.9319226], [93.3226107, 7.9315653], [93.3234272, 7.9301865]]], [[[93.334791, 7.9387149], [93.3402013, 7.940438], [93.338827, 7.9427393], [93.334791, 7.9387149]]], [[[93.4766244, 8.0092335], [93.4774729, 8.0093419], [93.4768832, 8.0099163], [93.4766244, 8.0092335]]], [[[93.4774276, 8.009767], [93.479111, 8.0102325], [93.4780586, 8.0111508], [93.4774276, 8.009767]]], [[[93.4747289, 8.0140414], [93.4755819, 8.0143533], [93.4752009, 8.0145931], [93.4747289, 8.0140414]]], [[[93.4743434, 8.0150998], [93.4750741, 8.0157464], [93.4746657, 8.0158821], [93.4743434, 8.0150998]]], [[[93.4748293, 8.0170354], [93.4756098, 8.0169809], [93.4755735, 8.0172297], [93.4748293, 8.0170354]]], [[[93.3694549, 8.0235252], [93.3500768, 8.0102408], [93.3392909, 8.0174533], [93.319977, 8.0073786], [93.312931, 7.9746206], [93.3006105, 7.9614797], [93.3078669, 7.9338556], [93.3219542, 7.9229341], [93.3244753, 7.925186], [93.3210781, 7.9293498], [93.3235943, 7.9358562], [93.3317938, 7.9341843], [93.3298763, 7.9276462], [93.3378571, 7.9352338], [93.3314896, 7.9382896], [93.3385546, 7.9461032], [93.331892, 7.9495071], [93.3418289, 7.9468585], [93.3411175, 7.938087], [93.3343519, 7.9308523], [93.3411499, 7.9301701], [93.3268111, 7.9234637], [93.3349943, 7.9001435], [93.3679573, 7.8776652], [93.385465, 7.8874176], [93.3855242, 7.8962705], [93.3880954, 7.9015829], [93.4119757, 7.9069348], [93.4320226, 7.8988664], [93.4432194, 7.8750644], [93.4544597, 7.8724401], [93.4662078, 7.8910973], [93.4519011, 7.939293], [93.4207391, 7.968632], [93.4036174, 7.9615576], [93.3922622, 7.9933612], [93.4013659, 8.0087815], [93.3694549, 8.0235252]]], [[[93.53612, 8.0283837], [93.5435756, 7.9915286], [93.5218001, 8.0261514], [93.5213241, 8.0075415], [93.5101424, 7.9941521], [93.4964746, 7.9985027], [93.4967111, 7.9866424], [93.5151565, 7.9692862], [93.5313888, 7.9693626], [93.5284159, 7.959329], [93.5694194, 7.9282659], [93.5733113, 7.9942281], [93.5536342, 8.0263389], [93.53612, 8.0283837]]], [[[93.4735809, 8.0349362], [93.4746973, 8.0356958], [93.4735992, 8.0359085], [93.4735809, 8.0349362]]], [[[93.4953188, 8.0483451], [93.4932043, 8.0481738], [93.4938483, 8.0467852], [93.4953188, 8.0483451]]], [[[93.513643, 8.0645484], [93.514092, 8.0648379], [93.5137699, 8.0649328], [93.513643, 8.0645484]]], [[[93.5144674, 8.069088], [93.5148711, 8.069269], [93.5145309, 8.0694768], [93.5144674, 8.069088]]], [[[93.513132, 8.0752186], [93.5141981, 8.075056], [93.5137942, 8.0756618], [93.513132, 8.0752186]]], [[[93.5831161, 8.0964049], [93.5705222, 8.1274873], [93.5528693, 8.1203906], [93.5608701, 8.1080534], [93.5654021, 8.1117524], [93.5646799, 8.1166037], [93.5676694, 8.1195837], [93.5607637, 8.0929884], [93.5782098, 8.074241], [93.5715138, 8.0741678], [93.576101, 8.0675311], [93.5648359, 8.0742935], [93.5625868, 8.0674841], [93.5847597, 8.0380712], [93.5915494, 8.0498634], [93.5819078, 8.0682461], [93.5829121, 8.0953288], [93.5759714, 8.0899432], [93.5802261, 8.0973902], [93.5755988, 8.0949798], [93.5726133, 8.0966794], [93.5747222, 8.1024309], [93.5831161, 8.0964049]]], [[[93.1937332, 8.1863862], [93.1940735, 8.186549], [93.1938148, 8.1866304], [93.1937332, 8.1863862]]], [[[93.1970692, 8.1903553], [93.1974413, 8.1904185], [93.1971963, 8.1905633], [93.1970692, 8.1903553]]], [[[93.1879389, 8.1903388], [93.1882793, 8.19061], [93.1879163, 8.1906869], [93.1879389, 8.1903388]]], [[[93.1860516, 8.1936893], [93.1864601, 8.1940193], [93.1861697, 8.1941324], [93.1860516, 8.1936893]]], [[[93.1752196, 8.193727], [93.1753331, 8.194152], [93.1748657, 8.1941159], [93.1752196, 8.193727]]], [[[93.1878217, 8.1951494], [93.1881348, 8.19538], [93.1877945, 8.19538], [93.1878217, 8.1951494]]], [[[93.2110745, 8.1967953], [93.2114649, 8.1970892], [93.211061, 8.1970395], [93.2110745, 8.1967953]]], [[[93.1269814, 8.2160018], [93.1265321, 8.2163093], [93.126514, 8.2160289], [93.1269814, 8.2160018]]], [[[93.1171698, 8.2189316], [93.1176689, 8.2190129], [93.1175736, 8.2191757], [93.1171698, 8.2189316]]], [[[93.1171153, 8.2200618], [93.1173149, 8.2202924], [93.117088, 8.2203467], [93.1171153, 8.2200618]]], [[[93.2339398, 8.2239082], [93.2341487, 8.2243332], [93.2337765, 8.2241208], [93.2339398, 8.2239082]]], [[[93.2270553, 8.2243215], [93.2265744, 8.2248687], [93.226252, 8.2243759], [93.2270553, 8.2243215]]], [[[93.2421204, 8.2328173], [93.2423837, 8.2329619], [93.2422521, 8.2330523], [93.2421204, 8.2328173]]], [[[93.2418484, 8.2337126], [93.2419936, 8.2338572], [93.2417984, 8.2338799], [93.2418484, 8.2337126]]], [[[93.24203, 8.2340968], [93.2421435, 8.2342279], [93.2420073, 8.2342596], [93.24203, 8.2340968]]], [[[93.5127562, 8.2351724], [93.514083, 8.2297427], [93.4819305, 8.2211837], [93.4782884, 8.1974456], [93.4837091, 8.2005648], [93.4867183, 8.199049], [93.4881715, 8.201536], [93.4902918, 8.2029465], [93.4867545, 8.1985153], [93.4740074, 8.1955652], [93.4696247, 8.1854447], [93.4424114, 8.1791272], [93.4374671, 8.1703813], [93.4452846, 8.1507203], [93.4499146, 8.1531527], [93.4465816, 8.1439678], [93.4563756, 8.1407099], [93.4482456, 8.133344], [93.460339, 8.0998248], [93.4689324, 8.0903346], [93.4719788, 8.0966295], [93.4805003, 8.0913768], [93.4841209, 8.0882644], [93.4861599, 8.0937453], [93.487862, 8.0950654], [93.4839665, 8.0877895], [93.4697171, 8.0886114], [93.4757494, 8.0528995], [93.4823832, 8.0519166], [93.4819188, 8.064381], [93.5024981, 8.0753828], [93.504582, 8.0856558], [93.5211559, 8.080384], [93.5145746, 8.075228], [93.5222024, 8.0685611], [93.5141376, 8.0641191], [93.515692, 8.0532548], [93.5038485, 8.0500323], [93.5018468, 8.0690076], [93.493824, 8.0573047], [93.4991142, 8.0380461], [93.4937575, 8.0460344], [93.4901396, 8.0401741], [93.4758522, 8.046102], [93.4803618, 8.0028603], [93.4910875, 7.9984544], [93.5017167, 8.0185817], [93.4984512, 8.0359206], [93.5107921, 8.0393504], [93.5144452, 8.033483], [93.5212587, 8.0505889], [93.5407951, 8.0361388], [93.5377626, 8.0899868], [93.5226803, 8.0982979], [93.5146839, 8.1233529], [93.4927907, 8.1461694], [93.5041285, 8.1759998], [93.5130141, 8.1730549], [93.5255392, 8.1871057], [93.5176686, 8.1775638], [93.5252556, 8.1780631], [93.5365266, 8.2024037], [93.5346328, 8.2289974], [93.5127562, 8.2351724]]], [[[93.2260314, 8.2659091], [93.2096933, 8.2514041], [93.2295008, 8.2218026], [93.2304942, 8.2245119], [93.2406292, 8.2268208], [93.24115, 8.2356433], [93.2260314, 8.2659091]]], [[[93.2264219, 8.2667996], [93.2267306, 8.2669398], [93.2266308, 8.267003], [93.2264219, 8.2667996]]], [[[93.1172263, 8.3565051], [93.0849317, 8.3408008], [93.0733025, 8.2954559], [93.0758427, 8.2734603], [93.1116239, 8.2236426], [93.1246442, 8.2189859], [93.1533518, 8.2017001], [93.1909031, 8.1961165], [93.1928265, 8.2186003], [93.1489867, 8.2415511], [93.1177634, 8.2772837], [93.1333287, 8.3456676], [93.1172263, 8.3565051]]], [[[93.6254227, 8.3942063], [93.6259858, 8.3943194], [93.6258768, 8.3945273], [93.6254227, 8.3942063]]], [[[93.6272161, 8.3949251], [93.6275567, 8.3949251], [93.6275113, 8.3950246], [93.6272161, 8.3949251]]], [[[93.6314386, 8.3945318], [93.6316565, 8.3952235], [93.6312343, 8.3949794], [93.6314386, 8.3945318]]], [[[93.6270845, 8.3952643], [93.6272615, 8.395314], [93.6271163, 8.3953501], [93.6270845, 8.3952643]]], [[[93.6429164, 8.3953226], [93.6378539, 8.390883], [93.6458491, 8.3905752], [93.6429164, 8.3953226]]], [[[93.6260221, 8.3957661], [93.6262536, 8.3957254], [93.6261628, 8.3959605], [93.6260221, 8.3957661]]], [[[93.6255499, 8.3971542], [93.6245556, 8.3977554], [93.6248643, 8.3965302], [93.6255499, 8.3971542]]], [[[93.6231526, 8.3979363], [93.6232707, 8.3981579], [93.6231526, 8.398185], [93.6231526, 8.3979363]]], [[[93.6237247, 8.3976922], [93.6244285, 8.3976876], [93.6238791, 8.3985874], [93.6237247, 8.3976922]]], [[[93.6229801, 8.3984201], [93.6231708, 8.39861], [93.6230346, 8.3986371], [93.6229801, 8.3984201]]], [[[93.6233479, 8.3984381], [93.6235794, 8.3986236], [93.6234705, 8.398705], [93.6233479, 8.3984381]]], [[[93.6231163, 8.3988993], [93.6232888, 8.3990395], [93.6230981, 8.3990304], [93.6231163, 8.3988993]]], [[[93.623248, 8.3991887], [93.6234024, 8.3993379], [93.6231844, 8.399365], [93.623248, 8.3991887]]], [[[93.6223671, 8.4003371], [93.6225897, 8.4005044], [93.6223671, 8.4004546], [93.6223671, 8.4003371]]], [[[93.6228757, 8.4003461], [93.623148, 8.4004773], [93.6230391, 8.4005496], [93.6228757, 8.4003461]]], [[[93.6226623, 8.4007575], [93.6228393, 8.4008751], [93.6226985, 8.4010017], [93.6226623, 8.4007575]]], [[[93.6221311, 8.4009701], [93.6223309, 8.4011148], [93.6221991, 8.4011509], [93.6221311, 8.4009701]]], [[[93.6223944, 8.4018427], [93.6226623, 8.402028], [93.6223763, 8.402019], [93.6223944, 8.4018427]]], [[[93.6136084, 8.4179109], [93.6142349, 8.4185439], [93.6134494, 8.4189101], [93.6136084, 8.4179109]]], [[[93.6129046, 8.4196381], [93.6133041, 8.4197013], [93.6130044, 8.4200314], [93.6129046, 8.4196381]]], [[[93.6124096, 8.4208542], [93.6130862, 8.4206327], [93.6124913, 8.4210305], [93.6124096, 8.4208542]]], [[[93.6134584, 8.4208226], [93.6137581, 8.4209583], [93.6134811, 8.4210261], [93.6134584, 8.4208226]]], [[[93.6124231, 8.4228572], [93.6127138, 8.4228979], [93.6125684, 8.4230199], [93.6124231, 8.4228572]]], [[[93.6062475, 8.4323243], [93.60652, 8.4325278], [93.6061703, 8.4325007], [93.6062475, 8.4323243]]], [[[93.6064835, 8.4358825], [93.6070828, 8.4363347], [93.6064017, 8.4360363], [93.6064835, 8.4358825]]], [[[93.0494214, 8.44246], [93.0496983, 8.4427088], [93.0495802, 8.4427539], [93.0494214, 8.44246]]], [[[93.0495984, 8.4429709], [93.0495665, 8.443206], [93.0494485, 8.4430297], [93.0495984, 8.4429709]]], [[[93.0503883, 8.4434096], [93.0502248, 8.4438934], [93.0501522, 8.4433373], [93.0503883, 8.4434096]]], [[[93.0497206, 8.4445805], [93.0500476, 8.4446981], [93.0497161, 8.4448337], [93.0497206, 8.4445805]]], [[[93.0498886, 8.4448789], [93.050329, 8.4449559], [93.0500883, 8.445114], [93.0498886, 8.4448789]]], [[[93.0496842, 8.4450462], [93.0498341, 8.4452678], [93.0496615, 8.4453446], [93.0496842, 8.4450462]]], [[[93.0495797, 8.4454892], [93.0497249, 8.4457244], [93.0495433, 8.445756], [93.0495797, 8.4454892]]], [[[93.6072317, 8.4568339], [93.6061827, 8.457833], [93.6058013, 8.4574125], [93.6072317, 8.4568339]]], [[[93.6104012, 8.4593569], [93.6113866, 8.4593704], [93.6113457, 8.4595965], [93.6104012, 8.4593569]]], [[[93.6254093, 8.4703347], [93.625927, 8.4706873], [93.6249961, 8.4711258], [93.6254093, 8.4703347]]], [[[93.044422, 8.4641698], [93.0297848, 8.4698316], [93.0245398, 8.4522474], [93.0326431, 8.4421851], [93.0491671, 8.4423831], [93.044422, 8.4641698]]], [[[93.6028389, 8.4861719], [93.6033021, 8.4873473], [93.6024756, 8.4865335], [93.6028389, 8.4861719]]], [[[93.629047, 8.4870133], [93.6289652, 8.4877142], [93.6287335, 8.4876373], [93.629047, 8.4870133]]], [[[93.6286972, 8.4879221], [93.628502, 8.4881708], [93.6283067, 8.4880985], [93.6286972, 8.4879221]]], [[[93.6055813, 8.4984878], [93.6061081, 8.4985194], [93.6060672, 8.49875], [93.6055813, 8.4984878]]], [[[93.614487, 8.5019878], [93.613933, 8.5016668], [93.6144961, 8.5016126], [93.614487, 8.5019878]]], [[[93.6142145, 8.5026796], [93.6146959, 8.5025394], [93.6147413, 8.502675], [93.6142145, 8.5026796]]], [[[93.6242922, 8.5030052], [93.6244783, 8.5031002], [93.6244238, 8.5031679], [93.6242922, 8.5030052]]], [[[93.6241287, 8.5031272], [93.6241287, 8.5033669], [93.6239924, 8.5033081], [93.6241287, 8.5031272]]], [[[93.6144279, 8.5044699], [93.6145732, 8.5045197], [93.6144688, 8.5046101], [93.6144279, 8.5044699]]], [[[93.6146959, 8.5047548], [93.6149684, 8.5048543], [93.6146913, 8.5049627], [93.6146959, 8.5047548]]], [[[93.6230478, 8.5047865], [93.6229025, 8.5050895], [93.6228207, 8.5050442], [93.6230478, 8.5047865]]], [[[93.6142099, 8.5049673], [93.6144597, 8.5049718], [93.6142644, 8.5051119], [93.6142099, 8.5049673]]], [[[93.6143417, 8.505433], [93.6146323, 8.5055732], [93.6145006, 8.5056545], [93.6143417, 8.505433]]], [[[93.6139101, 8.5055641], [93.6141554, 8.5056635], [93.6139419, 8.5057901], [93.6139101, 8.5055641]]], [[[93.6219396, 8.5077072], [93.6221167, 8.5079242], [93.6218488, 8.507861], [93.6219396, 8.5077072]]], [[[93.6079236, 8.5225862], [93.6083778, 8.5225726], [93.60791, 8.5228303], [93.6079236, 8.5225862]]], [[[93.6097903, 8.5230655], [93.6099947, 8.5232961], [93.6098766, 8.5233684], [93.6097903, 8.5230655]]], [[[93.6107303, 8.5263841], [93.6109484, 8.5264338], [93.6105895, 8.5268498], [93.6107303, 8.5263841]]], [[[93.6193869, 8.5274197], [93.6197049, 8.5275689], [93.6196459, 8.5276909], [93.6193869, 8.5274197]]], [[[93.6091407, 8.5278534], [93.6088046, 8.5280613], [93.6087228, 8.527989], [93.6091407, 8.5278534]]], [[[93.6154083, 8.5292552], [93.6152175, 8.5295626], [93.6151222, 8.5293592], [93.6154083, 8.5292552]]], [[[93.6135643, 8.5305663], [93.6138913, 8.5306477], [93.6136869, 8.5307697], [93.6135643, 8.5305663]]], [[[93.6128603, 8.5327229], [93.6131282, 8.5328992], [93.6129465, 8.5329218], [93.6128603, 8.5327229]]], [[[93.6120743, 8.5367829], [93.6121788, 8.5371852], [93.611988, 8.5372576], [93.6120743, 8.5367829]]], [[[93.6124785, 8.5383246], [93.6125103, 8.5387316], [93.6123059, 8.5387089], [93.6124785, 8.5383246]]], [[[93.6023864, 8.5386271], [93.6028496, 8.5391742], [93.602291, 8.5392736], [93.6023864, 8.5386271]]], [[[93.6003327, 8.5497129], [93.6006097, 8.5498939], [93.6004417, 8.549948], [93.6003327, 8.5497129]]], [[[93.6099028, 8.5496456], [93.6104888, 8.5496953], [93.6100527, 8.5500254], [93.6099028, 8.5496456]]], [[[93.6091852, 8.5506357], [93.6095576, 8.5508211], [93.6093395, 8.5511467], [93.6091852, 8.5506357]]], [[[93.599778, 8.5579596], [93.5998871, 8.5580364], [93.5997871, 8.5580546], [93.599778, 8.5579596]]], [[[93.6109154, 8.5581546], [93.6112016, 8.5582133], [93.6111788, 8.5583761], [93.6109154, 8.5581546]]], [[[93.599719, 8.558267], [93.5998416, 8.5584524], [93.5996735, 8.5583936], [93.599719, 8.558267]]], [[[93.5999324, 8.5585564], [93.6000096, 8.5586514], [93.5999143, 8.5586423], [93.5999324, 8.5585564]]], [[[93.6101932, 8.5585072], [93.6104385, 8.5586066], [93.6102613, 8.5587107], [93.6101932, 8.5585072]]], [[[93.5994191, 8.5585744], [93.5995917, 8.5585383], [93.5995418, 8.5587282], [93.5994191, 8.5585744]]], [[[93.6108291, 8.5585524], [93.6110743, 8.5586519], [93.6108972, 8.5587559], [93.6108291, 8.5585524]]], [[[93.6107563, 8.5606593], [93.6106473, 8.5609758], [93.6105656, 8.5607904], [93.6107563, 8.5606593]]], [[[93.6006318, 8.5615268], [93.6008679, 8.5615675], [93.6008452, 8.5617212], [93.6006318, 8.5615268]]], [[[93.6004864, 8.5617258], [93.6005863, 8.5618569], [93.6004591, 8.5619383], [93.6004864, 8.5617258]]], [[[93.6009995, 8.5632902], [93.6014174, 8.5633354], [93.6014311, 8.563453], [93.6009995, 8.5632902]]], [[[93.6009677, 8.5634936], [93.6003954, 8.5638598], [93.6004136, 8.5632991], [93.6009677, 8.5634936]]], [[[93.6030026, 8.56334], [93.6030798, 8.5636971], [93.6027664, 8.5640905], [93.6030026, 8.56334]]], [[[93.6101749, 8.5640863], [93.6104655, 8.5641768], [93.6102248, 8.5642717], [93.6101749, 8.5640863]]], [[[93.602839, 8.5647008], [93.6029799, 8.5648636], [93.6027891, 8.5648229], [93.602839, 8.5647008]]], [[[93.6031797, 8.5654514], [93.6032297, 8.5658402], [93.6030752, 8.5658493], [93.6031797, 8.5654514]]], [[[93.6110832, 8.5660079], [93.6111059, 8.5662791], [93.6109741, 8.5661389], [93.6110832, 8.5660079]]], [[[93.6032977, 8.566767], [93.6034567, 8.5670202], [93.6031705, 8.5668937], [93.6032977, 8.566767]]], [[[93.6028662, 8.5671197], [93.6029888, 8.5673096], [93.602798, 8.5673187], [93.6028662, 8.5671197]]], [[[93.6071404, 8.5700451], [93.6073356, 8.5700994], [93.6072221, 8.5702441], [93.6071404, 8.5700451]]], [[[93.6074673, 8.5702847], [93.6076345, 8.570439], [93.6074128, 8.5704747], [93.6074673, 8.5702847]]], [[[93.6075036, 8.5708815], [93.6077535, 8.5708409], [93.6076627, 8.5709449], [93.6075036, 8.5708815]]], [[[93.6069812, 8.5733049], [93.607181, 8.573436], [93.6070085, 8.5735039], [93.6069812, 8.5733049]]], [[[93.6064043, 8.5737479], [93.606536, 8.5739107], [93.6063862, 8.5738971], [93.6064043, 8.5737479]]], [[[93.6023343, 8.5738608], [93.602457, 8.5741818], [93.6022571, 8.5738969], [93.6023343, 8.5738608]]], [[[93.6018438, 8.5741455], [93.6020254, 8.574349], [93.6017529, 8.5743445], [93.6018438, 8.5741455]]], [[[93.6055775, 8.5743718], [93.6058092, 8.5744622], [93.6057138, 8.5745255], [93.6055775, 8.5743718]]], [[[93.6030065, 8.5745706], [93.6028703, 8.5747289], [93.6028431, 8.5745842], [93.6030065, 8.5745706]]], [[[93.6055593, 8.5745933], [93.6054231, 8.5747516], [93.6053959, 8.5746069], [93.6055593, 8.5745933]]], [[[93.6050824, 8.5750319], [93.6052459, 8.5750545], [93.6051051, 8.5751495], [93.6050824, 8.5750319]]], [[[93.6028021, 8.5750725], [93.6029656, 8.5750951], [93.6028249, 8.57519], [93.6028021, 8.5750725]]], [[[93.6028021, 8.5754387], [93.6028975, 8.5755291], [93.6028157, 8.5755607], [93.6028021, 8.5754387]]], [[[93.6026658, 8.5762525], [93.6028202, 8.5762751], [93.602684, 8.5764514], [93.6026658, 8.5762525]]], [[[93.6025023, 8.5765328], [93.6026567, 8.5765554], [93.6025204, 8.5767318], [93.6025023, 8.5765328]]], [[[93.6059182, 8.5737162], [93.6002149, 8.5449747], [93.6120384, 8.5259184], [93.6192104, 8.4866064], [93.6094422, 8.4814746], [93.613539, 8.4625806], [93.606919, 8.4445994], [93.6130134, 8.4232324], [93.6171854, 8.4680785], [93.6239107, 8.4714604], [93.6270305, 8.4709856], [93.6291557, 8.4666408], [93.6323481, 8.4677213], [93.6214719, 8.5076213], [93.6255366, 8.5236942], [93.6148724, 8.5289749], [93.6116702, 8.5325375], [93.6059182, 8.5737162]]], [[[93.5982458, 8.5800364], [93.5961697, 8.5825456], [93.5978779, 8.5799641], [93.5982458, 8.5800364]]], [[[92.8176654, 9.2119906], [92.771426, 9.2588226], [92.7756211, 9.2454912], [92.7631843, 9.2161191], [92.7196916, 9.2185262], [92.7144421, 9.1544023], [92.7273156, 9.1248989], [92.7669873, 9.1288461], [92.7848407, 9.1187193], [92.7990652, 9.1205942], [92.8273034, 9.1388369], [92.8305616, 9.1681653], [92.8176654, 9.2119906]]], [[[92.5183603, 10.9008369], [92.5029622, 10.8977168], [92.5178839, 10.8774083], [92.5104507, 10.8698613], [92.4979838, 10.8711898], [92.5011957, 10.8673353], [92.5005113, 10.8637549], [92.5069454, 10.863875], [92.507984, 10.8628223], [92.5003423, 10.8631537], [92.4958573, 10.8707087], [92.4906083, 10.8596357], [92.4878371, 10.8596366], [92.4859262, 10.8617889], [92.4832735, 10.8605241], [92.480205, 10.8604752], [92.4768167, 10.8618097], [92.4861367, 10.8621549], [92.4901373, 10.8599659], [92.4914491, 10.871474], [92.5110354, 10.8718142], [92.4965344, 10.8970525], [92.4792895, 10.8730554], [92.454506, 10.8668643], [92.4572855, 10.8417445], [92.4462469, 10.8411003], [92.4333128, 10.8240609], [92.4254943, 10.8268057], [92.4168907, 10.7957159], [92.4043126, 10.7844295], [92.3956307, 10.7863103], [92.3972216, 10.7835076], [92.3956579, 10.7748513], [92.4083904, 10.7788287], [92.4105985, 10.7782907], [92.3956168, 10.7739473], [92.393907, 10.7777217], [92.3968691, 10.7631392], [92.4025884, 10.7690425], [92.4103781, 10.7643681], [92.4140267, 10.7715687], [92.4193253, 10.7725763], [92.4084117, 10.755296], [92.4034798, 10.7683554], [92.3959548, 10.7604948], [92.3993704, 10.7516135], [92.398927, 10.7508632], [92.3964264, 10.750122], [92.3959235, 10.7492677], [92.3979988, 10.7485081], [92.3993059, 10.7448918], [92.3987573, 10.7439425], [92.3952057, 10.7489514], [92.3924028, 10.7752085], [92.3950317, 10.7855916], [92.3865327, 10.7854289], [92.3836796, 10.7955271], [92.3730733, 10.7827433], [92.3805533, 10.7632295], [92.3813623, 10.6702802], [92.4011227, 10.6594936], [92.4191176, 10.6157935], [92.4098292, 10.5844234], [92.3820863, 10.5439769], [92.3876499, 10.5315321], [92.402592, 10.5306724], [92.4202045, 10.5484715], [92.4350516, 10.5489076], [92.4815281, 10.5174654], [92.5132643, 10.5108392], [92.5329367, 10.5185487], [92.5464819, 10.5530677], [92.5698919, 10.5787907], [92.5649464, 10.5882515], [92.5423225, 10.5947833], [92.5385152, 10.6149083], [92.5537034, 10.6400379], [92.5823502, 10.6580306], [92.5802629, 10.6808053], [92.598102, 10.6791754], [92.5993797, 10.7057749], [92.5833624, 10.744185], [92.5871481, 10.7881083], [92.5708178, 10.8106305], [92.5615332, 10.8028402], [92.5646663, 10.7967294], [92.5713234, 10.7958401], [92.5792209, 10.7854447], [92.5605197, 10.7957522], [92.5587611, 10.8091681], [92.5526666, 10.8081316], [92.5526631, 10.8036565], [92.5515978, 10.803516], [92.5485467, 10.8096313], [92.5674298, 10.8102682], [92.5590981, 10.8154965], [92.5659812, 10.8294838], [92.5624763, 10.8621738], [92.5337722, 10.8899662], [92.5348008, 10.8761616], [92.529896, 10.868869], [92.5411051, 10.8672856], [92.539062, 10.8638179], [92.5422868, 10.8610344], [92.5422278, 10.8591584], [92.5295399, 10.8670833], [92.53288, 10.890861], [92.5183603, 10.9008369]]], [[[92.6245367, 10.9232853], [92.6207631, 10.9246911], [92.6238003, 10.9221959], [92.6245367, 10.9232853]]], [[[92.620946, 10.9268427], [92.6076669, 10.9397385], [92.6020089, 10.9362847], [92.620946, 10.9268427]]], [[[92.6061894, 10.9406198], [92.6010708, 10.9411213], [92.6060522, 10.9401769], [92.6061894, 10.9406198]]], [[[92.6078086, 10.9417636], [92.6079687, 10.9426179], [92.6072139, 10.942202], [92.6078086, 10.9417636]]], [[[92.6065048, 10.9431332], [92.6060703, 10.942324], [92.6066147, 10.9423241], [92.6065048, 10.9431332]]], [[[92.5959839, 10.9442126], [92.5993188, 10.9420161], [92.5962812, 10.9450444], [92.5959839, 10.9442126]]], [[[92.6056082, 10.9455966], [92.6032524, 10.945497], [92.6056219, 10.9451446], [92.6056082, 10.9455966]]], [[[92.6005531, 10.9509302], [92.6002054, 10.9517122], [92.5997343, 10.9513595], [92.6005531, 10.9509302]]], [[[92.2192431, 10.985773], [92.2081922, 10.9798318], [92.2133508, 10.9727963], [92.2246667, 10.9780999], [92.2192431, 10.985773]]], [[[92.6677555, 10.9846584], [92.6665397, 10.9926865], [92.6581718, 10.9908026], [92.6595339, 10.9807946], [92.6677555, 10.9846584]]], [[[92.7335886, 11.1449031], [92.7242192, 11.1483103], [92.7220331, 11.1407438], [92.7335886, 11.1449031]]], [[[92.6800778, 11.181213], [92.6739398, 11.1902324], [92.6758604, 11.1767882], [92.6800778, 11.181213]]], [[[92.6719902, 11.1949657], [92.6725717, 11.1953227], [92.6720818, 11.195481], [92.6719902, 11.1949657]]], [[[92.7039387, 11.2622821], [92.7051097, 11.2901187], [92.6938096, 11.2845841], [92.6862348, 11.2417997], [92.7039387, 11.2622821]]], [[[92.7223041, 11.3330264], [92.7108511, 11.3132123], [92.69601, 11.310165], [92.7067752, 11.2996385], [92.7223077, 11.3166578], [92.7223041, 11.3330264]]], [[[92.562659, 11.396806], [92.5546823, 11.3970529], [92.5516458, 11.3921022], [92.5590363, 11.3909874], [92.562659, 11.396806]]], [[[92.5409252, 11.3912089], [92.5506089, 11.3981277], [92.5411204, 11.3975149], [92.5409252, 11.3912089]]], [[[92.6096433, 11.5023676], [92.6150286, 11.5110742], [92.6030662, 11.5031222], [92.6096433, 11.5023676]]], [[[92.5605115, 11.5140914], [92.5608828, 11.5143582], [92.5605114, 11.5145571], [92.5605115, 11.5140914]]], [[[92.6432358, 11.5143193], [92.6446246, 11.5142468], [92.6445376, 11.5151193], [92.6432358, 11.5143193]]], [[[92.2591787, 11.5143863], [92.2554015, 11.5150583], [92.2547235, 11.5141313], [92.2591787, 11.5143863]]], [[[92.240561, 11.5153469], [92.2397777, 11.5163281], [92.2389065, 11.5157409], [92.240561, 11.5153469]]], [[[92.6362082, 11.5159088], [92.6202962, 11.5000322], [92.6106621, 11.4723074], [92.6094666, 11.4579279], [92.6228896, 11.4401723], [92.6217899, 11.4044517], [92.5859059, 11.3996576], [92.5911817, 11.3791988], [92.5796018, 11.3674396], [92.5976539, 11.345025], [92.6381716, 11.3460836], [92.6519793, 11.3570402], [92.6637429, 11.3527851], [92.6908446, 11.3755089], [92.6922539, 11.3872617], [92.6747959, 11.3997687], [92.6626583, 11.39544], [92.6625176, 11.404716], [92.6528273, 11.4073886], [92.6437864, 11.3942034], [92.6430084, 11.4076697], [92.6337163, 11.4037193], [92.636136, 11.4168194], [92.6416982, 11.4105538], [92.6609973, 11.4119307], [92.684498, 11.433331], [92.6713039, 11.4783657], [92.6742575, 11.490403], [92.6444273, 11.5000118], [92.6450955, 11.5115914], [92.6374959, 11.5095215], [92.6362082, 11.5159088]]], [[[92.2393105, 11.517246], [92.2398423, 11.5175893], [92.239329, 11.5176528], [92.2393105, 11.517246]]], [[[92.2718881, 11.5167461], [92.2699481, 11.5198916], [92.2665253, 11.516595], [92.2718881, 11.5167461]]], [[[92.6158072, 11.5277227], [92.6162565, 11.5284053], [92.6152664, 11.528455], [92.6158072, 11.5277227]]], [[[92.5882492, 11.530451], [92.5866127, 11.530844], [92.5866632, 11.5303558], [92.5882492, 11.530451]]], [[[92.6152112, 11.5313119], [92.6158575, 11.5319945], [92.6147666, 11.5317503], [92.6152112, 11.5313119]]], [[[92.5922784, 11.5300627], [92.5895554, 11.5316264], [92.5895051, 11.5307721], [92.5922784, 11.5300627]]], [[[92.2071287, 11.53226], [92.206909, 11.5332727], [92.2066294, 11.5331598], [92.2071287, 11.53226]]], [[[92.6304664, 11.5329438], [92.6307872, 11.5335631], [92.6305397, 11.5335631], [92.6304664, 11.5329438]]], [[[92.2053048, 11.5338563], [92.2058183, 11.534159], [92.2050116, 11.5343807], [92.2053048, 11.5338563]]], [[[92.2069876, 11.5354651], [92.2071206, 11.5359035], [92.2067355, 11.5357138], [92.2069876, 11.5354651]]], [[[92.601065, 11.5376171], [92.5965873, 11.5288652], [92.6059114, 11.5187764], [92.6054063, 11.5327173], [92.601065, 11.5376171]]], [[[92.554918, 11.5392823], [92.5551653, 11.5404034], [92.5545696, 11.5395263], [92.554918, 11.5392823]]], [[[92.568493, 11.5297065], [92.5570949, 11.5411362], [92.5551059, 11.5391241], [92.5541755, 11.5388391], [92.5529877, 11.5408911], [92.5505498, 11.5379568], [92.5512214, 11.5288529], [92.5654383, 11.5166329], [92.568493, 11.5297065]]], [[[92.5819411, 11.5353638], [92.585227, 11.5407118], [92.5832787, 11.5419321], [92.5819411, 11.5353638]]], [[[92.6257679, 11.5436753], [92.6285367, 11.5478339], [92.6272945, 11.5489686], [92.6257679, 11.5436753]]], [[[92.5412169, 11.553658], [92.5413906, 11.5554029], [92.5402447, 11.5546929], [92.5412169, 11.553658]]], [[[92.5620833, 11.5576683], [92.5623813, 11.5575734], [92.562207, 11.557718], [92.5620833, 11.5576683]]], [[[92.6316634, 11.5567481], [92.6311224, 11.5575799], [92.6310983, 11.5560668], [92.6316634, 11.5567481]]], [[[92.5441498, 11.5568005], [92.5396247, 11.5582955], [92.5389749, 11.5544484], [92.5441498, 11.5568005]]], [[[92.5666626, 11.5592332], [92.5671071, 11.5599657], [92.5666901, 11.5597712], [92.5666626, 11.5592332]]], [[[92.5631006, 11.5597931], [92.5632976, 11.5601322], [92.5627292, 11.5598427], [92.5631006, 11.5597931]]], [[[92.569977, 11.5598442], [92.5705729, 11.5598171], [92.5705729, 11.5601335], [92.569977, 11.5598442]]], [[[92.5735437, 11.5592346], [92.5739377, 11.5605275], [92.5733695, 11.5593792], [92.5735437, 11.5592346]]], [[[92.61825, 11.5448098], [92.6110982, 11.5611417], [92.6084213, 11.5537463], [92.6012837, 11.554225], [92.6096419, 11.5314066], [92.61825, 11.5448098]]], [[[92.6048452, 11.5605628], [92.6083202, 11.5595188], [92.6066788, 11.5630762], [92.6048452, 11.5605628]]], [[[92.5636167, 11.5685311], [92.5669217, 11.5701048], [92.5660643, 11.570855], [92.5636167, 11.5685311]]], [[[92.5718236, 11.5644281], [92.5766226, 11.5689675], [92.5763611, 11.5710558], [92.5718236, 11.5644281]]], [[[92.5289162, 11.5707683], [92.530191, 11.5700229], [92.5300898, 11.5710129], [92.5289162, 11.5707683]]], [[[92.2691448, 11.5722599], [92.267953, 11.5717395], [92.268352, 11.5711837], [92.2691448, 11.5722599]]], [[[92.5688147, 11.5725959], [92.56936, 11.5735724], [92.5687641, 11.5730389], [92.5688147, 11.5725959]]], [[[92.5930391, 11.5745613], [92.5828055, 11.5490426], [92.5877859, 11.5326026], [92.5950146, 11.5333538], [92.5966544, 11.54602], [92.5930391, 11.5745613]]], [[[92.1966295, 11.5772994], [92.1970102, 11.578131], [92.196529, 11.5782803], [92.1966295, 11.5772994]]], [[[92.5701522, 11.5783551], [92.5694096, 11.5782329], [92.570001, 11.5779166], [92.5701522, 11.5783551]]], [[[92.5689875, 11.5795754], [92.5681943, 11.5796475], [92.5682219, 11.5794306], [92.5689875, 11.5795754]]], [[[92.529808, 11.5774181], [92.5263961, 11.5801427], [92.5260798, 11.5801201], [92.5283641, 11.5764593], [92.529808, 11.5774181]]], [[[92.196172, 11.580866], [92.19697, 11.5819236], [92.1965577, 11.5832617], [92.196172, 11.580866]]], [[[92.5993371, 11.5865816], [92.5997497, 11.587228], [92.5990757, 11.5875716], [92.5993371, 11.5865816]]], [[[92.5761751, 11.5859413], [92.5787199, 11.5842873], [92.5774173, 11.5876367], [92.5761751, 11.5859413]]], [[[92.1972319, 11.584238], [92.1971869, 11.5874384], [92.1965809, 11.5842652], [92.1972319, 11.584238]]], [[[92.6109778, 11.5883498], [92.600919, 11.5856731], [92.5992195, 11.5690561], [92.6139541, 11.5630449], [92.6182219, 11.5765338], [92.6109778, 11.5883498]]], [[[92.2651725, 11.589612], [92.2642786, 11.5891552], [92.2660989, 11.5888304], [92.2651725, 11.589612]]], [[[92.5930374, 11.5892435], [92.5935462, 11.590333], [92.5923175, 11.5900345], [92.5930374, 11.5892435]]], [[[92.2010429, 11.5883777], [92.2004109, 11.5908459], [92.1988195, 11.5891331], [92.2010429, 11.5883777]]], [[[92.2221757, 11.5928147], [92.2217637, 11.5944377], [92.2201311, 11.5935839], [92.2221757, 11.5928147]]], [[[92.5514705, 11.5941044], [92.552589, 11.5947466], [92.5512592, 11.595325], [92.5514705, 11.5941044]]], [[[92.2161151, 11.5944893], [92.2028308, 11.5874414], [92.2112807, 11.5735298], [92.2039573, 11.5502747], [92.2114184, 11.5293793], [92.2481045, 11.5252668], [92.2594296, 11.5172206], [92.2686545, 11.5224225], [92.2730268, 11.5367763], [92.26706, 11.5570932], [92.2665322, 11.5707219], [92.2688784, 11.5860242], [92.2393371, 11.5935362], [92.2271165, 11.5883515], [92.2161151, 11.5944893]]], [[[92.2280267, 11.5946841], [92.2295993, 11.5947875], [92.229453, 11.5957007], [92.2280267, 11.5946841]]], [[[92.5490844, 11.6010381], [92.5357628, 11.6083166], [92.5279677, 11.5963035], [92.5342723, 11.5663085], [92.526827, 11.5536987], [92.5401003, 11.562269], [92.5541111, 11.5579738], [92.5657474, 11.5737073], [92.5624257, 11.5850979], [92.5715763, 11.5877894], [92.5617033, 11.5963399], [92.5439383, 11.5914128], [92.5490844, 11.6010381]]], [[[92.6861866, 11.6309072], [92.6874017, 11.6309295], [92.6872276, 11.6315759], [92.6861866, 11.6309072]]], [[[92.7543442, 11.636609], [92.7550823, 11.6370704], [92.7544816, 11.6371876], [92.7543442, 11.636609]]], [[[92.7530598, 11.6378199], [92.7546144, 11.6376487], [92.7542655, 11.6384939], [92.7530598, 11.6378199]]], [[[92.6855318, 11.6346863], [92.6886959, 11.6354134], [92.6861383, 11.6404858], [92.6855318, 11.6346863]]], [[[92.6935351, 11.6594695], [92.6971499, 11.6640206], [92.6922101, 11.6610926], [92.6935351, 11.6594695]]], [[[92.7648885, 11.6784353], [92.7583028, 11.6778903], [92.7603933, 11.6687194], [92.7618829, 11.6710253], [92.7648885, 11.6784353]]], [[[92.7250186, 11.6880106], [92.7229817, 11.6861399], [92.7250459, 11.687102], [92.7250186, 11.6880106]]], [[[92.585792, 11.7006692], [92.5867644, 11.7000591], [92.5869707, 11.7013338], [92.585792, 11.7006692]]], [[[92.5848145, 11.7043531], [92.5853649, 11.7047103], [92.5850896, 11.7050357], [92.5848145, 11.7043531]]], [[[92.5829931, 11.7077612], [92.5826765, 11.7083895], [92.582805, 11.7076979], [92.5829931, 11.7077612]]], [[[93.0804988, 11.7779596], [93.0815569, 11.789708], [93.0759884, 11.7810869], [93.0804988, 11.7779596]]], [[[93.0722669, 11.8334855], [93.0722484, 11.8343398], [93.0716291, 11.8336572], [93.0722669, 11.8334855]]], [[[93.0716467, 11.8375084], [93.0712104, 11.8391492], [93.0708755, 11.8390316], [93.0716467, 11.8375084]]], [[[93.0122333, 11.8516352], [93.0137248, 11.8288219], [93.042309, 11.809869], [93.058941, 11.8142669], [93.0715281, 11.8341136], [93.0587454, 11.8459722], [93.0312187, 11.8373896], [93.0122333, 11.8516352]]], [[[92.6034885, 11.9291715], [92.6048285, 11.9346818], [92.603332, 11.9360514], [92.6016106, 11.9353551], [92.6034885, 11.9291715]]], [[[92.9946225, 11.946299], [92.9954905, 11.9458559], [92.9955548, 11.946828], [92.9946225, 11.946299]]], [[[92.7228394, 11.9544502], [92.7243722, 11.9530213], [92.7246618, 11.9539659], [92.7228394, 11.9544502]]], [[[92.7285141, 11.9435173], [92.7284763, 11.9526356], [92.7321564, 11.9599344], [92.7239031, 11.9505173], [92.7285141, 11.9435173]]], [[[92.6086188, 11.9612069], [92.6041056, 11.9653517], [92.6066539, 11.9595298], [92.6086188, 11.9612069]]], [[[92.7404132, 11.9652333], [92.7441371, 11.9667686], [92.7432745, 11.9676821], [92.7404132, 11.9652333]]], [[[92.7502334, 11.9688343], [92.7353665, 11.951191], [92.7571581, 11.9443467], [92.7700182, 11.9520316], [92.7658251, 11.967991], [92.7502334, 11.9688343]]], [[[92.6035586, 11.9747764], [92.5868371, 11.9773466], [92.59345, 11.9638998], [92.5876975, 11.9637408], [92.5856318, 11.9613448], [92.597234, 11.9530876], [92.5902107, 11.9482186], [92.5978932, 11.9249672], [92.6015416, 11.9361778], [92.6080644, 11.9432298], [92.6018928, 11.9641446], [92.6035586, 11.9747764]]], [[[92.5998987, 11.9819813], [92.6004221, 11.9822525], [92.6001421, 11.9825193], [92.5998987, 11.9819813]]], [[[92.5840687, 11.9769259], [92.5799915, 11.9782271], [92.5838116, 11.9767903], [92.5840687, 11.9769259]]], [[[92.7410466, 11.9970103], [92.7336508, 11.9772327], [92.7607869, 11.9831725], [92.7569627, 11.992912], [92.741649, 11.9882995], [92.7410466, 11.9970103]]], [[[92.7764254, 12.0161836], [92.7699123, 12.0129621], [92.774068, 12.0120201], [92.7764254, 12.0161836]]], [[[92.9711587, 12.0359627], [92.9721507, 12.0360755], [92.9719143, 12.0366315], [92.9711587, 12.0359627]]], [[[92.9896495, 12.0368863], [92.9890837, 12.0378593], [92.9887724, 12.0372911], [92.9896495, 12.0368863]]], [[[92.9776277, 12.0419352], [92.9775085, 12.042014], [92.9774257, 12.041976], [92.9776277, 12.0419352]]], [[[92.9772696, 12.0422313], [92.9772697, 12.0424257], [92.9771503, 12.0423579], [92.9772696, 12.0422313]]], [[[92.9767989, 12.0423693], [92.976854, 12.0424644], [92.9767989, 12.0424506], [92.9767989, 12.0423693]]], [[[92.9762479, 12.0426134], [92.9762388, 12.0427513], [92.9761446, 12.0427106], [92.9762479, 12.0426134]]], [[[92.9757037, 12.0428282], [92.975876, 12.0428802], [92.9756991, 12.0428893], [92.9757037, 12.0428282]]], [[[92.9743237, 12.0428035], [92.9743307, 12.0429166], [92.974248, 12.04286], [92.9743237, 12.0428035]]], [[[92.9752475, 12.0429174], [92.9751389, 12.0429459], [92.9752581, 12.0428611], [92.9752475, 12.0429174]]], [[[92.9748909, 12.0431109], [92.9748447, 12.0430455], [92.9749276, 12.0430121], [92.9748909, 12.0431109]]], [[[92.9785097, 12.0431872], [92.978682, 12.0431826], [92.9787164, 12.0433092], [92.9785097, 12.0431872]]], [[[92.9772083, 12.0428254], [92.9781148, 12.0429657], [92.9778117, 12.0434179], [92.9772083, 12.0428254]]], [[[92.9788605, 12.0436047], [92.9788565, 12.043768], [92.9788014, 12.0437273], [92.9788605, 12.0436047]]], [[[92.9783512, 12.0430787], [92.9781745, 12.0437341], [92.9781538, 12.0431647], [92.9783512, 12.0430787]]], [[[92.978255, 12.0439579], [92.9783032, 12.0440551], [92.978255, 12.0440596], [92.978255, 12.0439579]]], [[[92.9786247, 12.0440347], [92.9787533, 12.0442788], [92.9786912, 12.0442855], [92.9786247, 12.0440347]]], [[[92.96418, 12.0499942], [92.9486879, 12.0130628], [92.9229509, 11.9984423], [92.9323053, 11.9836684], [92.958443, 11.9809496], [92.975087, 11.9455461], [92.997242, 11.947228], [92.9972236, 11.9543768], [92.9980639, 11.9573476], [93.0, 11.9599194], [93.0008409, 11.9483866], [93.0069378, 11.9582207], [93.0015987, 11.9475145], [93.0046833, 11.9483386], [93.0099726, 11.946632], [93.0089226, 11.9436664], [93.01002, 11.9429888], [93.011741, 11.9441692], [93.0128979, 11.944129], [93.014937, 11.9421454], [93.0153792, 11.9382672], [93.0128062, 11.9438125], [93.0094096, 11.9427218], [93.0042842, 11.9479451], [92.9905523, 11.9438449], [92.992334, 11.934519], [93.0042378, 11.9280605], [93.0254377, 11.8857772], [93.0441046, 11.8837173], [93.0540868, 11.9027864], [93.0390541, 11.9489251], [93.0277919, 11.9519183], [93.0283256, 11.9747819], [93.0205299, 11.9744085], [93.0071043, 12.0029906], [93.0168428, 12.0122006], [93.0147836, 12.0272977], [92.9729621, 12.0431585], [92.9737091, 12.0317765], [92.9770587, 12.0291408], [92.9785434, 12.0304321], [92.9798187, 12.0301462], [92.9813477, 12.0290204], [92.9814923, 12.0282586], [92.9800524, 12.0272902], [92.9817149, 12.0277162], [92.9827113, 12.0272572], [92.9827594, 12.0265385], [92.9812874, 12.025359], [92.9816845, 12.0244887], [92.9823781, 12.0257181], [92.9834696, 12.0260318], [92.9825658, 12.0226014], [92.9759725, 12.0277691], [92.9774232, 12.0253754], [92.9754483, 12.0233845], [92.977069, 12.0206383], [92.9773212, 12.018742], [92.9760078, 12.0184077], [92.9748573, 12.0166359], [92.9762741, 12.0179375], [92.9770593, 12.0175893], [92.9772429, 12.0169339], [92.9748182, 12.0162494], [92.9745819, 12.0170541], [92.9768347, 12.0203806], [92.9750672, 12.023371], [92.9771591, 12.0254477], [92.9754949, 12.0271679], [92.9764479, 12.0290279], [92.9683593, 12.0317208], [92.96418, 12.0499942]]], [[[92.7466516, 12.0548705], [92.7437455, 12.0570098], [92.7411808, 12.0629821], [92.7362817, 12.0660126], [92.73907, 12.0564919], [92.7369334, 12.0539253], [92.7269326, 12.0583138], [92.7303938, 12.0425234], [92.7307414, 12.0391015], [92.7292985, 12.0369007], [92.7302218, 12.0374111], [92.7333532, 12.036203], [92.7336141, 12.034092], [92.7370542, 12.0352568], [92.7392345, 12.0330455], [92.7370013, 12.0407444], [92.7406158, 12.0414977], [92.7481595, 12.0354925], [92.7455913, 12.0256433], [92.7518342, 12.0340184], [92.7605667, 12.0193182], [92.7777015, 12.0241858], [92.7821939, 12.0485422], [92.7661989, 12.0459749], [92.7601697, 12.0546346], [92.7466516, 12.0548705]]], [[[92.9707214, 12.063536], [92.9671553, 12.065001], [92.9681356, 12.0625328], [92.9707214, 12.063536]]], [[[92.9649992, 12.0664522], [92.9615202, 12.0662694], [92.9660829, 12.0653333], [92.9649992, 12.0664522]]], [[[93.0095447, 12.0661007], [93.0121721, 12.0674402], [93.0094704, 12.0680088], [93.0095447, 12.0661007]]], [[[93.0096486, 12.0703602], [93.0082429, 12.070138], [93.0098098, 12.0694378], [93.0096486, 12.0703602]]], [[[93.0070304, 12.069197], [93.0045117, 12.0716784], [93.0048988, 12.068952], [93.0070304, 12.069197]]], [[[93.053026, 12.0725183], [93.0530718, 12.0732102], [93.0523229, 12.0731648], [93.053026, 12.0725183]]], [[[92.7551751, 12.0667591], [92.7367917, 12.0664645], [92.7419432, 12.0628009], [92.7442643, 12.0568514], [92.7537969, 12.0578585], [92.7551751, 12.0667591]]], [[[93.0544087, 12.0732783], [93.0540364, 12.0740605], [93.0536827, 12.0735766], [93.0544087, 12.0732783]]], [[[92.7992766, 12.0754953], [92.7984704, 12.0765733], [92.7990814, 12.0750478], [92.7992766, 12.0754953]]], [[[93.0773123, 12.0763837], [93.0766645, 12.0767408], [93.076977, 12.0762706], [93.0773123, 12.0763837]]], [[[93.0789386, 12.0771029], [93.0783736, 12.0765331], [93.0790536, 12.0765875], [93.0789386, 12.0771029]]], [[[93.0799541, 12.0764746], [93.080124, 12.0772885], [93.0795221, 12.0771889], [93.0799541, 12.0764746]]], [[[92.7849171, 12.0726353], [92.7873486, 12.0778473], [92.7841363, 12.0726262], [92.7849171, 12.0726353]]], [[[92.7919139, 12.0786974], [92.7919667, 12.0788963], [92.7919047, 12.0788783], [92.7919139, 12.0786974]]], [[[93.0828436, 12.0788715], [93.0823705, 12.07827], [93.0828299, 12.0782746], [93.0828436, 12.0788715]]], [[[92.7916751, 12.0787313], [92.7917095, 12.0790794], [92.7915946, 12.0791314], [92.7916751, 12.0787313]]], [[[92.7910481, 12.0790794], [92.7911974, 12.0791833], [92.7911445, 12.0791923], [92.7910481, 12.0790794]]], [[[92.7990233, 12.0892323], [92.7999764, 12.0897453], [92.7992782, 12.0901769], [92.7990233, 12.0892323]]], [[[92.9575976, 12.0911806], [92.9558247, 12.0911898], [92.956881, 12.0898066], [92.9575976, 12.0911806]]], [[[93.0343372, 12.1026355], [93.033661, 12.1050318], [93.0331923, 12.1049503], [93.0343372, 12.1026355]]], [[[93.0048086, 12.107567], [92.9981223, 12.1078938], [93.0048093, 12.1061065], [93.0048086, 12.107567]]], [[[93.0044841, 12.1036466], [92.9577729, 12.1082981], [92.9600877, 12.0972443], [92.9574596, 12.0872752], [92.9698135, 12.0936633], [92.97176, 12.0865347], [92.9567747, 12.0820182], [92.9571137, 12.0700103], [92.9749242, 12.0672217], [92.9712189, 12.0573138], [92.9963007, 12.044323], [93.0026609, 12.0595505], [92.9935181, 12.0787676], [92.9993807, 12.0784905], [93.0044841, 12.1036466]]], [[[92.9908973, 12.1101994], [92.9926682, 12.1107459], [92.9914006, 12.111483], [92.9908973, 12.1101994]]], [[[92.9759905, 12.1100341], [92.9777049, 12.1108593], [92.9760997, 12.1121321], [92.9759905, 12.1100341]]], [[[92.7387275, 12.1109239], [92.7407857, 12.1117186], [92.7405062, 12.11312], [92.7387275, 12.1109239]]], [[[92.973073, 12.1153441], [92.9725839, 12.116542], [92.9719454, 12.115812], [92.973073, 12.1153441]]], [[[92.9628341, 12.1167984], [92.9594649, 12.1192894], [92.9625881, 12.1139705], [92.9628341, 12.1167984]]], [[[92.9571573, 12.0991204], [92.9456839, 12.1198756], [92.9501309, 12.0792365], [92.9571573, 12.0991204]]], [[[92.9601104, 12.1201685], [92.9609832, 12.1198023], [92.9602781, 12.1207674], [92.9601104, 12.1201685]]], [[[92.9582366, 12.1259183], [92.9559898, 12.1258031], [92.9567412, 12.1232764], [92.9582366, 12.1259183]]], [[[92.9575422, 12.1305268], [92.9558598, 12.1312689], [92.9554714, 12.1304078], [92.9575422, 12.1305268]]], [[[92.8512044, 12.1412308], [92.8514778, 12.1416172], [92.8511516, 12.141511], [92.8512044, 12.1412308]]], [[[92.8514502, 12.1418048], [92.8520612, 12.1418996], [92.8518568, 12.142085], [92.8514502, 12.1418048]]], [[[92.7556547, 12.1457754], [92.7559045, 12.1490796], [92.7539051, 12.1427035], [92.7556547, 12.1457754]]], [[[93.0045429, 12.1483567], [93.0059533, 12.1495284], [93.0043997, 12.1501789], [93.0045429, 12.1483567]]], [[[92.9873865, 12.1509233], [92.9881101, 12.1509593], [92.9876875, 12.1519583], [92.9873865, 12.1509233]]], [[[93.0069179, 12.1506863], [93.0073215, 12.1525042], [93.0056395, 12.1526346], [93.0069179, 12.1506863]]], [[[93.1247322, 12.1523643], [93.1085649, 12.1449486], [93.112421, 12.1292451], [93.1228754, 12.1383834], [93.1247322, 12.1523643]]], [[[92.983859, 12.1557514], [92.9857978, 12.1561398], [92.9854144, 12.1569173], [92.983859, 12.1557514]]], [[[93.0142733, 12.1562463], [93.0122375, 12.1561596], [93.0133504, 12.1541434], [93.0142733, 12.1562463]]], [[[93.0121678, 12.157923], [93.0131558, 12.1582716], [93.0121675, 12.1587369], [93.0121678, 12.157923]]], [[[92.9918716, 12.1455208], [92.9890789, 12.1601259], [92.9862735, 12.1568358], [92.9883929, 12.1527989], [92.9875487, 12.1465499], [92.9800478, 12.1545813], [92.9797369, 12.1494035], [92.975916, 12.1439414], [92.9776745, 12.151865], [92.9561952, 12.1495532], [92.9544015, 12.1355542], [92.9659441, 12.1176253], [92.9748812, 12.1198007], [92.9796848, 12.1114263], [92.9924254, 12.113813], [93.0009704, 12.1109702], [92.9931743, 12.1361207], [92.9978426, 12.1459491], [92.9943984, 12.1562805], [92.9918716, 12.1455208]]], [[[93.014909, 12.1642227], [93.0157637, 12.1645848], [93.0155338, 12.1648515], [93.014909, 12.1642227]]], [[[93.0281028, 12.1672117], [93.0195955, 12.1676383], [93.0146464, 12.1541394], [93.0114664, 12.1536634], [93.0072694, 12.15623], [93.0101755, 12.1522838], [93.0014895, 12.1423326], [93.0017589, 12.1254986], [92.9996829, 12.1402816], [92.9953485, 12.1316701], [93.0074064, 12.1037156], [93.0050654, 12.076761], [93.028942, 12.0645749], [93.0434384, 12.0426447], [93.0531975, 12.0537841], [93.0505596, 12.0747053], [93.0537978, 12.0781877], [93.0331335, 12.1020473], [93.0316824, 12.115806], [93.0354464, 12.1258591], [93.0237413, 12.1414731], [93.0281028, 12.1672117]]], [[[92.759888, 12.1704677], [92.7593823, 12.1725469], [92.7590589, 12.1696629], [92.759888, 12.1704677]]], [[[92.7612968, 12.179811], [92.7555649, 12.1799276], [92.7607558, 12.1734737], [92.7612968, 12.179811]]], [[[92.8651737, 12.1820004], [92.8657712, 12.1827642], [92.8649925, 12.1829542], [92.8651737, 12.1820004]]], [[[92.7282747, 12.1839503], [92.7293751, 12.1893333], [92.7243052, 12.1850321], [92.7282747, 12.1839503]]], [[[92.8473137, 12.1960881], [92.848003, 12.1968272], [92.8476033, 12.1969266], [92.8473137, 12.1960881]]], [[[93.0823107, 12.0788307], [93.0855847, 12.0926448], [93.0970759, 12.0928088], [93.10159, 12.1287698], [93.0971508, 12.130239], [93.0934656, 12.1285386], [93.0929876, 12.1288053], [93.0977574, 12.1306325], [93.1006892, 12.1304021], [93.0965756, 12.1389024], [93.0902534, 12.129221], [93.091389, 12.1239805], [93.084529, 12.1193405], [93.097306, 12.1424701], [93.0951451, 12.1536157], [93.0860361, 12.1562825], [93.0919068, 12.1818802], [93.0904679, 12.1844799], [93.0851047, 12.1797135], [93.0815196, 12.1800974], [93.0805955, 12.181725], [93.0784724, 12.1796177], [93.0768408, 12.1795858], [93.0764455, 12.1799113], [93.0803381, 12.1820099], [93.0853758, 12.1800979], [93.0888776, 12.1837427], [93.0879341, 12.1951417], [93.0717259, 12.2016098], [93.0783115, 12.2094604], [93.0691315, 12.2122306], [93.0545879, 12.1914507], [93.0352744, 12.1320899], [93.0467435, 12.1183926], [93.0508826, 12.1229379], [93.0552527, 12.1224325], [93.0574358, 12.1205385], [93.0615985, 12.1230444], [93.064089, 12.1233478], [93.0684456, 12.1214812], [93.0611126, 12.1175866], [93.0624854, 12.1227823], [93.0581482, 12.1201859], [93.0533551, 12.1216724], [93.0483904, 12.1117869], [93.0737467, 12.0787661], [93.0823107, 12.0788307]]], [[[93.0187615, 12.2234022], [93.0203095, 12.2250933], [93.019009, 12.2249437], [93.0187615, 12.2234022]]], [[[92.9343391, 12.2259063], [92.9234576, 12.2128925], [92.9323222, 12.1954404], [92.9407014, 12.2159597], [92.9343391, 12.2259063]]], [[[92.8715226, 12.2283376], [92.8703715, 12.2283379], [92.8712659, 12.2276405], [92.8715226, 12.2283376]]], [[[92.6962659, 12.2389319], [92.6876711, 12.2349924], [92.6829265, 12.2058792], [92.6782499, 12.2120275], [92.6811728, 12.1917811], [92.6750514, 12.1869955], [92.6739544, 12.2177871], [92.6553067, 12.1801097], [92.6647369, 12.2220872], [92.6603933, 12.2149415], [92.6335541, 12.1406998], [92.634518, 12.1203228], [92.6220464, 12.1013878], [92.6187077, 12.0682908], [92.6281591, 12.0430047], [92.6203798, 12.039723], [92.6241087, 12.0281152], [92.6118078, 11.9999003], [92.6076245, 11.9298046], [92.5926334, 11.9184937], [92.5986663, 11.904495], [92.6151663, 11.9375979], [92.6079693, 11.920615], [92.6203537, 11.9310753], [92.6197754, 11.9218313], [92.6062943, 11.9135271], [92.6092243, 11.8863604], [92.6044605, 11.8816907], [92.6031519, 11.8886519], [92.6003025, 11.8789149], [92.6055255, 11.879503], [92.5996473, 11.8673113], [92.6075043, 11.8671763], [92.6102635, 11.8473053], [92.5991012, 11.8660863], [92.5989651, 11.8996448], [92.5928189, 11.90204], [92.5915772, 11.883683], [92.5868692, 11.8764907], [92.5913566, 11.8863951], [92.58634, 11.8863945], [92.5859549, 11.8832755], [92.5832017, 11.8789628], [92.5858182, 11.8766261], [92.5845793, 11.8744019], [92.5828716, 11.8770054], [92.5853037, 11.9120966], [92.5743506, 11.917917], [92.5805407, 11.9313748], [92.5718055, 11.9289324], [92.5691893, 11.9505071], [92.5640659, 11.9508089], [92.5677772, 11.9409736], [92.5614317, 11.9467536], [92.5495239, 11.9278923], [92.5402596, 11.9310176], [92.5408558, 11.9176153], [92.5327463, 11.9131151], [92.5385467, 11.9035023], [92.5202391, 11.8986188], [92.5189965, 11.8835613], [92.52756, 11.8724943], [92.5139752, 11.8724079], [92.5116104, 11.8643519], [92.5182891, 11.8610863], [92.5203882, 11.8562188], [92.5081718, 11.856318], [92.5075034, 11.8414958], [92.5098241, 11.8445976], [92.5201329, 11.8396744], [92.5070288, 11.8352214], [92.5056659, 11.8245168], [92.5099298, 11.8112018], [92.5145762, 11.8155838], [92.5145474, 11.8070404], [92.5238249, 11.8073693], [92.5310289, 11.8338651], [92.5405263, 11.8390212], [92.5429752, 11.8287338], [92.5460889, 11.8359806], [92.5441003, 11.8416078], [92.5450176, 11.8433439], [92.5469056, 11.8361798], [92.5467378, 11.82944], [92.5316532, 11.8059299], [92.5392347, 11.8010911], [92.5414813, 11.8066743], [92.549556, 11.8097458], [92.542841, 11.8013498], [92.5294087, 11.7949992], [92.5407214, 11.7855372], [92.5495763, 11.8022331], [92.5502169, 11.7746866], [92.5586544, 11.7726545], [92.5506327, 11.7637249], [92.5498129, 11.7374555], [92.5580531, 11.6922996], [92.5709907, 11.6968136], [92.5742988, 11.7154785], [92.5849223, 11.7134144], [92.5818623, 11.7173828], [92.5912904, 11.7382815], [92.5866648, 11.7166648], [92.6037791, 11.7070201], [92.5976465, 11.7095826], [92.5896795, 11.7079138], [92.5989692, 11.6902086], [92.5902027, 11.6680264], [92.5977026, 11.649087], [92.6080904, 11.632385], [92.6304079, 11.628299], [92.6303901, 11.6518817], [92.6371126, 11.6458106], [92.6340627, 11.6330905], [92.6447011, 11.6352732], [92.6349056, 11.6154746], [92.6270147, 11.6264412], [92.6238736, 11.6178254], [92.6085724, 11.6210435], [92.6018376, 11.6086482], [92.6044522, 11.5931933], [92.6083906, 11.593302], [92.6187571, 11.582553], [92.6193946, 11.5718442], [92.6164791, 11.5634408], [92.6323966, 11.5807855], [92.6462507, 11.5723994], [92.6452017, 11.5225261], [92.6674983, 11.5018294], [92.6837574, 11.5113057], [92.6969107, 11.5057834], [92.7103737, 11.4776787], [92.7266439, 11.5168333], [92.7296708, 11.5581981], [92.7542805, 11.6141564], [92.7482663, 11.6400313], [92.7377213, 11.6387161], [92.7548491, 11.6463957], [92.7559922, 11.6650471], [92.7472303, 11.6766648], [92.7318508, 11.6719925], [92.7228248, 11.6837487], [92.7143751, 11.6784356], [92.7160215, 11.6642366], [92.7282088, 11.658225], [92.7092122, 11.652382], [92.7101449, 11.6433138], [92.6940653, 11.6528652], [92.7017612, 11.6391259], [92.6917127, 11.6335322], [92.7016314, 11.6177265], [92.6863959, 11.6029939], [92.6949458, 11.6164264], [92.6906474, 11.6274254], [92.6877908, 11.6274261], [92.6921916, 11.6226923], [92.6888247, 11.6174043], [92.6825984, 11.6196025], [92.6794975, 11.6131887], [92.6748934, 11.6101835], [92.6739759, 11.6074263], [92.6729488, 11.6073677], [92.6720321, 11.6091986], [92.6817409, 11.6193404], [92.6912011, 11.622471], [92.6841175, 11.6261341], [92.6840549, 11.6332943], [92.6835966, 11.634759], [92.6814601, 11.6363551], [92.6811257, 11.6380774], [92.67369, 11.6239934], [92.6601425, 11.6522308], [92.682637, 11.650716], [92.6915927, 11.6681128], [92.7077227, 11.6705089], [92.6998404, 11.6752078], [92.7056767, 11.7000589], [92.6945174, 11.6995104], [92.6923791, 11.6956325], [92.6901459, 11.6973733], [92.6902095, 11.6952351], [92.688599, 11.6926364], [92.6862736, 11.6922075], [92.6822238, 11.7140957], [92.6899671, 11.697744], [92.6961967, 11.7020459], [92.6913188, 11.7115036], [92.6941183, 11.717411], [92.6964535, 11.7188765], [92.6919013, 11.7110695], [92.7032235, 11.7021389], [92.7004738, 11.7105113], [92.7109492, 11.6932498], [92.7165488, 11.7054212], [92.7208528, 11.6972651], [92.7447229, 11.6904395], [92.7434065, 11.7115363], [92.7544544, 11.7006486], [92.7899765, 11.8854504], [92.7791428, 11.8916306], [92.7876398, 11.9018809], [92.7829923, 11.9369159], [92.7631137, 11.9408098], [92.7442596, 11.9320983], [92.7446257, 11.9193601], [92.7361603, 11.9168186], [92.7302138, 11.8994271], [92.7370888, 11.8975711], [92.7299698, 11.8973659], [92.7300413, 11.8805279], [92.735766, 11.8840831], [92.7367523, 11.8830114], [92.7303758, 11.8791897], [92.7296504, 11.8547806], [92.7121704, 11.8123773], [92.6996065, 11.809628], [92.7082802, 11.7997442], [92.7058004, 11.7926933], [92.6975012, 11.8125125], [92.6890383, 11.80516], [92.6822286, 11.8025217], [92.6762594, 11.7790806], [92.6700826, 11.798198], [92.677496, 11.7919677], [92.6807423, 11.8038916], [92.6919173, 11.8136711], [92.664043, 11.8193764], [92.6545416, 11.8333182], [92.6646121, 11.8197154], [92.6743769, 11.8214315], [92.6951978, 11.8129063], [92.6915604, 11.8176852], [92.697827, 11.830033], [92.6920193, 11.8179699], [92.7007457, 11.8141796], [92.7136897, 11.8279401], [92.723541, 11.8766247], [92.7136571, 11.8687718], [92.7093111, 11.8690579], [92.7114629, 11.8673396], [92.7104932, 11.8630049], [92.7078725, 11.8621649], [92.7063816, 11.864439], [92.7098079, 11.8728322], [92.7222155, 11.878926], [92.7242118, 11.8911753], [92.7169636, 11.8883118], [92.7136684, 11.8890587], [92.7198055, 11.8909869], [92.713477, 11.8934209], [92.7127623, 11.897643], [92.7102374, 11.8958266], [92.709003, 11.8968577], [92.7070671, 11.9004157], [92.7056898, 11.8991142], [92.7040377, 11.8999555], [92.7039048, 11.9007602], [92.7071637, 11.9008722], [92.7098703, 11.8965183], [92.7133454, 11.8978733], [92.7181857, 11.8920994], [92.7250677, 11.8972592], [92.7236193, 11.9027654], [92.7180189, 11.9008552], [92.716624, 11.9023067], [92.7240715, 11.9091659], [92.7230146, 11.9314421], [92.7160199, 11.9345725], [92.7141243, 11.9219209], [92.7104878, 11.9330825], [92.7171735, 11.9388347], [92.715232, 11.9671456], [92.7213503, 11.9628268], [92.7311546, 11.9693007], [92.7218803, 11.9811155], [92.7300669, 11.9938776], [92.7228929, 11.9880356], [92.7218892, 11.9930805], [92.7442571, 11.9990973], [92.7595974, 11.9948704], [92.7639444, 11.9865639], [92.7705147, 11.9986129], [92.7662202, 12.0121353], [92.7514676, 12.0032087], [92.7492507, 12.0191253], [92.7383388, 12.0107296], [92.7325867, 12.0143796], [92.7392284, 12.0188566], [92.7251421, 12.0232647], [92.7400133, 12.0286063], [92.7280719, 12.0354908], [92.7273444, 12.0543314], [92.7254456, 12.048849], [92.7211113, 12.0515853], [92.7196039, 12.048512], [92.7160865, 12.0498196], [92.7153501, 12.0450103], [92.7137747, 12.0443826], [92.712951, 12.0392434], [92.7102862, 12.0354245], [92.7104363, 12.0310444], [92.7095786, 12.0339195], [92.7150492, 12.0516822], [92.7131697, 12.0479266], [92.7007357, 12.0400787], [92.6968094, 12.0402063], [92.7138142, 12.0527766], [92.71813, 12.0493895], [92.720634, 12.0525076], [92.7250693, 12.0496538], [92.7252972, 12.0573878], [92.7274565, 12.0595341], [92.7381564, 12.0572336], [92.7335993, 12.0653447], [92.7369297, 12.0780677], [92.7328886, 12.0683825], [92.7251333, 12.0733532], [92.7276766, 12.0704684], [92.7246249, 12.0647378], [92.7227555, 12.0643995], [92.7240767, 12.0728789], [92.7361171, 12.0787778], [92.7341124, 12.096091], [92.7329363, 12.0954856], [92.7300755, 12.0974078], [92.7312554, 12.0960378], [92.7308185, 12.0947271], [92.7254082, 12.0958999], [92.730309, 12.0953646], [92.7290007, 12.0976162], [92.734067, 12.0972933], [92.7567006, 12.1756743], [92.7193657, 12.1797153], [92.7085675, 12.162949], [92.709238, 12.1478062], [92.7062689, 12.1582577], [92.7122012, 12.1755049], [92.7025995, 12.1630954], [92.7090397, 12.1886641], [92.7010304, 12.1869487], [92.7118567, 12.1896983], [92.703665, 12.1927971], [92.7089245, 12.2161648], [92.6962659, 12.2389319]], [[92.7145214, 11.5836809], [92.7265671, 11.6038996], [92.7397577, 11.5913873], [92.7352002, 11.5708573], [92.7265117, 11.5660165], [92.7145214, 11.5836809]]], [[[92.8805949, 12.2397581], [92.882254, 12.2413265], [92.8816979, 12.2417108], [92.8805949, 12.2397581]]], [[[92.7339329, 12.2402122], [92.7208647, 12.2332335], [92.7224703, 12.1883252], [92.728507, 12.1976796], [92.7326233, 12.1845244], [92.7629574, 12.1817709], [92.7665401, 12.1883868], [92.7646856, 12.1915009], [92.7675651, 12.200632], [92.7618632, 12.2102387], [92.7618572, 12.2295285], [92.7441068, 12.2278724], [92.7389129, 12.2361872], [92.7439759, 12.2229365], [92.7440304, 12.2113603], [92.742364, 12.2047571], [92.7391967, 12.2230154], [92.7323303, 12.2096928], [92.7295383, 12.2144219], [92.7339329, 12.2402122]]], [[[92.911082, 12.2440784], [92.9121687, 12.2451366], [92.9114564, 12.2456312], [92.911082, 12.2440784]]], [[[92.9103118, 12.2479318], [92.9115847, 12.2490348], [92.9104036, 12.2493692], [92.9103118, 12.2479318]]], [[[92.8784371, 12.2484965], [92.8809235, 12.2485987], [92.8792181, 12.2499409], [92.8784371, 12.2484965]]], [[[92.6948283, 12.2464601], [92.6983584, 12.2479372], [92.6965666, 12.2501932], [92.6948283, 12.2464601]]], [[[92.8654811, 12.2360502], [92.868763, 12.2487035], [92.864774, 12.2506754], [92.8608662, 12.2437964], [92.8654811, 12.2360502]]], [[[92.9057526, 12.2490455], [92.9078322, 12.2496899], [92.9066532, 12.2508288], [92.9057526, 12.2490455]]], [[[92.9107206, 12.2502891], [92.911819, 12.2503706], [92.9114444, 12.2513717], [92.9107206, 12.2502891]]], [[[92.9078503, 12.2511657], [92.9061635, 12.2526772], [92.9062509, 12.251178], [92.9078503, 12.2511657]]], [[[92.9046995, 12.2544466], [92.9052188, 12.2545664], [92.9049315, 12.2547541], [92.9046995, 12.2544466]]], [[[92.9175923, 12.2542188], [92.9188313, 12.2546094], [92.9181159, 12.2551917], [92.9175923, 12.2542188]]], [[[92.9070482, 12.2534118], [92.9085922, 12.2552787], [92.9053928, 12.2533792], [92.9070482, 12.2534118]]], [[[92.7211157, 12.255365], [92.7239977, 12.2561098], [92.7214148, 12.2563548], [92.7211157, 12.255365]]], [[[92.9192312, 12.2554812], [92.9204743, 12.2555897], [92.920299, 12.2568392], [92.9192312, 12.2554812]]], [[[92.9177728, 12.2565939], [92.9190497, 12.2563094], [92.9191439, 12.2567955], [92.9177728, 12.2565939]]], [[[92.8998411, 12.2577955], [92.9007017, 12.257727], [92.9008177, 12.2581866], [92.8998411, 12.2577955]]], [[[92.9085093, 12.2565828], [92.9076771, 12.2582744], [92.9068984, 12.256273], [92.9085093, 12.2565828]]], [[[92.7170772, 12.2569019], [92.7156893, 12.2584209], [92.716737, 12.2562194], [92.7170772, 12.2569019]]], [[[92.9159121, 12.2612899], [92.9170146, 12.2621913], [92.9157781, 12.2619001], [92.9159121, 12.2612899]]], [[[92.9131715, 12.2604853], [92.9136629, 12.2623083], [92.9126238, 12.2623497], [92.9131715, 12.2604853]]], [[[92.9141068, 12.2632086], [92.9156659, 12.2635439], [92.9144893, 12.2638775], [92.9141068, 12.2632086]]], [[[93.1043363, 12.2640136], [93.0854833, 12.2383861], [93.0865491, 12.257044], [93.0725258, 12.2622642], [93.0618089, 12.2334536], [93.083799, 12.2167364], [93.0825246, 12.2245722], [93.0879445, 12.223664], [93.0864865, 12.2296369], [93.0882469, 12.2317216], [93.0941077, 12.2364337], [93.0953167, 12.2369719], [93.0967373, 12.2366193], [93.0978266, 12.2388079], [93.096958, 12.2364701], [93.0867256, 12.2293024], [93.0912819, 12.2230766], [93.0867779, 12.2148784], [93.1001188, 12.2004195], [93.1043363, 12.2640136]]], [[[92.9006676, 12.2641577], [92.8842531, 12.2489654], [92.8844665, 12.2386099], [92.8791196, 12.2382517], [92.8773202, 12.2489596], [92.869688, 12.2448433], [92.8774901, 12.2093082], [92.8910442, 12.2313155], [92.9029315, 12.22432], [92.9079077, 12.23106], [92.9135082, 12.2210869], [92.9136957, 12.2321522], [92.9044636, 12.247608], [92.9051524, 12.2520194], [92.8971912, 12.2562071], [92.9006676, 12.2641577]]], [[[93.0253228, 12.2734377], [93.0263871, 12.2800667], [93.0203843, 12.274711], [93.0253228, 12.2734377]]], [[[92.8897158, 12.2723397], [92.8881285, 12.2807244], [92.8839793, 12.2742191], [92.8897158, 12.2723397]]], [[[92.734577, 12.2481345], [92.7474751, 12.2886623], [92.7388121, 12.2824261], [92.7342709, 12.2701345], [92.739091, 12.2746922], [92.7344963, 12.2586352], [92.734577, 12.2481345]]], [[[92.8878989, 12.2855886], [92.8768825, 12.28491], [92.8845182, 12.2797586], [92.8878989, 12.2855886]]], [[[92.7513646, 12.2910988], [92.7505313, 12.2910406], [92.7507727, 12.290688], [92.7513646, 12.2910988]]], [[[92.7352129, 12.2813352], [92.737267, 12.2909899], [92.7365986, 12.2927664], [92.7343476, 12.2874647], [92.7352129, 12.2813352]]], [[[92.7638717, 12.2651661], [92.767254, 12.2853693], [92.7612514, 12.2939112], [92.7522084, 12.2778739], [92.7638717, 12.2651661]]], [[[92.7521853, 12.2942344], [92.7525832, 12.2931135], [92.7531621, 12.2941148], [92.7521853, 12.2942344]]], [[[92.7659455, 12.2895728], [92.7710703, 12.2935673], [92.7698772, 12.2950926], [92.7659455, 12.2895728]]], [[[92.8869218, 12.2939772], [92.8916605, 12.2966901], [92.8910696, 12.2982472], [92.8869218, 12.2939772]]], [[[92.7627287, 12.2974598], [92.7650915, 12.2976275], [92.7649141, 12.2994695], [92.7627287, 12.2974598]]], [[[92.7230727, 12.2909401], [92.7036228, 12.2997337], [92.6987261, 12.2747308], [92.709926, 12.2296571], [92.7187832, 12.2831864], [92.7230727, 12.2909401]]], [[[92.8847332, 12.2970144], [92.8792417, 12.3004417], [92.8760328, 12.2947874], [92.8847332, 12.2970144]]], [[[93.8531226, 12.300218], [93.8402569, 12.2953802], [93.834054, 12.2781622], [93.845362, 12.269173], [93.8669963, 12.275376], [93.864647, 12.2941797], [93.8531226, 12.300218]]], [[[92.9337202, 12.3109841], [92.9275384, 12.2780865], [92.9218245, 12.2880305], [92.9177892, 12.2824366], [92.9133908, 12.3040968], [92.9009125, 12.2882388], [92.9003655, 12.2712204], [92.9063907, 12.2752078], [92.9136012, 12.2736435], [92.9043945, 12.2704158], [92.9114754, 12.2629723], [92.9198653, 12.2691362], [92.9221517, 12.229278], [92.9292033, 12.2386033], [92.9264891, 12.252491], [92.9430151, 12.2747979], [92.9339641, 12.289362], [92.9337202, 12.3109841]]], [[[92.8104709, 12.3129519], [92.7950049, 12.3035902], [92.7707759, 12.3130144], [92.7669493, 12.2971956], [92.7753791, 12.3011858], [92.7796908, 12.2831466], [92.787682, 12.2802409], [92.7788611, 12.2832776], [92.7796872, 12.2739752], [92.777996, 12.272463], [92.7740053, 12.2802846], [92.7633516, 12.2631222], [92.7493884, 12.2740898], [92.7411367, 12.2453757], [92.7500002, 12.2324334], [92.7619923, 12.2325977], [92.7659518, 12.2432615], [92.7681716, 12.2434359], [92.7694218, 12.2429094], [92.7680956, 12.2441907], [92.7684768, 12.2462226], [92.76981, 12.2430293], [92.7648477, 12.2369375], [92.7708075, 12.2415739], [92.7636158, 12.2125331], [92.768778, 12.2012673], [92.7634588, 12.1652406], [92.7377693, 12.0975404], [92.7392269, 12.0796941], [92.7472115, 12.0741263], [92.7578405, 12.0814978], [92.7577652, 12.0909382], [92.7599988, 12.0954272], [92.7617876, 12.0970118], [92.7635653, 12.096793], [92.7618378, 12.0988425], [92.7633558, 12.099618], [92.7637789, 12.096619], [92.7588215, 12.0915712], [92.7637571, 12.0901415], [92.7592871, 12.0904499], [92.7581689, 12.0813894], [92.7520458, 12.0744021], [92.759683, 12.0781057], [92.763445, 12.0632235], [92.7810376, 12.0800322], [92.78516, 12.0783036], [92.7881889, 12.0804081], [92.7918955, 12.0791224], [92.8006353, 12.0933434], [92.7872523, 12.1009636], [92.7836254, 12.1060305], [92.793049, 12.1034705], [92.7978994, 12.1070102], [92.7970471, 12.111345], [92.7995688, 12.1139239], [92.8088685, 12.1029264], [92.8181956, 12.1136483], [92.8014928, 12.1319919], [92.8164158, 12.1246144], [92.8153319, 12.1385508], [92.8267696, 12.1558538], [92.8200368, 12.1590905], [92.8172252, 12.1631203], [92.8114661, 12.1602772], [92.8071336, 12.1599449], [92.8070555, 12.1617553], [92.8037912, 12.1625936], [92.8023255, 12.1642751], [92.801781, 12.1656108], [92.8021394, 12.1659408], [92.8038417, 12.165247], [92.8036854, 12.1675478], [92.8010939, 12.1705852], [92.8046088, 12.1682235], [92.8034211, 12.1694395], [92.8055414, 12.1715618], [92.8067705, 12.1711595], [92.8038899, 12.1645848], [92.8020636, 12.1653261], [92.8076459, 12.1618592], [92.8075655, 12.1600738], [92.8172298, 12.1637237], [92.8207742, 12.1597595], [92.8238872, 12.1668063], [92.8207654, 12.170852], [92.8211813, 12.1728002], [92.822739, 12.1756614], [92.8217995, 12.1772209], [92.8223853, 12.1781384], [92.8272754, 12.1634589], [92.8351414, 12.1669208], [92.8458544, 12.1576691], [92.8444634, 12.1474537], [92.854837, 12.1617903], [92.854141, 12.1910337], [92.8461504, 12.1898166], [92.8431465, 12.186193], [92.8400204, 12.1852632], [92.8447204, 12.2008053], [92.8393578, 12.1995131], [92.8267654, 12.2030037], [92.8286935, 12.2087352], [92.8305246, 12.2085158], [92.8330012, 12.2064047], [92.8345203, 12.211083], [92.8316599, 12.2128799], [92.8328043, 12.2145252], [92.8335189, 12.2147918], [92.835412, 12.2134243], [92.8379992, 12.2133947], [92.8402691, 12.2124453], [92.8399361, 12.2141516], [92.8371192, 12.2135846], [92.8360692, 12.2143283], [92.8395986, 12.2169542], [92.8404651, 12.2190899], [92.838374, 12.216708], [92.8292524, 12.2196039], [92.8273272, 12.222515], [92.8215439, 12.2240905], [92.8182927, 12.2273858], [92.8166752, 12.2324416], [92.8057239, 12.2307647], [92.8037042, 12.2313929], [92.8026219, 12.2326449], [92.8173922, 12.2329615], [92.818704, 12.2275011], [92.8273778, 12.2227365], [92.8292778, 12.2198389], [92.8405869, 12.2193905], [92.8405333, 12.2123322], [92.8356877, 12.213074], [92.8331811, 12.2143805], [92.8349064, 12.2114604], [92.8332401, 12.2058872], [92.8275627, 12.2030014], [92.8445976, 12.2018953], [92.8457585, 12.1976795], [92.8531644, 12.2043321], [92.8745644, 12.1922965], [92.8828617, 12.1976772], [92.8708872, 12.2125194], [92.8686371, 12.2088609], [92.8645014, 12.2087893], [92.8671971, 12.2119507], [92.8682443, 12.20927], [92.8704944, 12.2127523], [92.8735809, 12.2122889], [92.8714996, 12.2254595], [92.8578653, 12.2444976], [92.8584176, 12.2491125], [92.8647996, 12.252257], [92.8690094, 12.2516934], [92.8610185, 12.2596753], [92.8621609, 12.2614311], [92.8614046, 12.2596662], [92.8632915, 12.2607529], [92.8654861, 12.2609446], [92.8633191, 12.2613496], [92.8630851, 12.2628299], [92.8622026, 12.2623827], [92.8615774, 12.2625184], [92.8614029, 12.2630178], [92.8619591, 12.2635669], [92.8618694, 12.2625432], [92.8629658, 12.2635691], [92.8656586, 12.2611118], [92.8642469, 12.2583074], [92.8681189, 12.2572556], [92.869632, 12.2509704], [92.8752494, 12.2506067], [92.8912635, 12.2664368], [92.88509, 12.2704744], [92.8819753, 12.2627624], [92.870292, 12.2947227], [92.8665155, 12.2931866], [92.8655222, 12.291381], [92.8668274, 12.2901897], [92.8658018, 12.2874304], [92.8634414, 12.2867822], [92.866003, 12.2931664], [92.8715195, 12.2953936], [92.8722264, 12.3017058], [92.8490012, 12.3020513], [92.8533758, 12.2921244], [92.8522395, 12.2855998], [92.8541865, 12.288237], [92.8547289, 12.288386], [92.8561416, 12.2837843], [92.8560748, 12.2831583], [92.8547232, 12.2813301], [92.8537533, 12.2812241], [92.8548483, 12.2879227], [92.8522486, 12.2853354], [92.8510102, 12.2875526], [92.8516393, 12.2837489], [92.8512233, 12.2829647], [92.8503844, 12.2832744], [92.8469972, 12.3036585], [92.8440176, 12.2962887], [92.8364222, 12.3031873], [92.8351933, 12.2972741], [92.8315512, 12.2939055], [92.8324888, 12.2929292], [92.832121, 12.2920161], [92.8310157, 12.2938739], [92.8346703, 12.2976638], [92.8327262, 12.3007625], [92.8104709, 12.3129519]]], [[[93.0725937, 12.3153341], [93.0699119, 12.3196517], [93.0612538, 12.3152775], [93.0619069, 12.3147758], [93.0725937, 12.3153341]]], [[[92.8712651, 12.3291003], [92.8577134, 12.3349542], [92.857201, 12.3363307], [92.8575139, 12.3379828], [92.8585278, 12.33869], [92.8571993, 12.3400915], [92.8564465, 12.3332752], [92.8550372, 12.3320528], [92.8584457, 12.3298035], [92.8618437, 12.3211264], [92.8603171, 12.318939], [92.8588459, 12.3181324], [92.8560715, 12.3178888], [92.8561675, 12.3146478], [92.877768, 12.3128673], [92.8852769, 12.3227955], [92.8904021, 12.3169513], [92.8996114, 12.3231114], [92.8852251, 12.331955], [92.8712651, 12.3291003]]], [[[92.9042595, 12.3380818], [92.9059581, 12.3400785], [92.9039237, 12.3411088], [92.9042595, 12.3380818]]], [[[92.9127287, 12.3306344], [92.919074, 12.3511675], [92.913931, 12.3563653], [92.9070369, 12.3415594], [92.9127287, 12.3306344]]], [[[92.8972127, 12.3934268], [92.8943567, 12.3956841], [92.8965876, 12.3920142], [92.8972127, 12.3934268]]], [[[92.8650864, 12.4079399], [92.8641346, 12.4085367], [92.8639344, 12.4079447], [92.8650864, 12.4079399]]], [[[92.8809679, 12.3983826], [92.8454866, 12.4060581], [92.8440447, 12.3950539], [92.860917, 12.3919847], [92.8585726, 12.3841405], [92.866901, 12.3774785], [92.8794534, 12.3842366], [92.8833552, 12.3742601], [92.8826033, 12.3884877], [92.8942669, 12.40702], [92.8862221, 12.408052], [92.8809679, 12.3983826]]], [[[92.8737621, 12.4088985], [92.8782546, 12.4091993], [92.8805947, 12.4106944], [92.8737621, 12.4088985]]], [[[92.8970656, 12.4083296], [92.8985068, 12.41193], [92.8975157, 12.4121876], [92.8970656, 12.4083296]]], [[[92.8886516, 12.412889], [92.8882332, 12.4128076], [92.8884301, 12.4126781], [92.8886516, 12.412889]]], [[[92.9023484, 12.4125147], [92.9013738, 12.4125029], [92.9015334, 12.4118933], [92.9023484, 12.4125147]]], [[[92.8894367, 12.4140544], [92.8879984, 12.4141387], [92.8882791, 12.4132302], [92.8894367, 12.4140544]]], [[[92.8881845, 12.4144551], [92.8878718, 12.414715], [92.8879706, 12.4144212], [92.8881845, 12.4144551]]], [[[92.8577429, 12.4165683], [92.8686835, 12.4148398], [92.864916, 12.4212093], [92.8577429, 12.4165683]]], [[[92.898299, 12.4216474], [92.9008303, 12.4261227], [92.8986044, 12.4256274], [92.898299, 12.4216474]]], [[[92.85843, 12.4133077], [92.8290134, 12.4260141], [92.8382779, 12.4113105], [92.85843, 12.4133077]]], [[[92.9561809, 12.4346151], [92.9475965, 12.4290094], [92.9473361, 12.4155779], [92.9401391, 12.4233504], [92.9302884, 12.417176], [92.9278714, 12.3861348], [92.9164291, 12.3628717], [92.9323403, 12.3595891], [92.9454314, 12.405314], [92.960705, 12.4214873], [92.9561809, 12.4346151]]], [[[92.6880718, 12.5500552], [92.6777107, 12.5528367], [92.6617993, 12.5328772], [92.6781378, 12.5055644], [92.6880718, 12.5500552]]], [[[92.7022974, 12.63766], [92.6991902, 12.6371366], [92.7022002, 12.636182], [92.7022974, 12.63766]]], [[[92.7017267, 12.6379856], [92.7015251, 12.6411902], [92.6988777, 12.6389536], [92.7017267, 12.6379856]]], [[[92.7001625, 12.6406889], [92.7008945, 12.6410593], [92.7009867, 12.6414615], [92.7001625, 12.6406889]]], [[[92.7027911, 12.6414926], [92.7011803, 12.6424151], [92.7014009, 12.6415247], [92.7027911, 12.6414926]]], [[[92.7301379, 12.6531214], [92.7263181, 12.6551794], [92.7289043, 12.6530812], [92.7301379, 12.6531214]]], [[[92.7794158, 12.6485568], [92.7817985, 12.6476074], [92.7809904, 12.6558368], [92.7794158, 12.6485568]]], [[[92.7249407, 12.6527483], [92.7253565, 12.6564092], [92.7243062, 12.6546559], [92.7249407, 12.6527483]]], [[[92.7726007, 12.6739691], [92.7763333, 12.6761177], [92.7819915, 12.6882424], [92.7726007, 12.6739691]]], [[[92.713421, 12.6890921], [92.7146902, 12.6895832], [92.713654, 12.6900858], [92.713421, 12.6890921]]], [[[92.722192, 12.6921044], [92.7227267, 12.6925933], [92.7223912, 12.6927413], [92.722192, 12.6921044]]], [[[92.7297943, 12.7015512], [92.7319362, 12.7037741], [92.7302657, 12.7057906], [92.7297943, 12.7015512]]], [[[92.7810464, 12.7116064], [92.7824712, 12.7187199], [92.7806694, 12.717201], [92.777552, 12.7182212], [92.7768434, 12.7169779], [92.7810464, 12.7116064]]], [[[92.7807638, 12.7187366], [92.7819705, 12.7186946], [92.7819052, 12.7190341], [92.7807638, 12.7187366]]], [[[92.7374097, 12.7330916], [92.7384687, 12.7328787], [92.7375069, 12.7340994], [92.7374097, 12.7330916]]], [[[92.7289545, 12.7306138], [92.7219673, 12.7376312], [92.7273274, 12.7266009], [92.7289545, 12.7306138]]], [[[92.9681918, 12.740703], [92.9689471, 12.7412451], [92.9684223, 12.7415617], [92.9681918, 12.740703]]], [[[92.9683034, 12.7424448], [92.9671198, 12.7431305], [92.968335, 12.7418419], [92.9683034, 12.7424448]]], [[[92.7247428, 12.7528635], [92.7260163, 12.7536126], [92.7252458, 12.7538797], [92.7247428, 12.7528635]]], [[[92.9605989, 12.7558884], [92.9604008, 12.755346], [92.9607738, 12.7552871], [92.9605989, 12.7558884]]], [[[92.9596827, 12.7569597], [92.9587893, 12.7567112], [92.9599313, 12.7564218], [92.9596827, 12.7569597]]], [[[92.9560033, 12.7573603], [92.9541059, 12.7574374], [92.9560999, 12.7568134], [92.9560033, 12.7573603]]], [[[92.9410355, 12.7692655], [92.9393352, 12.769306], [92.9392946, 12.7690352], [92.9410355, 12.7692655]]], [[[92.9466979, 12.7705215], [92.9446301, 12.7709285], [92.9429928, 12.7696676], [92.9466979, 12.7705215]]], [[[92.7159396, 12.7740007], [92.7175838, 12.7745155], [92.7163175, 12.7748006], [92.7159396, 12.7740007]]], [[[92.6536508, 12.7725331], [92.6562944, 12.774029], [92.655705, 12.7748743], [92.6536508, 12.7725331]]], [[[92.7168617, 12.7767892], [92.7152586, 12.7754608], [92.7170777, 12.7755868], [92.7168617, 12.7767892]]], [[[92.7149439, 12.7836556], [92.7158464, 12.783357], [92.7157177, 12.7840441], [92.7149439, 12.7836556]]], [[[92.7240029, 12.7620701], [92.7165667, 12.7881886], [92.7166199, 12.7829183], [92.7139107, 12.7791314], [92.7185708, 12.778434], [92.7240029, 12.7620701]]], [[[92.7166273, 12.7900689], [92.7175053, 12.7901835], [92.7166137, 12.7906972], [92.7166273, 12.7900689]]], [[[92.7177593, 12.7917452], [92.7186045, 12.7939781], [92.7165853, 12.7952613], [92.7177593, 12.7917452]]], [[[92.7201987, 12.7957132], [92.7223544, 12.7960426], [92.7223406, 12.7967657], [92.7201987, 12.7957132]]], [[[92.7142579, 12.7965015], [92.7153976, 12.7964794], [92.7150596, 12.7975453], [92.7142579, 12.7965015]]], [[[92.7148069, 12.7991907], [92.7164004, 12.7989371], [92.7153306, 12.8011867], [92.7148069, 12.7991907]]], [[[92.7150732, 12.8030657], [92.7165753, 12.8042384], [92.7159604, 12.8047996], [92.7150732, 12.8030657]]], [[[92.707877, 12.8300366], [92.6937774, 12.7973607], [92.7078841, 12.7746092], [92.7121362, 12.7376619], [92.7061294, 12.7309339], [92.7165638, 12.7191699], [92.7173052, 12.7563408], [92.7219416, 12.7426572], [92.7248035, 12.7483465], [92.7112528, 12.7771885], [92.7140071, 12.8282089], [92.707877, 12.8300366]]], [[[92.7240236, 12.8352525], [92.7265895, 12.8359116], [92.7265079, 12.8388405], [92.7240236, 12.8352525]]], [[[92.729472, 12.8548175], [92.7287311, 12.856463], [92.7285738, 12.8550393], [92.729472, 12.8548175]]], [[[92.7653875, 12.8360701], [92.7597461, 12.8597135], [92.7568894, 12.8456379], [92.7614853, 12.842768], [92.7653875, 12.8360701]]], [[[92.7800123, 12.8581128], [92.7700309, 12.8635338], [92.7678853, 12.8521074], [92.7745334, 12.8417932], [92.7739652, 12.8304706], [92.783639, 12.8246539], [92.7850691, 12.8325684], [92.7807893, 12.8400737], [92.7800123, 12.8581128]]], [[[92.7212121, 12.8654691], [92.7070274, 12.8371964], [92.7115764, 12.8319747], [92.729042, 12.8617467], [92.7212121, 12.8654691]]], [[[92.76543, 12.8701665], [92.7602472, 12.8683444], [92.7627964, 12.8554695], [92.7657977, 12.8565954], [92.76543, 12.8701665]]], [[[92.7596816, 12.8778665], [92.7561261, 12.8788711], [92.7559501, 12.8762003], [92.7596816, 12.8778665]]], [[[92.8307367, 12.8853694], [92.8310339, 12.8857288], [92.8304695, 12.885722], [92.8307367, 12.8853694]]], [[[92.8314093, 12.885211], [92.831967, 12.8858099], [92.8312735, 12.8855546], [92.8314093, 12.885211]]], [[[92.8339253, 12.8869191], [92.8349735, 12.8869642], [92.8354252, 12.8876692], [92.8339253, 12.8869191]]], [[[92.791419, 12.8913604], [92.7811419, 12.8906392], [92.7844504, 12.8823905], [92.791419, 12.8913604]]], [[[92.8907828, 12.898505], [92.892698, 12.8992481], [92.8912149, 12.8997664], [92.8907828, 12.898505]]], [[[92.8804353, 12.9035758], [92.8792093, 12.9057451], [92.878726, 12.9022195], [92.8804353, 12.9035758]]], [[[92.8773862, 12.9103479], [92.8794601, 12.9120533], [92.878663, 12.9129157], [92.8773862, 12.9103479]]], [[[92.7542771, 12.9134922], [92.7532567, 12.8935817], [92.7480469, 12.894598], [92.7526743, 12.889586], [92.7569874, 12.9063894], [92.7542771, 12.9134922]]], [[[92.8624049, 12.9139709], [92.8639648, 12.9144315], [92.8626194, 12.9147528], [92.8624049, 12.9139709]]], [[[92.7929166, 12.9126878], [92.7734021, 12.9114464], [92.779713, 12.9019956], [92.7881521, 12.9051281], [92.7917968, 12.8967121], [92.7819434, 12.8955457], [92.7919904, 12.8922328], [92.8004501, 12.8977289], [92.7929166, 12.9126878]]], [[[92.9377363, 12.9175294], [92.9290596, 12.9169548], [92.9334738, 12.9114718], [92.9377363, 12.9175294]]], [[[92.7663556, 12.9208902], [92.7612543, 12.9218479], [92.7638491, 12.9177441], [92.7663556, 12.9208902]]], [[[92.9021417, 12.9200756], [92.8971183, 12.9268868], [92.8960862, 12.9261749], [92.8924059, 12.9156584], [92.9001132, 12.902844], [92.8856966, 12.8935367], [92.8713147, 12.8923737], [92.8743243, 12.8823372], [92.8603122, 12.8780692], [92.8605055, 12.8776534], [92.8618972, 12.8784417], [92.8624869, 12.8782788], [92.8646102, 12.868817], [92.8624263, 12.86359], [92.8621989, 12.878254], [92.8605584, 12.8773165], [92.8547487, 12.8775713], [92.852847, 12.8729809], [92.8497556, 12.8731399], [92.8518944, 12.8663391], [92.8488661, 12.8628911], [92.8454682, 12.8619879], [92.8507757, 12.8537625], [92.8500748, 12.8450011], [92.8493752, 12.8444247], [92.8482189, 12.8448679], [92.8477842, 12.8474195], [92.8460425, 12.845691], [92.8382337, 12.8441695], [92.840106, 12.8425668], [92.839219, 12.8415365], [92.8414094, 12.8411111], [92.8419204, 12.8396194], [92.8405262, 12.8364647], [92.8377736, 12.8353127], [92.8370507, 12.8366847], [92.8354125, 12.8347284], [92.8317993, 12.8364042], [92.8334606, 12.828624], [92.8301301, 12.828503], [92.8275671, 12.8319951], [92.8261758, 12.8308857], [92.8272785, 12.8266182], [92.8271425, 12.8260871], [92.8253828, 12.8255857], [92.8265319, 12.8248804], [92.8268243, 12.8242746], [92.8263185, 12.8238398], [92.8249541, 12.824006], [92.8236574, 12.8232107], [92.8248481, 12.8233325], [92.8290153, 12.8192279], [92.8294427, 12.8172127], [92.8272398, 12.8161483], [92.8280917, 12.8149751], [92.8269746, 12.8139719], [92.8284053, 12.8100574], [92.8234408, 12.8231045], [92.8259848, 12.8310434], [92.8276502, 12.8322297], [92.8330944, 12.8288077], [92.8316702, 12.8368936], [92.8407429, 12.837319], [92.8362506, 12.8471109], [92.8381901, 12.8444453], [92.8475032, 12.8477309], [92.8487808, 12.8469704], [92.8486428, 12.8449559], [92.8495572, 12.8451004], [92.8450588, 12.8622246], [92.851076, 12.8663187], [92.846707, 12.8693263], [92.8497117, 12.8739881], [92.8526751, 12.8735388], [92.8538801, 12.8771116], [92.8521086, 12.8773957], [92.8468972, 12.8748898], [92.844506, 12.8748339], [92.8437076, 12.8709114], [92.8425579, 12.8685029], [92.8406639, 12.865571], [92.8390145, 12.8656482], [92.8386018, 12.8638358], [92.840131, 12.8624682], [92.8397393, 12.8613858], [92.8363516, 12.8658567], [92.8388568, 12.8715196], [92.8414453, 12.8680455], [92.8443955, 12.8751322], [92.8476968, 12.876067], [92.8396019, 12.8766777], [92.8406926, 12.891609], [92.8341326, 12.8856756], [92.8297507, 12.8846188], [92.8228481, 12.89594], [92.8088364, 12.8974897], [92.8084904, 12.892737], [92.8080365, 12.8924885], [92.8071127, 12.8930219], [92.8080017, 12.8897675], [92.8066953, 12.888432], [92.80694, 12.8934762], [92.8084443, 12.8930851], [92.8080392, 12.8971869], [92.7907903, 12.8899356], [92.7913591, 12.8841636], [92.7961901, 12.8844573], [92.7967888, 12.8806131], [92.7920429, 12.8646297], [92.7965648, 12.8650748], [92.8043988, 12.861072], [92.7927569, 12.8636783], [92.7950974, 12.8628082], [92.7955902, 12.8604532], [92.7971543, 12.8609119], [92.799179, 12.8593028], [92.7979373, 12.8575806], [92.8002177, 12.8569907], [92.8018413, 12.8517113], [92.8004107, 12.8484593], [92.8016294, 12.851682], [92.797783, 12.8570857], [92.7976195, 12.858383], [92.7987666, 12.8594632], [92.7883964, 12.8614907], [92.7903474, 12.8558091], [92.789723, 12.8498518], [92.7900985, 12.8495061], [92.7909254, 12.8504078], [92.7915727, 12.8504077], [92.7915036, 12.8498518], [92.790642, 12.8489161], [92.7914183, 12.8493772], [92.7917477, 12.84921], [92.7924294, 12.8477952], [92.7930052, 12.8445069], [92.7895457, 12.8496981], [92.7872469, 12.8612421], [92.7817969, 12.8599833], [92.785669, 12.8329245], [92.7820717, 12.8091812], [92.7875622, 12.8146209], [92.7871108, 12.816759], [92.7877579, 12.817238], [92.7873319, 12.8188359], [92.7879791, 12.8228993], [92.7886862, 12.8241762], [92.7881311, 12.8273379], [92.7892136, 12.8288589], [92.7877096, 12.8152899], [92.7896948, 12.8155272], [92.7919564, 12.81171], [92.7938288, 12.8137937], [92.7950287, 12.8135812], [92.796323, 12.8125099], [92.7986445, 12.8137958], [92.8000079, 12.8136533], [92.8006297, 12.8128284], [92.8002354, 12.8045636], [92.7997315, 12.8134251], [92.7907034, 12.8075878], [92.7925504, 12.8050341], [92.7923568, 12.7995626], [92.7941324, 12.8001501], [92.795164, 12.7990811], [92.7946664, 12.7936685], [92.7924464, 12.7934245], [92.7949361, 12.7986517], [92.7920206, 12.7996395], [92.7903419, 12.8074974], [92.7922028, 12.8096828], [92.789833, 12.8147136], [92.7804159, 12.8050521], [92.7871082, 12.7865067], [92.7837761, 12.7756836], [92.7847295, 12.7771616], [92.7865095, 12.7774125], [92.7859868, 12.778477], [92.7874629, 12.7792047], [92.7899428, 12.7751096], [92.7924275, 12.7751592], [92.7930538, 12.774949], [92.7933785, 12.7743636], [92.783767, 12.7753536], [92.785045, 12.7670821], [92.7838315, 12.7621463], [92.780375, 12.7763119], [92.7865924, 12.7861473], [92.779428, 12.7991016], [92.7793053, 12.8241151], [92.772103, 12.8317197], [92.7726989, 12.8425631], [92.7663459, 12.848416], [92.7656904, 12.8358844], [92.7649188, 12.8358301], [92.7622352, 12.8391498], [92.7649236, 12.8336334], [92.7655375, 12.8188351], [92.7612115, 12.8263763], [92.7609952, 12.8242473], [92.7553618, 12.8232343], [92.7551111, 12.8195799], [92.7535658, 12.8191864], [92.7541855, 12.8177153], [92.7534415, 12.8189401], [92.7555598, 12.8236818], [92.7608475, 12.8265977], [92.7634203, 12.8259493], [92.7642649, 12.8332695], [92.756225, 12.8465099], [92.7429616, 12.839038], [92.7425796, 12.8206601], [92.739119, 12.8370191], [92.7377358, 12.8043857], [92.730528, 12.8362493], [92.7220711, 12.8252279], [92.7204663, 12.7969968], [92.731213, 12.8017077], [92.7386616, 12.7947307], [92.7377333, 12.7791553], [92.731202, 12.7975177], [92.7200031, 12.7902939], [92.7296783, 12.7438926], [92.7404423, 12.7390473], [92.7458406, 12.7228188], [92.7379336, 12.7100585], [92.7415576, 12.701049], [92.7415444, 12.7023281], [92.7436677, 12.7040356], [92.7430193, 12.7057715], [92.7435952, 12.706508], [92.7447151, 12.6991673], [92.7262043, 12.6930057], [92.7348237, 12.6842699], [92.7316986, 12.6754441], [92.7319552, 12.6725965], [92.7693942, 12.6731032], [92.7830167, 12.6924101], [92.7846736, 12.708], [92.7772544, 12.7135294], [92.7757839, 12.7183787], [92.7815524, 12.7200939], [92.7788327, 12.7284499], [92.7818142, 12.7336893], [92.7769838, 12.7347813], [92.7728749, 12.7281313], [92.7695823, 12.7293775], [92.7692949, 12.7224935], [92.7677345, 12.7214352], [92.761601, 12.722811], [92.7687609, 12.7223215], [92.7691172, 12.7294948], [92.7812454, 12.7403827], [92.7825835, 12.732876], [92.779505, 12.7280434], [92.7831389, 12.7250029], [92.7868953, 12.7267758], [92.7890779, 12.7263427], [92.7896952, 12.725466], [92.7869829, 12.7264053], [92.783687, 12.7246053], [92.7809748, 12.7253682], [92.787097, 12.7027804], [92.7790834, 12.6710203], [92.784206, 12.6602468], [92.7799167, 12.6309288], [92.7859897, 12.6245174], [92.7789266, 12.5799751], [92.784379, 12.6239744], [92.7788218, 12.6296357], [92.7784875, 12.637889], [92.7756593, 12.6307373], [92.7618677, 12.6244214], [92.778385, 12.641202], [92.7731453, 12.6703896], [92.7523096, 12.6719529], [92.7328279, 12.6571068], [92.7348042, 12.6390267], [92.7285245, 12.6360372], [92.7373465, 12.6320018], [92.7357651, 12.6259369], [92.7376747, 12.624666], [92.739943, 12.6227305], [92.7403477, 12.6221609], [92.7407656, 12.6199776], [92.7476615, 12.6204592], [92.7408621, 12.6197019], [92.7403193, 12.6203936], [92.7400349, 12.6223734], [92.735659, 12.625372], [92.7349188, 12.6272525], [92.734278, 12.6249884], [92.7333207, 12.6251515], [92.7333018, 12.6240667], [92.7332057, 12.6253459], [92.734767, 12.6275193], [92.7355491, 12.6267732], [92.7367895, 12.6319207], [92.7272723, 12.6356309], [92.7239131, 12.6262897], [92.7204748, 12.6261057], [92.7232904, 12.6229001], [92.7211486, 12.6188557], [92.7236565, 12.6172818], [92.7235871, 12.6164276], [92.722436, 12.6153569], [92.7199334, 12.6184087], [92.7182399, 12.644335], [92.7025865, 12.6047872], [92.7018848, 12.6128734], [92.6932119, 12.6064713], [92.6857993, 12.6143241], [92.6842239, 12.6087153], [92.7073695, 12.5940059], [92.7080385, 12.5567216], [92.6930487, 12.5155923], [92.6994441, 12.5003606], [92.7049523, 12.5057222], [92.6984582, 12.4969831], [92.7069384, 12.4927902], [92.6948945, 12.4703668], [92.7045021, 12.4522204], [92.6948793, 12.4290034], [92.6951291, 12.4004093], [92.7045378, 12.3706906], [92.6981672, 12.3673347], [92.6992642, 12.3279486], [92.7085369, 12.3293267], [92.7074027, 12.3172897], [92.7194771, 12.3003425], [92.7315622, 12.3020381], [92.7355957, 12.312949], [92.7387588, 12.3149666], [92.7389804, 12.3195726], [92.7433425, 12.3277893], [92.7411867, 12.3294712], [92.7406976, 12.3317721], [92.7415531, 12.3335754], [92.7381188, 12.3334654], [92.7378155, 12.3336959], [92.7377466, 12.3342293], [92.741783, 12.3337246], [92.7408861, 12.3316229], [92.7413477, 12.3294712], [92.7419821, 12.3294033], [92.7415411, 12.3312567], [92.7445138, 12.3336923], [92.7439675, 12.3371187], [92.7471166, 12.3467188], [92.747108, 12.3492817], [92.7439431, 12.3517911], [92.7432308, 12.3536625], [92.7497001, 12.3564104], [92.748313, 12.3599133], [92.744418, 12.3581327], [92.7429238, 12.3584992], [92.7426114, 12.3594574], [92.743566, 12.3621332], [92.7445731, 12.3625894], [92.746642, 12.3619788], [92.7476543, 12.3649892], [92.7480473, 12.3653577], [92.7491784, 12.3656178], [92.7466877, 12.3611742], [92.7429332, 12.3593128], [92.7485382, 12.3601596], [92.7498715, 12.355902], [92.7437228, 12.3534387], [92.7474823, 12.3496216], [92.7476614, 12.344956], [92.7436042, 12.3265282], [92.734125, 12.3024264], [92.7485724, 12.3034818], [92.7528124, 12.2960945], [92.7650212, 12.3221419], [92.7651877, 12.303501], [92.7704348, 12.3337595], [92.7694898, 12.3206849], [92.7750643, 12.3174402], [92.775018, 12.3197975], [92.776422, 12.3230996], [92.7771253, 12.323337], [92.7784494, 12.3227971], [92.7800146, 12.3231634], [92.7784265, 12.3221393], [92.7767553, 12.3229935], [92.7766294, 12.3188213], [92.7751471, 12.3171261], [92.7722694, 12.3167686], [92.7756138, 12.3160775], [92.7775673, 12.3179897], [92.7792776, 12.3168305], [92.7790429, 12.3184984], [92.780068, 12.3191585], [92.7822792, 12.3189666], [92.7786689, 12.3130742], [92.7924161, 12.3138779], [92.7943796, 12.3062774], [92.8098089, 12.3156482], [92.8314507, 12.3026769], [92.8337956, 12.3085529], [92.8474553, 12.3082802], [92.8548927, 12.3194891], [92.8601195, 12.319156], [92.8567606, 12.3282126], [92.8542101, 12.3265605], [92.8513645, 12.3259555], [92.8483737, 12.3280835], [92.8482199, 12.3263858], [92.8474421, 12.3257967], [92.8454291, 12.3266731], [92.8455262, 12.3288605], [92.8428169, 12.3264585], [92.8318647, 12.3355427], [92.8542088, 12.3268412], [92.8580641, 12.3294736], [92.8556806, 12.3304525], [92.8547223, 12.3323376], [92.8569994, 12.340392], [92.8589898, 12.3386311], [92.8577502, 12.3355441], [92.8594466, 12.3353449], [92.8596294, 12.3419172], [92.8566323, 12.344962], [92.8553746, 12.3427224], [92.8531931, 12.3428493], [92.8546458, 12.3420287], [92.8537858, 12.3407316], [92.8478945, 12.3434784], [92.8570623, 12.345206], [92.8714423, 12.3299681], [92.8830205, 12.3332021], [92.8773635, 12.3332847], [92.8749472, 12.3349543], [92.8738157, 12.337031], [92.8732553, 12.3351708], [92.8736455, 12.3372412], [92.8799216, 12.3347271], [92.8796161, 12.3443797], [92.8989665, 12.3337591], [92.8833306, 12.3570255], [92.8722912, 12.3537165], [92.8555166, 12.3670813], [92.8480993, 12.3607814], [92.8446098, 12.3631662], [92.8610575, 12.3694377], [92.8506245, 12.3853974], [92.846291, 12.3851549], [92.8462467, 12.3810755], [92.8452374, 12.3807704], [92.8449131, 12.3797308], [92.8443153, 12.3795683], [92.8466018, 12.3889562], [92.8423258, 12.3917954], [92.8418682, 12.3914158], [92.8429993, 12.3908755], [92.8448292, 12.3887666], [92.8448636, 12.3877179], [92.840077, 12.3905842], [92.8421183, 12.3869385], [92.8414168, 12.3853701], [92.839398, 12.3834267], [92.8387106, 12.3835284], [92.8375547, 12.3888532], [92.8356574, 12.3837955], [92.8327329, 12.3830069], [92.829951, 12.3829619], [92.830192, 12.3783153], [92.8275412, 12.3786092], [92.8243292, 12.3745089], [92.8230763, 12.3742174], [92.821074, 12.3800627], [92.8249776, 12.3765527], [92.8275964, 12.3788081], [92.8300494, 12.3784576], [92.8281346, 12.38138], [92.8323997, 12.3857258], [92.8353424, 12.384139], [92.8375363, 12.3893821], [92.8414285, 12.3868912], [92.8390077, 12.3888667], [92.8392473, 12.3930998], [92.8367688, 12.3928468], [92.8345088, 12.3946189], [92.8356651, 12.3925939], [92.8354259, 12.3916356], [92.8342972, 12.3936539], [92.8311448, 12.3909511], [92.8297148, 12.3920315], [92.8342812, 12.3949512], [92.8385921, 12.3942502], [92.8321363, 12.3984024], [92.8324055, 12.4006308], [92.8276617, 12.3942511], [92.8247624, 12.3934376], [92.8219713, 12.3958922], [92.8223575, 12.3951237], [92.8220423, 12.3909268], [92.819665, 12.3890804], [92.8218908, 12.3961543], [92.8290552, 12.3968342], [92.8263585, 12.4017319], [92.8270183, 12.3995758], [92.8263883, 12.3989339], [92.8254202, 12.3988888], [92.8245695, 12.3990855], [92.8242937, 12.3997974], [92.8258894, 12.4000527], [92.8216496, 12.4022881], [92.8261722, 12.4000323], [92.8246409, 12.3992798], [92.8268551, 12.3998515], [92.8259194, 12.4022133], [92.8277656, 12.4009295], [92.8291036, 12.3985225], [92.8327091, 12.4018219], [92.8373211, 12.398619], [92.8384005, 12.4086331], [92.816635, 12.4098232], [92.8176147, 12.4140518], [92.8157131, 12.4163819], [92.8162627, 12.415105], [92.8155107, 12.4132246], [92.8103947, 12.4098572], [92.807148, 12.4099882], [92.8042002, 12.4112741], [92.8048302, 12.4105035], [92.8050326, 12.4095317], [92.8036026, 12.4044759], [92.7991306, 12.4007986], [92.8041611, 12.4117375], [92.8157546, 12.4169944], [92.8181252, 12.4150643], [92.8178561, 12.4108154], [92.8339423, 12.4104846], [92.8149705, 12.4248955], [92.8267044, 12.4191524], [92.8296345, 12.4282647], [92.8109442, 12.4331899], [92.805002, 12.4387564], [92.7924005, 12.4358358], [92.7887878, 12.4355937], [92.7872425, 12.4370875], [92.7926488, 12.4362561], [92.7935725, 12.4462569], [92.7873128, 12.4467243], [92.7914144, 12.4602985], [92.795412, 12.449559], [92.795692, 12.4603032], [92.7982009, 12.4640663], [92.7918691, 12.4686832], [92.7864807, 12.4666036], [92.7815863, 12.4693581], [92.7821224, 12.4679003], [92.7791859, 12.4651947], [92.7804508, 12.4641847], [92.779722, 12.4623833], [92.7793495, 12.4622567], [92.7788066, 12.4626974], [92.7786846, 12.4638794], [92.7775211, 12.4629345], [92.7786436, 12.460591], [92.7784183, 12.460148], [92.7773187, 12.4629074], [92.7817589, 12.4684044], [92.7737256, 12.4688328], [92.7718692, 12.471036], [92.790968, 12.4690957], [92.7854235, 12.4746807], [92.7866102, 12.4838951], [92.7857578, 12.4747148], [92.799537, 12.4646563], [92.7958481, 12.4378843], [92.8041584, 12.4410831], [92.8092264, 12.4362319], [92.8145982, 12.4348257], [92.8194879, 12.434957], [92.81599, 12.4355103], [92.8102193, 12.4426807], [92.8113532, 12.4436917], [92.8163309, 12.444805], [92.812568, 12.4458233], [92.8114928, 12.448774], [92.8117199, 12.4498871], [92.813663, 12.4501538], [92.8160925, 12.4471265], [92.8165053, 12.4488545], [92.8177952, 12.4491885], [92.8156316, 12.4506791], [92.8152518, 12.4547177], [92.8182111, 12.4490509], [92.816123, 12.4467954], [92.8121078, 12.4483232], [92.8167967, 12.4446596], [92.8107601, 12.4428584], [92.8214968, 12.4340757], [92.8355077, 12.4307051], [92.8409077, 12.4371954], [92.8365383, 12.4363008], [92.8324246, 12.438351], [92.8333401, 12.4409342], [92.8310772, 12.4405683], [92.8293065, 12.4412057], [92.8288605, 12.44199], [92.836001, 12.4436053], [92.8416965, 12.4374529], [92.8370553, 12.4307592], [92.8456637, 12.423474], [92.8507992, 12.4290332], [92.859364, 12.4242382], [92.8570859, 12.4277213], [92.8562683, 12.4341783], [92.856595, 12.4349309], [92.8595503, 12.4368266], [92.8583619, 12.4265526], [92.8710492, 12.4210017], [92.8740344, 12.4134217], [92.8835664, 12.4307582], [92.8860033, 12.4217049], [92.8992649, 12.4168028], [92.8845288, 12.4361057], [92.8780335, 12.4317199], [92.8747912, 12.4312898], [92.8833789, 12.4365281], [92.8393906, 12.4644562], [92.834797, 12.4801594], [92.8332551, 12.4694808], [92.8255989, 12.4719922], [92.8334171, 12.4815156], [92.8408431, 12.4763891], [92.8386625, 12.4736162], [92.8405068, 12.4713944], [92.8423913, 12.4793134], [92.8348734, 12.4858004], [92.8339766, 12.4884674], [92.8244713, 12.4821749], [92.815804, 12.4868095], [92.8246151, 12.4828857], [92.8328658, 12.4892585], [92.8341422, 12.4887567], [92.835591, 12.4865869], [92.8368726, 12.4912492], [92.8233763, 12.4985568], [92.8225293, 12.5000236], [92.8375904, 12.4933352], [92.8347133, 12.4961582], [92.8350581, 12.5014163], [92.8371427, 12.5012612], [92.838941, 12.4974731], [92.8437047, 12.4983337], [92.8457363, 12.5028007], [92.8504556, 12.5024657], [92.8525105, 12.5057405], [92.8507281, 12.5068804], [92.8513146, 12.5088058], [92.8525772, 12.5084518], [92.8538122, 12.5098814], [92.8551465, 12.5097645], [92.8511383, 12.5021286], [92.8421841, 12.4971134], [92.8381728, 12.497376], [92.8354888, 12.5006376], [92.8432608, 12.4803416], [92.8431906, 12.4707659], [92.8536851, 12.4573081], [92.8520881, 12.4658355], [92.8534895, 12.4709181], [92.8607548, 12.4584911], [92.8631856, 12.4584071], [92.8592238, 12.4617346], [92.8623337, 12.4653818], [92.859544, 12.4651608], [92.8588013, 12.4658253], [92.8587715, 12.4664446], [92.8628168, 12.4656822], [92.863864, 12.4582103], [92.8588276, 12.4586271], [92.8557123, 12.463941], [92.8554467, 12.4570502], [92.868776, 12.4461588], [92.8674048, 12.4542794], [92.8718302, 12.4575871], [92.8698913, 12.4563987], [92.8690037, 12.4569414], [92.8719913, 12.4580639], [92.8755719, 12.446604], [92.881019, 12.450332], [92.8777762, 12.4511834], [92.8757015, 12.4528711], [92.8755174, 12.4534158], [92.8760687, 12.456033], [92.8777944, 12.4519066], [92.8852746, 12.4559536], [92.8804957, 12.4559391], [92.8780369, 12.4580607], [92.8812299, 12.4644189], [92.880519, 12.4658155], [92.878895, 12.4666038], [92.8786098, 12.4672547], [92.8804096, 12.4713254], [92.883136, 12.4665324], [92.87869, 12.4580608], [92.8862174, 12.4564848], [92.8770095, 12.4450878], [92.8836077, 12.4424608], [92.8857128, 12.4493747], [92.8962844, 12.4501041], [92.8956927, 12.4543394], [92.892756, 12.4535909], [92.8915003, 12.4546168], [92.8906557, 12.4577106], [92.8869162, 12.4583676], [92.8849794, 12.4602837], [92.8853356, 12.4611471], [92.8874354, 12.4611973], [92.8888447, 12.4637536], [92.8874102, 12.4608605], [92.8852093, 12.4607855], [92.8855039, 12.4598295], [92.890559, 12.4582145], [92.8926893, 12.4540226], [92.8958628, 12.4549745], [92.8989634, 12.4510945], [92.8844518, 12.4417603], [92.8970404, 12.4384945], [92.8912804, 12.4362538], [92.908032, 12.4209737], [92.9054444, 12.4077046], [92.9110368, 12.4055448], [92.9228834, 12.4346548], [92.9109869, 12.4443858], [92.9085728, 12.4388371], [92.9123868, 12.4505694], [92.9219655, 12.4424316], [92.9446378, 12.4512687], [92.9490902, 12.4567107], [92.9432283, 12.4607925], [92.9494674, 12.4579492], [92.945174, 12.4621644], [92.9510452, 12.4594882], [92.957837, 12.4727054], [92.921564, 12.4648354], [92.9188199, 12.4707452], [92.9194454, 12.4727523], [92.9154689, 12.472996], [92.9148705, 12.4776517], [92.9140842, 12.4744491], [92.9118054, 12.4710385], [92.909179, 12.4695308], [92.9071689, 12.4692414], [92.9072588, 12.4687102], [92.9081901, 12.4688663], [92.9085167, 12.468455], [92.9077878, 12.4672187], [92.9057038, 12.4706537], [92.9138817, 12.4758119], [92.9126075, 12.4770164], [92.9123658, 12.4783317], [92.9082792, 12.4751605], [92.9066483, 12.4774091], [92.9205283, 12.4799844], [92.9199254, 12.4832388], [92.9182441, 12.483467], [92.9187134, 12.4818556], [92.9177106, 12.4813765], [92.9138281, 12.4839978], [92.9108629, 12.4893267], [92.9109248, 12.4916861], [92.9129211, 12.4925474], [92.9118238, 12.4943757], [92.914287, 12.5000253], [92.9131534, 12.4928051], [92.9112424, 12.4892566], [92.9203118, 12.4832841], [92.9217825, 12.4657078], [92.934305, 12.4700904], [92.9261449, 12.4767392], [92.9297098, 12.4767597], [92.9314185, 12.4778288], [92.9292428, 12.4793429], [92.9318348, 12.4813274], [92.93074, 12.4837026], [92.932619, 12.4847151], [92.9311493, 12.4872282], [92.9290172, 12.4864778], [92.9265331, 12.4884712], [92.9272092, 12.4903809], [92.9271472, 12.4883739], [92.9309514, 12.4876305], [92.9328376, 12.4852372], [92.932619, 12.4818968], [92.936368, 12.4814314], [92.9459043, 12.4996583], [92.9600696, 12.4856701], [92.9688271, 12.4966597], [92.9656783, 12.5131794], [92.9752276, 12.5432727], [92.9559683, 12.5927494], [92.9587976, 12.6196093], [92.9435145, 12.6241516], [92.9455962, 12.6298956], [92.9390989, 12.6160126], [92.9297289, 12.6169232], [92.9455368, 12.6313465], [92.9566957, 12.6242111], [92.9638553, 12.704401], [92.9707695, 12.7129692], [92.9800497, 12.7093951], [92.9644434, 12.7258119], [92.9674571, 12.7421307], [92.9482329, 12.7622113], [92.9497784, 12.7700763], [92.9390269, 12.7678832], [92.9264181, 12.7743903], [92.951118, 12.7952118], [92.954489, 12.8064343], [92.9437968, 12.8260058], [92.9491095, 12.8381879], [92.9412572, 12.8355217], [92.9373325, 12.8357865], [92.9356653, 12.8395247], [92.9308789, 12.8383544], [92.9319015, 12.8369125], [92.9296994, 12.8361849], [92.9309663, 12.8357871], [92.9313094, 12.8350096], [92.9278036, 12.8325804], [92.9290934, 12.8325148], [92.9294757, 12.8316469], [92.9287295, 12.8310684], [92.9268777, 12.8314008], [92.9270849, 12.8300131], [92.9242887, 12.8295387], [92.9305755, 12.8163196], [92.9288572, 12.8141592], [92.9268812, 12.8133751], [92.9279863, 12.8092483], [92.9262287, 12.8031916], [92.9244185, 12.8010764], [92.9262225, 12.8130542], [92.9297602, 12.8165412], [92.922556, 12.8260754], [92.9241258, 12.8299624], [92.9267026, 12.8318031], [92.9290104, 12.8316288], [92.9274259, 12.8326979], [92.9304136, 12.8384041], [92.9356011, 12.8398011], [92.9402632, 12.8375836], [92.9412342, 12.8552676], [92.9263841, 12.8581409], [92.9311208, 12.8676149], [92.9246258, 12.8879039], [92.9058871, 12.8870161], [92.922321, 12.9153898], [92.9103633, 12.9099775], [92.912324, 12.9193392], [92.8989562, 12.9180628], [92.9003595, 12.9115299], [92.8973918, 12.9141106], [92.8988032, 12.9186019], [92.9021417, 12.9200756]]], [[[92.7720388, 12.9322132], [92.7686132, 12.9247188], [92.7718326, 12.9175911], [92.7752372, 12.927603], [92.7720388, 12.9322132]]], [[[92.8905027, 12.9327464], [92.8895804, 12.9315034], [92.8918114, 12.9324346], [92.8905027, 12.9327464]]], [[[92.6729185, 12.933087], [92.6735129, 12.9331232], [92.6734392, 12.9333943], [92.6729185, 12.933087]]], [[[92.6720569, 12.9332225], [92.6725545, 12.9332315], [92.6724853, 12.9336699], [92.6720569, 12.9332225]]], [[[92.7616119, 12.9364519], [92.7592139, 12.9315587], [92.7624796, 12.9254843], [92.7655366, 12.930669], [92.7616119, 12.9364519]]], [[[92.8872634, 12.929356], [92.8584767, 12.9319885], [92.8626779, 12.9180478], [92.8855345, 12.9235494], [92.8872634, 12.929356]]], [[[92.8933179, 12.9368372], [92.8877912, 12.9367185], [92.8875394, 12.9330534], [92.8933179, 12.9368372]]], [[[92.8984029, 12.9415428], [92.9006774, 12.9390943], [92.9028065, 12.9373735], [92.902099, 12.9406051], [92.8984029, 12.9415428]]], [[[92.9009606, 12.9421599], [92.9009336, 12.9418669], [92.9019284, 12.9407814], [92.9009606, 12.9421599]]], [[[92.8989435, 12.9420486], [92.8982231, 12.9423631], [92.8983753, 12.9416128], [92.8989435, 12.9420486]]], [[[92.6768026, 12.9465296], [92.6775677, 12.9471758], [92.6766, 12.9474833], [92.6768026, 12.9465296]]], [[[92.6748629, 12.9483603], [92.6746097, 12.9497614], [92.6721671, 12.9488532], [92.6748629, 12.9483603]]], [[[92.6722409, 12.9494498], [92.6694898, 12.9497528], [92.6701116, 12.9477821], [92.6722409, 12.9494498]]], [[[92.668361, 12.9508828], [92.6662917, 12.9502231], [92.668416, 12.9494636], [92.668361, 12.9508828]]], [[[92.6670431, 12.9517778], [92.6679188, 12.9520489], [92.6670201, 12.95204], [92.6670431, 12.9517778]]], [[[92.6704023, 12.9501324], [92.6694211, 12.951868], [92.6689277, 12.9504715], [92.6704023, 12.9501324]]], [[[92.6688498, 12.952659], [92.6699789, 12.9528036], [92.6694812, 12.9532059], [92.6688498, 12.952659]]], [[[92.6682875, 12.9525596], [92.6686615, 12.9560308], [92.6667346, 12.9531473], [92.6682875, 12.9525596]]], [[[92.8778388, 12.9615316], [92.8788572, 12.9619607], [92.8777113, 12.9627001], [92.8778388, 12.9615316]]], [[[92.8819727, 12.9654854], [92.8822622, 12.9664527], [92.8815992, 12.9664753], [92.8819727, 12.9654854]]], [[[92.8858447, 12.9799044], [92.8870984, 12.9796446], [92.8866789, 12.9803972], [92.8858447, 12.9799044]]], [[[92.8888451, 12.9811229], [92.8880985, 12.9809239], [92.8886055, 12.9807161], [92.8888451, 12.9811229]]], [[[92.8927628, 12.9832522], [92.8939311, 12.9839845], [92.8933549, 12.9842195], [92.8927628, 12.9832522]]], [[[92.9767189, 12.986869], [92.9781438, 12.9869686], [92.9779249, 12.9877242], [92.9767189, 12.986869]]], [[[92.6948155, 12.9913537], [92.6697141, 12.9661052], [92.6680626, 12.9571969], [92.6794896, 12.9485361], [92.6789951, 12.9421949], [92.6631558, 12.8814902], [92.6469737, 12.8616531], [92.6653771, 12.807937], [92.6577021, 12.7953225], [92.6676752, 12.782616], [92.6746068, 12.8073123], [92.6880765, 12.8173264], [92.6836073, 12.8297751], [92.674587, 12.8226439], [92.6781266, 12.8319771], [92.6710849, 12.8376234], [92.7000408, 12.8406332], [92.718779, 12.8754363], [92.7079416, 12.8834305], [92.7041294, 12.8770042], [92.7018259, 12.8767425], [92.7017248, 12.8776466], [92.7073152, 12.8839324], [92.71821, 12.8813214], [92.7206551, 12.8896011], [92.7197641, 12.9199752], [92.7140377, 12.9228244], [92.7205125, 12.924965], [92.7214558, 12.944572], [92.7141143, 12.9427527], [92.7126352, 12.9431734], [92.7097791, 12.9460353], [92.7165499, 12.9492923], [92.7192536, 12.9809666], [92.7099472, 12.9780943], [92.7099461, 12.9881371], [92.6948155, 12.9913537]]], [[[92.9735238, 12.9942033], [92.9728832, 12.9944204], [92.9728486, 12.9941583], [92.9735238, 12.9942033]]], [[[93.007843, 12.9991158], [92.9844437, 12.9944493], [92.9871106, 12.9855718], [92.9720027, 12.9702537], [92.9650689, 12.9780371], [92.9709723, 12.9824702], [92.9578318, 12.98949], [92.9511247, 12.9802317], [92.9614451, 12.9695338], [92.9525756, 12.9681614], [92.9537625, 12.9580227], [92.9725901, 12.9463859], [92.9578651, 12.9492986], [92.9532047, 12.9342752], [92.9681386, 12.9422751], [92.9785938, 12.9279555], [92.9797153, 12.9472871], [92.9882053, 12.954768], [92.9813877, 12.9677736], [93.007843, 12.9991158]]], [[[92.9703098, 12.9991262], [92.9704021, 12.9995601], [92.97022, 12.9995217], [92.9703098, 12.9991262]]], [[[92.9882618, 12.9984525], [92.9860072, 13.0010525], [92.9856669, 12.9978945], [92.9882618, 12.9984525]]], [[[92.8308639, 13.0013781], [92.8330785, 13.002052], [92.8325094, 13.002793], [92.8308639, 13.0013781]]], [[[92.7847391, 13.0132203], [92.7844579, 13.0134959], [92.7844673, 13.0131389], [92.7847391, 13.0132203]]], [[[92.9479626, 13.0194907], [92.9483848, 13.0246777], [92.9441911, 13.025559], [92.9479626, 13.0194907]]], [[[92.9396518, 13.0251051], [92.9206857, 13.0313086], [92.9134725, 13.0109825], [92.9197563, 13.0000248], [92.9438347, 12.9951534], [92.9396518, 13.0251051]]], [[[92.93029, 13.0507311], [92.9331061, 13.051497], [92.9312026, 13.0544723], [92.93029, 13.0507311]]], [[[92.7852761, 13.0552596], [92.785654, 13.0554494], [92.7855019, 13.0556753], [92.7852761, 13.0552596]]], [[[92.787891, 13.0603252], [92.7879324, 13.0608358], [92.7874762, 13.0605059], [92.787891, 13.0603252]]], [[[92.9187859, 13.0542211], [92.9138856, 13.0666894], [92.9130697, 13.0673038], [92.9187859, 13.0542211]]], [[[92.912936, 13.0683882], [92.914351, 13.0683997], [92.9131802, 13.0689983], [92.912936, 13.0683882]]], [[[92.9098563, 13.0750029], [92.9107897, 13.0760784], [92.9094898, 13.0762907], [92.9098563, 13.0750029]]], [[[92.7945265, 13.0758132], [92.7953515, 13.0763826], [92.7948951, 13.0769745], [92.7945265, 13.0758132]]], [[[92.7932776, 13.0924908], [92.7928811, 13.0933877], [92.7926644, 13.0930623], [92.7932776, 13.0924908]]], [[[92.7931622, 13.0938374], [92.7927911, 13.0941152], [92.7929271, 13.0936385], [92.7931622, 13.0938374]]], [[[92.7270954, 13.0899057], [92.731021, 13.0938274], [92.7313631, 13.0957753], [92.7270954, 13.0899057]]], [[[92.7204123, 13.0969774], [92.6976064, 13.0989194], [92.6938968, 13.0910875], [92.7026278, 13.0695071], [92.7036273, 13.0808969], [92.7204123, 13.0969774]]], [[[92.8400176, 13.1434669], [92.840783, 13.1434895], [92.8405755, 13.1439459], [92.8400176, 13.1434669]]], [[[92.8076761, 13.1480831], [92.8086928, 13.1495924], [92.8085682, 13.1499041], [92.8076761, 13.1480831]]], [[[92.8048008, 13.1529066], [92.8033621, 13.1529968], [92.8042014, 13.1521971], [92.8048008, 13.1529066]]], [[[92.809317, 13.1634195], [92.8098012, 13.1632568], [92.8095522, 13.1640025], [92.809317, 13.1634195]]], [[[92.8104282, 13.1664471], [92.8095959, 13.1674005], [92.8092316, 13.1671338], [92.8104282, 13.1664471]]], [[[92.8104997, 13.1689188], [92.8091439, 13.1690498], [92.8106057, 13.1687291], [92.8104997, 13.1689188]]], [[[92.7924617, 13.1693533], [92.7960978, 13.1707297], [92.7931416, 13.1713959], [92.7924617, 13.1693533]]], [[[92.7921733, 13.1708467], [92.7921271, 13.1717415], [92.7915415, 13.1712759], [92.7921733, 13.1708467]]], [[[92.8232189, 13.2067971], [92.8232697, 13.2082658], [92.8224855, 13.2069418], [92.8232189, 13.2067971]]], [[[92.8257235, 13.2099218], [92.8266183, 13.2112367], [92.8255252, 13.2112865], [92.8257235, 13.2099218]]], [[[92.8276423, 13.2108209], [92.8286846, 13.2108841], [92.8277069, 13.2115801], [92.8276423, 13.2108209]]], [[[93.0610386, 13.219854], [93.0583194, 13.2270082], [93.0568154, 13.2273287], [93.0560826, 13.2242686], [93.0610386, 13.219854]]], [[[93.0590968, 13.2270524], [93.0609559, 13.2276947], [93.0597147, 13.2283317], [93.0590968, 13.2270524]]], [[[92.8388722, 13.2486289], [92.8391837, 13.2491554], [92.8386924, 13.2488956], [92.8388722, 13.2486289]]], [[[93.0495291, 13.2628955], [93.0480796, 13.2633336], [93.04874, 13.2621402], [93.0495291, 13.2628955]]], [[[93.0675662, 13.2669377], [93.0680232, 13.2668157], [93.0679354, 13.2671683], [93.0675662, 13.2669377]]], [[[93.0680416, 13.2672136], [93.0683923, 13.2675889], [93.06806, 13.2674668], [93.0680416, 13.2672136]]], [[[93.0678291, 13.2677742], [93.0681799, 13.2681495], [93.0678476, 13.2680274], [93.0678291, 13.2677742]]], [[[93.0681843, 13.268778], [93.0684982, 13.2688911], [93.0683274, 13.2690312], [93.0681843, 13.268778]]], [[[93.0707222, 13.2727256], [93.0709991, 13.2728296], [93.0708652, 13.2729426], [93.0707222, 13.2727256]]], [[[93.0702744, 13.2729515], [93.0705421, 13.2729968], [93.0704082, 13.273155], [93.0702744, 13.2729515]]], [[[93.0698174, 13.2730735], [93.0701127, 13.2732951], [93.0699142, 13.2733629], [93.0698174, 13.2730735]]], [[[93.0709067, 13.2732501], [93.071142, 13.2735485], [93.0710774, 13.2736163], [93.0709067, 13.2732501]]], [[[93.070505, 13.2734851], [93.0706942, 13.2737293], [93.0705604, 13.2738016], [93.070505, 13.2734851]]], [[[93.0713543, 13.2736797], [93.071705, 13.274055], [93.0713727, 13.2739329], [93.0713543, 13.2736797]]], [[[93.0700664, 13.2738874], [93.0704357, 13.2740909], [93.070311, 13.2742401], [93.0700664, 13.2738874]]], [[[93.0708649, 13.274091], [93.0711788, 13.2742041], [93.071008, 13.2743442], [93.0708649, 13.274091]]], [[[93.0703709, 13.2748505], [93.0708279, 13.2747285], [93.0707401, 13.2750811], [93.0703709, 13.2748505]]], [[[93.0320708, 13.279528], [93.0325782, 13.2806811], [93.0312488, 13.2804455], [93.0320708, 13.279528]]], [[[93.0165079, 13.2850152], [93.0134105, 13.2847969], [93.0153455, 13.2830616], [93.0165079, 13.2850152]]], [[[92.7997639, 13.2857834], [92.8003268, 13.2860322], [92.8000866, 13.2868999], [92.7997639, 13.2857834]]], [[[92.8188773, 13.2860866], [92.8130673, 13.2871383], [92.8168525, 13.2816387], [92.8188773, 13.2860866]]], [[[93.0209676, 13.2945389], [93.0213923, 13.2945119], [93.0213276, 13.2947425], [93.0209676, 13.2945389]]], [[[93.0798022, 13.2948589], [93.0801576, 13.2951347], [93.0797421, 13.2949764], [93.0798022, 13.2948589]]], [[[93.0214474, 13.2952218], [93.0219137, 13.295222], [93.0218952, 13.2953124], [93.0214474, 13.2952218]]], [[[93.0755781, 13.2957623], [93.0758597, 13.2954595], [93.075772, 13.2958076], [93.0755781, 13.2957623]]], [[[93.0772999, 13.2958802], [93.0775954, 13.2957356], [93.0775215, 13.2960249], [93.0772999, 13.2958802]]], [[[93.0778308, 13.2958939], [93.0781909, 13.2956679], [93.0780708, 13.2960386], [93.0778308, 13.2958939]]], [[[93.048518, 13.2932238], [93.0491773, 13.2961086], [93.0446862, 13.2941676], [93.048518, 13.2932238]]], [[[93.0764505, 13.2958348], [93.0760674, 13.2955725], [93.0762013, 13.295559], [93.0764505, 13.2958348]]], [[[93.0766767, 13.2959253], [93.0769583, 13.2958802], [93.0768383, 13.2961559], [93.0766767, 13.2959253]]], [[[93.0760074, 13.2959252], [93.0758734, 13.2962733], [93.0756658, 13.2959251], [93.0760074, 13.2959252]]], [[[93.0783801, 13.29612], [93.078634, 13.2961698], [93.0784862, 13.2963371], [93.0783801, 13.29612]]], [[[93.0774337, 13.2964183], [93.0777015, 13.2962149], [93.0776414, 13.2964906], [93.0774337, 13.2964183]]], [[[93.0760535, 13.2962417], [93.0761134, 13.2965763], [93.0759334, 13.2965355], [93.0760535, 13.2962417]]], [[[93.0785, 13.2965767], [93.0787678, 13.2967802], [93.07862, 13.2968661], [93.0785, 13.2965767]]], [[[93.0817776, 13.2970701], [93.0821283, 13.2973912], [93.0819252, 13.2975222], [93.0817776, 13.2970701]]], [[[93.0797047, 13.2975264], [93.0800278, 13.2977841], [93.0799262, 13.2979333], [93.0797047, 13.2975264]]], [[[93.0807941, 13.2980872], [93.0805586, 13.2983946], [93.0805448, 13.2981459], [93.0807941, 13.2980872]]], [[[93.0811171, 13.2987293], [93.0814449, 13.2986841], [93.0814587, 13.2989192], [93.0811171, 13.2987293]]], [[[92.9830873, 13.2984892], [92.9850954, 13.3000069], [92.9831385, 13.299375], [92.9830873, 13.2984892]]], [[[93.0819064, 13.2996427], [93.0821187, 13.299905], [93.0820125, 13.3000089], [93.0819064, 13.2996427]]], [[[93.0823079, 13.299905], [93.0825895, 13.3000949], [93.0823264, 13.3002396], [93.0823079, 13.299905]]], [[[93.0828296, 13.3001538], [93.083005, 13.3002985], [93.0828295, 13.3003301], [93.0828296, 13.3001538]]], [[[93.0215591, 13.3150294], [93.0218129, 13.315233], [93.0215959, 13.3153324], [93.0215591, 13.3150294]]], [[[93.0220759, 13.3157395], [93.0223667, 13.3158571], [93.0221773, 13.3159927], [93.0220759, 13.3157395]]], [[[93.0218771, 13.3163633], [93.0222049, 13.3164448], [93.0220571, 13.316603], [93.0218771, 13.3163633]]], [[[93.0212716, 13.318149], [93.0215161, 13.3184068], [93.0213268, 13.3184609], [93.0212716, 13.318149]]], [[[93.0049986, 13.3065042], [93.0080363, 13.316285], [93.0078263, 13.3208876], [92.9948684, 13.2975889], [92.9969582, 13.3001787], [92.9979498, 13.3005148], [93.0002237, 13.3001993], [93.0004716, 13.3030432], [93.0021513, 13.304301], [93.0128253, 13.3028726], [93.0049986, 13.3065042]]], [[[93.0050368, 13.3229615], [92.9972067, 13.3221478], [92.9943437, 13.3189493], [93.0002156, 13.3162361], [93.0050368, 13.3229615]]], [[[93.0213869, 13.3292939], [93.0138475, 13.308719], [93.0212001, 13.3016012], [93.0202868, 13.3214672], [93.024458, 13.3273103], [93.0213869, 13.3292939]]], [[[93.0088531, 13.3365541], [93.0066, 13.3363949], [93.0066053, 13.3350792], [93.0088531, 13.3365541]]], [[[92.9695127, 13.3391719], [92.9647717, 13.3369726], [92.9660856, 13.332805], [92.9675072, 13.3329762], [92.9695127, 13.3391719]]], [[[93.0143101, 13.3373613], [93.0132152, 13.3388574], [93.0124911, 13.3371345], [93.0143101, 13.3373613]]], [[[93.0353113, 13.342786], [93.0385709, 13.3433658], [93.0380949, 13.3444779], [93.0353113, 13.342786]]], [[[93.0202517, 13.3387383], [93.0156006, 13.3425975], [93.017427, 13.3366664], [93.0202517, 13.3387383]]], [[[93.035702, 13.3605998], [93.0356277, 13.3616532], [93.0349674, 13.3614766], [93.035702, 13.3605998]]], [[[93.0806666, 13.3661589], [93.0809298, 13.3664167], [93.0806435, 13.3663126], [93.0806666, 13.3661589]]], [[[93.0810821, 13.366471], [93.0813961, 13.3664936], [93.0813407, 13.3666428], [93.0810821, 13.366471]]], [[[93.0806434, 13.3666563], [93.0808327, 13.3668914], [93.0806434, 13.3668552], [93.0806434, 13.3666563]]], [[[93.0774348, 13.3635134], [93.0721056, 13.3655651], [93.0762528, 13.362496], [93.0774348, 13.3635134]]], [[[93.0819963, 13.3672985], [93.0823241, 13.3674704], [93.0820147, 13.3674251], [93.0819963, 13.3672985]]], [[[93.0361347, 13.3641355], [93.0403313, 13.3665151], [93.0401969, 13.3681472], [93.0361347, 13.3641355]]], [[[92.828908, 13.3686183], [92.8298173, 13.3689439], [92.8292356, 13.3693686], [92.828908, 13.3686183]]], [[[93.0792579, 13.3680802], [93.0829287, 13.3692292], [93.0812154, 13.3702146], [93.0792579, 13.3680802]]], [[[93.0348151, 13.3740094], [93.0360247, 13.3746293], [93.034681, 13.3746017], [93.0348151, 13.3740094]]], [[[93.0472972, 13.3735749], [93.0365791, 13.37401], [93.0363448, 13.3706236], [93.0403582, 13.3690741], [93.0407796, 13.3653307], [93.0472972, 13.3735749]]], [[[93.0440823, 13.3761149], [93.0448535, 13.3761784], [93.0443824, 13.3765716], [93.0440823, 13.3761149]]], [[[93.0776124, 13.3765165], [93.077991, 13.3766477], [93.0777832, 13.376815], [93.0776124, 13.3765165]]], [[[93.0797412, 13.3766571], [93.0800551, 13.3770052], [93.0797781, 13.3770052], [93.0797412, 13.3766571]]], [[[93.0770627, 13.3771313], [93.0773167, 13.3773122], [93.0770119, 13.3773709], [93.0770627, 13.3771313]]], [[[93.0775476, 13.3772128], [93.0778431, 13.3773711], [93.0775799, 13.3774614], [93.0775476, 13.3772128]]], [[[93.0797597, 13.3763134], [93.0781063, 13.3773802], [93.0787161, 13.3762183], [93.0797597, 13.3763134]]], [[[93.0707331, 13.3490985], [93.0537639, 13.3830668], [93.0496178, 13.3652249], [93.0384305, 13.3618938], [93.0446365, 13.3476539], [93.0384075, 13.3222199], [93.0584657, 13.3288947], [93.0618742, 13.3061221], [93.0780246, 13.2966083], [93.0786694, 13.3043985], [93.0692143, 13.3066889], [93.0714822, 13.3226629], [93.0898694, 13.3340053], [93.0880624, 13.3460361], [93.0707331, 13.3490985]]], [[[93.0669014, 13.3859411], [93.0594065, 13.3855505], [93.0608111, 13.38249], [93.0669014, 13.3859411]]], [[[93.0829889, 13.3962299], [93.0832752, 13.3964787], [93.083035, 13.3965871], [93.0829889, 13.3962299]]], [[[93.081705, 13.3964242], [93.082596, 13.3979479], [93.0819402, 13.3982824], [93.081705, 13.3964242]]], [[[92.8460418, 13.4195711], [92.8472284, 13.419743], [92.8467759, 13.4203847], [92.8460418, 13.4195711]]], [[[92.8629773, 13.4215972], [92.8611812, 13.4213711], [92.861883, 13.4207384], [92.8629773, 13.4215972]]], [[[93.0948734, 13.4202618], [93.0858029, 13.4161011], [93.0902057, 13.406779], [93.09075, 13.4123085], [93.0948734, 13.4202618]]], [[[92.8175765, 13.4039871], [92.8107871, 13.4320255], [92.8051937, 13.4222073], [92.809452, 13.3999581], [92.8175765, 13.4039871]]], [[[93.0721793, 13.4322756], [93.0655303, 13.422644], [93.0696294, 13.4125807], [93.0713381, 13.4133406], [93.0721793, 13.4322756]]], [[[93.0865903, 13.432373], [93.087551, 13.4321019], [93.0871536, 13.4331055], [93.0865903, 13.432373]]], [[[93.0730661, 13.4324837], [93.0742484, 13.4331395], [93.0734215, 13.4333745], [93.0730661, 13.4324837]]], [[[93.0764888, 13.4319645], [93.0769549, 13.4337911], [93.0757495, 13.4333071], [93.0764888, 13.4319645]]], [[[93.0972592, 13.4387854], [93.0957912, 13.4314067], [93.1044241, 13.4291107], [93.1043266, 13.4356528], [93.0972592, 13.4387854]]], [[[92.8385158, 13.4206368], [92.8411851, 13.450467], [92.8241758, 13.4396306], [92.8209893, 13.4205253], [92.8385158, 13.4206368]]], [[[92.8693068, 13.4538226], [92.8698101, 13.4538904], [92.8697454, 13.4542249], [92.8693068, 13.4538226]]], [[[92.8629801, 13.4609861], [92.8671592, 13.4630291], [92.8671269, 13.4642811], [92.8629801, 13.4609861]]], [[[94.2638887, 13.4640622], [94.2524857, 13.4660456], [94.2393438, 13.4475895], [94.2453039, 13.4328627], [94.2649509, 13.443421], [94.2638887, 13.4640622]]], [[[92.8711923, 13.5137192], [92.8646243, 13.5063926], [92.8690724, 13.5016741], [92.8738528, 13.5057057], [92.8711923, 13.5137192]]], [[[92.9066612, 13.520296], [92.9050437, 13.5210621], [92.9050475, 13.5202486], [92.9066612, 13.520296]]], [[[92.9852144, 13.5293707], [92.9840642, 13.529685], [92.9845638, 13.5284019], [92.9852144, 13.5293707]]], [[[92.9779336, 13.5355233], [92.9782666, 13.5366441], [92.9776568, 13.536554], [92.9779336, 13.5355233]]], [[[92.9854322, 13.5297281], [92.9827229, 13.5381842], [92.9783902, 13.530761], [92.9838282, 13.528948], [92.9838248, 13.5297956], [92.9843375, 13.5302939], [92.9854322, 13.5297281]]], [[[92.9119769, 13.5338467], [92.9030616, 13.5351451], [92.9045206, 13.5293913], [92.9119769, 13.5338467]]], [[[92.8750863, 13.5354905], [92.8768418, 13.5402723], [92.8737329, 13.5407107], [92.8750863, 13.5354905]]], [[[92.9130316, 13.542235], [92.9165241, 13.5428265], [92.9143901, 13.5441963], [92.9130316, 13.542235]]], [[[93.0556424, 13.5621291], [93.0505626, 13.5651026], [93.0528751, 13.5589093], [93.0556424, 13.5621291]]], [[[93.0006028, 13.568646], [93.0, 13.5726767], [92.9982386, 13.5702058], [93.0006028, 13.568646]]], [[[92.8285324, 13.2104684], [92.8226055, 13.2045106], [92.8160653, 13.2044632], [92.8217843, 13.1930941], [92.8160426, 13.1834805], [92.834602, 13.1752899], [92.8390883, 13.1653598], [92.8374832, 13.1621969], [92.84381, 13.1631294], [92.8445939, 13.1624605], [92.8445061, 13.1612315], [92.8456406, 13.1620809], [92.8482876, 13.1629301], [92.8488686, 13.1625866], [92.8491789, 13.1611153], [92.8483383, 13.162781], [92.8444138, 13.1608655], [92.837165, 13.1619936], [92.8262989, 13.1749333], [92.8251251, 13.1710925], [92.8277881, 13.1676469], [92.8270271, 13.1636563], [92.8242855, 13.1613367], [92.8193352, 13.1621274], [92.8272624, 13.1673148], [92.8141565, 13.1747345], [92.8079271, 13.1537902], [92.8207991, 13.1452571], [92.8381137, 13.1486273], [92.8453798, 13.141381], [92.8465703, 13.1482221], [92.8478594, 13.1501514], [92.8484265, 13.1502236], [92.8467097, 13.1385613], [92.8387233, 13.134841], [92.8433664, 13.1355869], [92.8419922, 13.1335529], [92.8429141, 13.1305389], [92.8409413, 13.1256993], [92.8463087, 13.1219816], [92.8468919, 13.1210417], [92.8470343, 13.1182465], [92.8230698, 13.134801], [92.8084794, 13.1272771], [92.8140838, 13.113933], [92.8236089, 13.1159778], [92.8293553, 13.1089197], [92.8213981, 13.111762], [92.818797, 13.1025302], [92.821847, 13.0960836], [92.8205773, 13.0912094], [92.8130099, 13.1030614], [92.8055785, 13.1009169], [92.8062889, 13.0801695], [92.8186413, 13.075101], [92.8141241, 13.0723085], [92.7928443, 13.0919825], [92.7962913, 13.0813259], [92.7965394, 13.0677299], [92.791706, 13.0533493], [92.7976732, 13.0461499], [92.7992312, 13.0433893], [92.7924096, 13.0476878], [92.7885125, 13.0179426], [92.8143124, 13.0068549], [92.8127728, 13.0218467], [92.8204803, 13.0121506], [92.8260257, 13.0176693], [92.8292037, 13.0160837], [92.8316325, 13.0204462], [92.8339129, 13.0209363], [92.8350334, 13.0190543], [92.8350174, 13.0219144], [92.8371373, 13.0230665], [92.8353144, 13.0187425], [92.8292866, 13.0152388], [92.8259595, 13.0167525], [92.8228972, 13.0074809], [92.8296179, 13.0019279], [92.8295494, 12.9995], [92.830446, 12.9997733], [92.8308067, 13.002183], [92.8331085, 13.0047223], [92.8334056, 13.0017492], [92.8316556, 12.9985618], [92.8369347, 12.9971471], [92.8380853, 12.9957921], [92.8379947, 12.9940754], [92.8392188, 12.9945142], [92.8405006, 12.9943783], [92.8419822, 12.991376], [92.8246631, 12.9984816], [92.8228558, 13.006505], [92.807021, 12.9990147], [92.8059489, 12.9946203], [92.8164349, 12.9909932], [92.8216312, 12.9827849], [92.8220818, 12.977166], [92.8153663, 12.9870804], [92.8111231, 12.9725118], [92.8108506, 12.9841077], [92.799374, 12.9918469], [92.7924636, 12.9804296], [92.7968992, 12.9635204], [92.7915184, 12.9695953], [92.7901541, 12.9611703], [92.7927224, 12.9505845], [92.8009843, 12.9520916], [92.8023015, 12.938412], [92.7922518, 12.9306336], [92.8013636, 12.8997349], [92.8042762, 12.9063497], [92.8060872, 12.9079541], [92.8075916, 12.9073845], [92.808384, 12.9061617], [92.8085386, 12.9082161], [92.8097528, 12.9091945], [92.8087965, 12.9078997], [92.808891, 12.9072014], [92.8085107, 12.9061075], [92.8081743, 12.9058861], [92.8046632, 12.9062728], [92.8045683, 12.900415], [92.8238534, 12.8969551], [92.8265113, 12.8929998], [92.8277256, 12.89356], [92.8272651, 12.8949116], [92.8272194, 12.8974834], [92.8282955, 12.8987872], [92.8287819, 12.8868364], [92.8383713, 12.8927626], [92.8425263, 12.8920312], [92.8422727, 12.876924], [92.8728159, 12.8836551], [92.8686124, 12.8904586], [92.8749411, 12.9081732], [92.8603978, 12.9031125], [92.8576967, 12.9133079], [92.849676, 12.9109687], [92.8480564, 12.9112019], [92.8447747, 12.9126343], [92.8588378, 12.9178863], [92.8557579, 12.9336753], [92.8523294, 12.9340716], [92.8503739, 12.930167], [92.8461025, 12.9295064], [92.8444782, 12.9303017], [92.8452343, 12.9319897], [92.8443563, 12.9312509], [92.8428915, 12.9330609], [92.8504517, 12.9305218], [92.847929, 12.9346563], [92.8479623, 12.9375848], [92.849121, 12.9393359], [92.8560967, 12.9351922], [92.8454837, 12.9440421], [92.8491703, 12.9430445], [92.8492021, 12.9505544], [92.8480722, 12.9474268], [92.8423273, 12.9461535], [92.8429326, 12.9428765], [92.8401974, 12.9481767], [92.8400109, 12.9499128], [92.8433989, 12.9567887], [92.8420257, 12.9471367], [92.8479664, 12.9481545], [92.8470225, 12.9517323], [92.8482052, 12.954166], [92.8505536, 12.9546853], [92.8481801, 12.9548779], [92.847346, 12.955468], [92.84808, 12.9598408], [92.8512788, 12.9610243], [92.8477839, 12.9557345], [92.8488139, 12.9550766], [92.8522081, 12.9552052], [92.8542083, 12.954725], [92.8494198, 12.9455711], [92.8580302, 12.9351187], [92.8706734, 12.9355918], [92.8732739, 12.9640015], [92.886059, 12.9859675], [92.8844312, 12.9930048], [92.8861753, 12.99889], [92.8830807, 13.0004214], [92.8830463, 13.0055129], [92.8864511, 12.9989307], [92.8855343, 12.9939089], [92.8860919, 12.9954412], [92.8880186, 12.9966641], [92.8902772, 12.996732], [92.8877306, 13.0000286], [92.886055, 13.0072848], [92.8905837, 12.9973038], [92.8862038, 12.9824556], [92.8960299, 12.9951776], [92.8956041, 12.9859479], [92.9061318, 12.9835663], [92.9104577, 12.9453052], [92.939326, 12.9688728], [92.9386304, 12.9723668], [92.9373994, 12.9687013], [92.936058, 12.9668347], [92.9341868, 12.9661659], [92.9330321, 12.9912945], [92.9183879, 12.9872794], [92.9128094, 13.0048285], [92.9014165, 13.0020101], [92.8942659, 13.011111], [92.9015893, 13.0024439], [92.9104683, 13.0075166], [92.9009266, 13.0139247], [92.9044394, 13.0213488], [92.8953361, 13.018083], [92.902195, 13.0227401], [92.908253, 13.0193951], [92.9211071, 13.0396902], [92.9145824, 13.0555312], [92.8970975, 13.0581498], [92.8865132, 13.0439037], [92.8725808, 13.0435209], [92.8792049, 13.0489045], [92.8700646, 13.0547992], [92.8693047, 13.0469057], [92.8635568, 13.0436513], [92.8705977, 13.0558061], [92.8634723, 13.0592263], [92.8630302, 13.0614269], [92.8655014, 13.0644402], [92.8602839, 13.0655978], [92.854591, 13.0629622], [92.8499312, 13.0633288], [92.8508173, 13.0552135], [92.8435898, 13.0508925], [92.841665, 13.0600109], [92.8494391, 13.0548523], [92.8495901, 13.0638665], [92.8596065, 13.0664248], [92.8577335, 13.0705211], [92.8479297, 13.0733035], [92.8466162, 13.0743248], [92.8462936, 13.0751381], [92.8580471, 13.0713614], [92.85363, 13.0777195], [92.8580325, 13.0799013], [92.854575, 13.0777375], [92.8665431, 13.0645529], [92.8641638, 13.059678], [92.8760507, 13.0549715], [92.8857801, 13.0453608], [92.8950649, 13.0586624], [92.9121387, 13.0667931], [92.8998261, 13.0812879], [92.898314, 13.0934505], [92.885568, 13.0923005], [92.8889674, 13.1071015], [92.8839632, 13.1062511], [92.8817131, 13.1077688], [92.8808793, 13.1048858], [92.8768807, 13.1020653], [92.8731992, 13.1034629], [92.8814871, 13.1084014], [92.888762, 13.1079261], [92.8732204, 13.1374502], [92.8729915, 13.1490809], [92.8922944, 13.1033147], [92.8871143, 13.0933401], [92.8988623, 13.0955132], [92.9008742, 13.0818665], [92.9040061, 13.0794673], [92.9100886, 13.0814508], [92.9119925, 13.0800412], [92.922593, 13.0534894], [92.9270775, 13.0557374], [92.9248259, 13.0619682], [92.9245907, 13.0648419], [92.9287229, 13.0725369], [92.9274002, 13.0559633], [92.9345513, 13.060597], [92.9337658, 13.0892348], [92.9396434, 13.0938661], [92.9381733, 13.1063958], [92.9368548, 13.1082756], [92.9376753, 13.105194], [92.9367579, 13.104462], [92.9358867, 13.104575], [92.9335218, 13.10739], [92.9335935, 13.1092929], [92.9371696, 13.1083242], [92.9381964, 13.1069109], [92.9392058, 13.1041546], [92.9435635, 13.1220409], [92.9456983, 13.1237197], [92.9413118, 13.13215], [92.9415838, 13.1333565], [92.9440506, 13.133998], [92.9392811, 13.1400304], [92.9400835, 13.1410877], [92.9429236, 13.1398857], [92.9402726, 13.1439932], [92.9400191, 13.1457329], [92.9412226, 13.145525], [92.9432925, 13.1397502], [92.9397514, 13.1401254], [92.9444517, 13.1339075], [92.946141, 13.1235144], [92.9393574, 13.0885704], [92.9406343, 13.0882586], [92.9421924, 13.0894491], [92.9455851, 13.0896568], [92.9421279, 13.0891487], [92.9409753, 13.0880779], [92.939892, 13.0880779], [92.9390854, 13.0886654], [92.9389518, 13.0910556], [92.9348998, 13.0892755], [92.9415902, 13.0789822], [92.9372938, 13.0654497], [92.9399025, 13.0632447], [92.9464734, 13.0693058], [92.9470495, 13.0693735], [92.9495523, 13.0676924], [92.9504006, 13.0700464], [92.9537702, 13.0726645], [92.9559828, 13.0728225], [92.9567309, 13.0656381], [92.9525669, 13.0699898], [92.9498656, 13.0674394], [92.9466254, 13.0688223], [92.9381417, 13.0588573], [92.9452236, 13.0557862], [92.9484724, 13.0515031], [92.9355996, 13.0528298], [92.9331958, 13.0422388], [92.9596393, 13.014228], [92.9746988, 13.0142438], [92.9664136, 13.0296865], [92.9986202, 13.0241828], [92.9910449, 13.0282413], [92.9939368, 13.0348111], [93.0034368, 13.0281557], [93.0346211, 13.0828045], [93.0301594, 13.1273552], [93.0371355, 13.170599], [93.0317544, 13.1785837], [93.0453008, 13.21001], [93.0423443, 13.2221539], [93.0568323, 13.2329062], [93.0564037, 13.2562919], [93.0658014, 13.2737825], [93.0437069, 13.2542672], [93.0397414, 13.2697693], [93.0457193, 13.2827472], [93.0335533, 13.277607], [93.0253533, 13.2825728], [93.0110923, 13.2768249], [93.0120208, 13.2955885], [93.0210082, 13.2967724], [93.0095995, 13.300606], [93.0074985, 13.2919333], [93.0051278, 13.2971859], [93.0102311, 13.3022566], [93.0025301, 13.3039078], [93.0008431, 13.2987256], [92.9950435, 13.2971188], [92.9863595, 13.2991566], [92.9971983, 13.2901868], [93.0, 13.2844261], [93.0, 13.2808543], [92.9943981, 13.2797725], [92.9987187, 13.2860113], [92.9925076, 13.2921076], [92.9865678, 13.2906414], [92.9867429, 13.2900357], [92.9904479, 13.2888544], [92.9907844, 13.2881627], [92.9810584, 13.2812473], [92.9738601, 13.2819056], [92.9806294, 13.2815323], [92.9817537, 13.2883068], [92.9842913, 13.2872074], [92.9861621, 13.2915049], [92.9905509, 13.2919051], [92.9903852, 13.2927368], [92.9862793, 13.2952788], [92.9846606, 13.2976749], [92.9828934, 13.2983988], [92.9826954, 13.299226], [92.9868127, 13.3011406], [92.9936658, 13.3013725], [92.9969723, 13.3148938], [92.9891555, 13.3174963], [92.991106, 13.3138887], [92.9886404, 13.3114583], [92.9914509, 13.3113033], [92.9922671, 13.3099063], [92.9887647, 13.3108706], [92.9847633, 13.3206395], [92.964607, 13.3283446], [92.9607041, 13.3203099], [92.9484268, 13.317376], [92.9611759, 13.3230803], [92.9519143, 13.3269432], [92.9582281, 13.327027], [92.9581584, 13.3390494], [92.9495927, 13.3415108], [92.9454045, 13.3510215], [92.9546246, 13.3442844], [92.9621104, 13.3548218], [92.9591524, 13.3569968], [92.9574318, 13.3602199], [92.953817, 13.3586256], [92.9508176, 13.3615282], [92.9730426, 13.359342], [92.9690509, 13.350173], [92.9757996, 13.3513229], [92.9841621, 13.3280159], [92.9991889, 13.3504948], [93.0314371, 13.3438968], [93.0411584, 13.3515365], [93.0363393, 13.3601705], [93.0243764, 13.357589], [93.0400537, 13.3682331], [93.0362989, 13.3698233], [93.0343255, 13.3743981], [93.0141288, 13.370737], [93.0164126, 13.3753542], [93.0088513, 13.3793521], [93.0082445, 13.3832898], [93.0038976, 13.3861362], [93.003024, 13.3877227], [93.0031801, 13.3896036], [93.0001407, 13.3818799], [92.9938292, 13.3798433], [92.9949076, 13.3763355], [92.9922552, 13.3802915], [92.9923743, 13.3783208], [92.9887267, 13.3767813], [92.9879331, 13.3777443], [92.9887508, 13.378892], [92.9858695, 13.3774605], [92.9831089, 13.3772945], [92.9796294, 13.3799174], [92.9999159, 13.3822418], [92.9992072, 13.3959498], [93.0128791, 13.3773013], [93.0378762, 13.3754075], [93.0367025, 13.3776813], [93.0384751, 13.3795989], [93.0357924, 13.3787751], [93.0354772, 13.3818902], [93.0388352, 13.3798341], [93.0399035, 13.3752364], [93.0419238, 13.3819601], [93.0470428, 13.3746102], [93.0511205, 13.3897982], [93.0684968, 13.3966296], [93.0694595, 13.4078469], [93.0583961, 13.3990235], [93.0610643, 13.4214719], [93.0463314, 13.4045631], [93.0360649, 13.4170383], [93.0390401, 13.4279128], [93.0079806, 13.4332039], [93.007508, 13.4266887], [93.0131852, 13.4251902], [93.0134036, 13.4221882], [93.007512, 13.4182069], [93.0130006, 13.4248555], [93.0076842, 13.4252284], [93.000563, 13.4324725], [93.0000578, 13.4358225], [92.9924102, 13.4326969], [92.9903897, 13.4271161], [92.9890878, 13.4274059], [92.9965193, 13.4410608], [92.9973487, 13.4363868], [93.0007089, 13.4361529], [93.0017731, 13.4325952], [93.0118596, 13.4351227], [93.0153983, 13.4337859], [93.0078676, 13.4376482], [93.012858, 13.4437315], [93.0184431, 13.4316396], [93.0315235, 13.4325987], [93.0365966, 13.4412857], [93.0298959, 13.4610771], [93.0169974, 13.4632648], [93.0144698, 13.4545966], [93.0115649, 13.4532932], [93.0051114, 13.4632822], [93.0119158, 13.4536054], [93.0144048, 13.4553155], [93.0161478, 13.4623376], [93.0186222, 13.4663037], [93.0337237, 13.4658619], [93.043165, 13.5049055], [93.0442057, 13.5297135], [93.0273295, 13.5793998], [93.0142254, 13.572233], [93.010516, 13.5486626], [93.003964, 13.565849], [92.9892381, 13.5750731], [92.9820881, 13.5694395], [92.9788637, 13.5497518], [92.9910314, 13.5390574], [92.9869958, 13.5235375], [92.9910236, 13.5232467], [92.9947359, 13.520149], [92.9943633, 13.5232272], [92.9954866, 13.5248042], [92.99817, 13.5246617], [93.0, 13.5239135], [92.9957635, 13.5244154], [92.9954055, 13.5199001], [92.9905683, 13.5178817], [92.9920069, 13.5220168], [92.9862103, 13.5230181], [92.9870347, 13.5276914], [92.9796436, 13.5269755], [92.965208, 13.5499778], [92.9455658, 13.5377802], [92.9135524, 13.5350984], [92.9144414, 13.5204273], [92.9308222, 13.5258702], [92.9326548, 13.5207761], [92.9347534, 13.5268139], [92.9380298, 13.5315858], [92.937317, 13.5263974], [92.941793, 13.5261793], [92.9451725, 13.5200813], [92.9361162, 13.5271842], [92.9329087, 13.5202518], [92.928669, 13.5233442], [92.9261465, 13.5216183], [92.9271612, 13.5146849], [92.9132575, 13.5123644], [92.9297214, 13.4960209], [92.934805, 13.5000241], [92.9304047, 13.4952027], [92.9274817, 13.4977027], [92.9294016, 13.4913657], [92.926744, 13.482544], [92.931801, 13.4823801], [92.9328213, 13.481024], [92.9276198, 13.4751316], [92.9322234, 13.4718628], [92.9263448, 13.4732517], [92.9227461, 13.4671644], [92.9195691, 13.4683175], [92.9213322, 13.4634405], [92.9203886, 13.4551516], [92.915569, 13.4634732], [92.9207872, 13.4630519], [92.9187008, 13.4678838], [92.9210615, 13.4723488], [92.9318191, 13.4807395], [92.9246931, 13.4807863], [92.9248956, 13.4989235], [92.9018622, 13.4962877], [92.9021934, 13.484984], [92.8932517, 13.4774552], [92.8972597, 13.4711002], [92.8953061, 13.4696224], [92.8970702, 13.4692924], [92.8986586, 13.4673939], [92.8982243, 13.4651477], [92.8949044, 13.4698937], [92.895528, 13.4721625], [92.8910251, 13.4691075], [92.887871, 13.4690309], [92.8910581, 13.4785174], [92.8688677, 13.4739983], [92.8708261, 13.4451313], [92.878362, 13.443346], [92.8791929, 13.435753], [92.8871532, 13.4327561], [92.8897109, 13.4278793], [92.8898353, 13.4237212], [92.898987, 13.4287644], [92.890006, 13.4230613], [92.8866822, 13.4319743], [92.8732088, 13.4363587], [92.8811321, 13.4308717], [92.8669064, 13.4220132], [92.8736151, 13.4122282], [92.8745016, 13.4020679], [92.8828992, 13.3962193], [92.8844647, 13.4069987], [92.8960202, 13.4012579], [92.8952447, 13.4028444], [92.8922854, 13.4035813], [92.8918469, 13.4043723], [92.8967877, 13.4126113], [92.8922578, 13.4040424], [92.8994275, 13.4028033], [92.8889746, 13.3948541], [92.8931251, 13.395934], [92.8990062, 13.391111], [92.898729, 13.3891404], [92.9017622, 13.3907581], [92.9032487, 13.3907218], [92.9029813, 13.3936913], [92.9039555, 13.394342], [92.9072455, 13.3826672], [92.9103435, 13.3848227], [92.9149687, 13.382535], [92.9178039, 13.3865435], [92.9210912, 13.3883372], [92.9216732, 13.3899054], [92.9247663, 13.3902077], [92.9153795, 13.3822005], [92.905976, 13.3823781], [92.9029116, 13.3899354], [92.898475, 13.3885438], [92.8938867, 13.3947814], [92.8890808, 13.3941987], [92.8857616, 13.3980361], [92.8824421, 13.3931911], [92.8798521, 13.3912658], [92.8811724, 13.3890014], [92.8816988, 13.3921968], [92.8826129, 13.3928431], [92.8835223, 13.3921516], [92.8845193, 13.3888476], [92.8823494, 13.3835145], [92.8876583, 13.3838532], [92.8851607, 13.3828364], [92.8860146, 13.3786738], [92.883337, 13.3762016], [92.885779, 13.3755281], [92.8874038, 13.3736071], [92.8872375, 13.3725405], [92.8855018, 13.3712118], [92.8878191, 13.3717134], [92.8882669, 13.3714105], [92.8878144, 13.3692501], [92.8857047, 13.3672209], [92.8791689, 13.3911122], [92.8827053, 13.3950849], [92.8729873, 13.4023934], [92.8704848, 13.4139863], [92.8536886, 13.4092986], [92.8485906, 13.4183511], [92.8420632, 13.40965], [92.8404225, 13.3884525], [92.8582378, 13.3853582], [92.8623826, 13.4012948], [92.8588749, 13.3839391], [92.8670504, 13.3907732], [92.8697372, 13.3906783], [92.8506723, 13.376264], [92.8543621, 13.3591754], [92.8478762, 13.363455], [92.8493519, 13.3778141], [92.8300158, 13.3690931], [92.8331091, 13.3382919], [92.825522, 13.3339245], [92.827667, 13.3160811], [92.8206763, 13.3105838], [92.8408175, 13.3012043], [92.8334623, 13.2959061], [92.8380413, 13.2881465], [92.8232742, 13.289649], [92.8220501, 13.2739111], [92.8110965, 13.2708262], [92.8327101, 13.2682815], [92.8377502, 13.2590213], [92.8506136, 13.2653007], [92.8494649, 13.2632306], [92.8576879, 13.2525873], [92.8566497, 13.2542505], [92.8591964, 13.2568721], [92.870007, 13.2577583], [92.8551314, 13.250589], [92.850172, 13.262173], [92.8475338, 13.2433451], [92.8390189, 13.2458958], [92.8515247, 13.2396576], [92.8548368, 13.233958], [92.8559869, 13.2195743], [92.8489437, 13.2083889], [92.8546058, 13.2096909], [92.8621186, 13.206601], [92.8638114, 13.1960811], [92.8557269, 13.1905364], [92.8579191, 13.1882096], [92.8587768, 13.1924332], [92.8592748, 13.1927042], [92.8605135, 13.1920338], [92.8631196, 13.1848251], [92.8604323, 13.191737], [92.8582778, 13.1876661], [92.8553774, 13.1907392], [92.862926, 13.1964699], [92.8612394, 13.2063784], [92.8483236, 13.2080808], [92.8551945, 13.2194697], [92.8504241, 13.238625], [92.8366806, 13.2439295], [92.8255122, 13.2371723], [92.8293472, 13.2248336], [92.8224765, 13.2167067], [92.8320012, 13.2154435], [92.8285324, 13.2104684]]], [[[92.9017813, 13.6039033], [92.8853865, 13.5976085], [92.8833292, 13.5742058], [92.9039287, 13.5944746], [92.9017813, 13.6039033]]], [[[93.015198, 13.6297695], [93.0147993, 13.6322695], [93.0144031, 13.6293261], [93.015198, 13.6297695]]], [[[93.0137819, 13.633205], [93.0134759, 13.6351715], [93.0131672, 13.6329153], [93.0137819, 13.633205]]], [[[93.0103493, 13.6384932], [93.0103723, 13.6388458], [93.010081, 13.6388547], [93.0103493, 13.6384932]]], [[[93.0342438, 13.6420518], [93.0352327, 13.6430377], [93.0348442, 13.6436525], [93.0342438, 13.6420518]]], [[[93.0333225, 13.6454513], [93.0346725, 13.645176], [93.0347413, 13.6468715], [93.0333225, 13.6454513]]], [[[93.0682529, 13.6507058], [93.0426851, 13.6426921], [93.0461272, 13.6198433], [93.0551301, 13.6426731], [93.0682529, 13.6507058]]], [[[93.1079931, 13.6557772], [93.1085385, 13.6562834], [93.1080439, 13.6565094], [93.1079931, 13.6557772]]], [[[93.1103501, 13.6574496], [93.1106829, 13.6577751], [93.1105025, 13.6579558], [93.1103501, 13.6574496]]], [[[93.1057421, 13.6577251], [93.106232, 13.6581047], [93.1059224, 13.6582313], [93.1057421, 13.6577251]]], [[[93.1073226, 13.6607398], [93.1078633, 13.6611963], [93.1073456, 13.6616483], [93.1073226, 13.6607398]]], [[[93.0297561, 13.6633439], [93.0301953, 13.6634404], [93.0297525, 13.6636069], [93.0297561, 13.6633439]]], [[[93.0262804, 13.6717662], [93.0037168, 13.6731672], [93.0098664, 13.662898], [93.0028155, 13.6726604], [92.9835483, 13.6681585], [92.9713199, 13.6496585], [92.9751065, 13.6425519], [92.9815012, 13.6493701], [92.9831933, 13.6407409], [93.001362, 13.648553], [93.0133613, 13.6433366], [93.01975, 13.6221171], [93.0325743, 13.6312186], [93.0262804, 13.6717662]]]]}}]}